2026-05-12 19:50:30 [main] INFO  com.fitness.opp.OppApplication - Starting OppApplication using Java 21.0.10 with PID 11552 (C:\Users\Dunduc George\Desktop\fitness\opp\target\classes started by Dunduc George in C:\Users\Dunduc George\Desktop\fitness)
2026-05-12 19:50:30 [main] DEBUG com.fitness.opp.OppApplication - Running with Spring Boot v3.4.1, Spring v6.2.1
2026-05-12 19:50:30 [main] INFO  com.fitness.opp.OppApplication - The following 1 profile is active: "dev"
2026-05-12 19:50:33 [main] INFO  o.s.d.r.c.RepositoryConfigurationDelegate - Bootstrapping Spring Data JPA repositories in DEFAULT mode.
2026-05-12 19:50:33 [main] INFO  o.s.d.r.c.RepositoryConfigurationDelegate - Finished Spring Data repository scanning in 92 ms. Found 6 JPA repository interfaces.
2026-05-12 19:50:35 [main] INFO  o.s.b.w.e.tomcat.TomcatWebServer - Tomcat initialized with port 8080 (http)
2026-05-12 19:50:35 [main] INFO  o.a.catalina.core.StandardService - Starting service [Tomcat]
2026-05-12 19:50:35 [main] INFO  o.a.catalina.core.StandardEngine - Starting Servlet engine: [Apache Tomcat/10.1.34]
2026-05-12 19:50:35 [main] INFO  o.a.c.c.C.[Tomcat].[localhost].[/] - Initializing Spring embedded WebApplicationContext
2026-05-12 19:50:35 [main] INFO  o.s.b.w.s.c.ServletWebServerApplicationContext - Root WebApplicationContext: initialization completed in 4586 ms
2026-05-12 19:50:36 [main] INFO  o.h.jpa.internal.util.LogHelper - HHH000204: Processing PersistenceUnitInfo [name: default]
2026-05-12 19:50:36 [main] INFO  org.hibernate.Version - HHH000412: Hibernate ORM core version 6.6.4.Final
2026-05-12 19:50:36 [main] INFO  o.h.c.i.RegionFactoryInitiator - HHH000026: Second-level cache disabled
2026-05-12 19:50:37 [main] INFO  o.s.o.j.p.SpringPersistenceUnitInfo - No LoadTimeWeaver setup: ignoring JPA class transformer
2026-05-12 19:50:37 [main] INFO  com.zaxxer.hikari.HikariDataSource - HikariPool-1 - Starting...
2026-05-12 19:50:39 [main] INFO  com.zaxxer.hikari.pool.HikariPool - HikariPool-1 - Added connection oracle.jdbc.driver.T4CConnection@123ca460
2026-05-12 19:50:39 [main] INFO  com.zaxxer.hikari.HikariDataSource - HikariPool-1 - Start completed.
2026-05-12 19:50:39 [main] WARN  org.hibernate.orm.deprecation - HHH90000025: OracleDialect does not need to be specified explicitly using 'hibernate.dialect' (remove the property setting and it will be selected by default)
2026-05-12 19:50:40 [main] INFO  o.hibernate.orm.connections.pooling - HHH10001005: Database info:
	Database JDBC URL [Connecting through datasource 'HikariDataSource (HikariPool-1)']
	Database driver: undefined/unknown
	Database version: 21.3
	Autocommit mode: undefined/unknown
	Isolation level: undefined/unknown
	Minimum pool size: undefined/unknown
	Maximum pool size: undefined/unknown
2026-05-12 19:50:43 [main] INFO  o.h.e.t.j.p.i.JtaPlatformInitiator - HHH000489: No JTA platform available (set 'hibernate.transaction.jta.platform' to enable JTA platform integration)
2026-05-12 19:50:52 [main] INFO  o.s.o.j.LocalContainerEntityManagerFactoryBean - Initialized JPA EntityManagerFactory for persistence unit 'default'
2026-05-12 19:50:52 [main] WARN  o.s.b.a.o.j.JpaBaseConfiguration$JpaWebConfiguration - spring.jpa.open-in-view is enabled by default. Therefore, database queries may be performed during view rendering. Explicitly configure spring.jpa.open-in-view to disable this warning
2026-05-12 19:50:53 [main] INFO  o.s.s.c.a.a.c.InitializeAuthenticationProviderBeanManagerConfigurer$InitializeAuthenticationProviderManagerConfigurer - Global AuthenticationManager configured with AuthenticationProvider bean with name authenticationProvider
2026-05-12 19:50:53 [main] WARN  o.s.s.c.a.a.c.InitializeUserDetailsBeanManagerConfigurer$InitializeUserDetailsManagerConfigurer - Global AuthenticationManager configured with an AuthenticationProvider bean. UserDetailsService beans will not be used by Spring Security for automatically configuring username/password login. Consider removing the AuthenticationProvider bean. Alternatively, consider using the UserDetailsService in a manually instantiated DaoAuthenticationProvider. If the current configuration is intentional, to turn off this warning, increase the logging level of 'org.springframework.security.config.annotation.authentication.configuration.InitializeUserDetailsBeanManagerConfigurer' to ERROR
2026-05-12 19:50:54 [main] INFO  o.s.b.w.e.tomcat.TomcatWebServer - Tomcat started on port 8080 (http) with context path '/'
2026-05-12 19:50:54 [main] INFO  com.fitness.opp.OppApplication - Started OppApplication in 24.853 seconds (process running for 26.703)
2026-05-12 19:50:54 [main] DEBUG org.hibernate.SQL - 
    select
        u1_0.id,
        u1_0.coach_id,
        u1_0.email,
        u1_0.nutrition_plan_id,
        u1_0.password,
        u1_0.role,
        u1_0.username 
    from
        users u1_0 
    where
        u1_0.username=?
2026-05-12 19:50:54 [main] DEBUG org.hibernate.SQL - 
    select
        up1_0.id,
        up1_0.age,
        up1_0.fitness_goal,
        up1_0.user_id,
        up1_0.weight_kg 
    from
        user_profiles up1_0 
    where
        up1_0.user_id=?
2026-05-12 19:50:54 [main] DEBUG org.hibernate.SQL - 
    select
        u1_0.id,
        c1_0.id,
        c1_0.name,
        c1_0.specialization,
        u1_0.email,
        np1_0.id,
        np1_0.calories,
        np1_0.description,
        np1_0.name,
        u1_0.password,
        p1_0.id,
        p1_0.age,
        p1_0.fitness_goal,
        p1_0.user_id,
        p1_0.weight_kg,
        u1_0.role,
        u1_0.username 
    from
        users u1_0 
    left join
        coaches c1_0 
            on c1_0.id=u1_0.coach_id 
    left join
        nutrition_plans np1_0 
            on np1_0.id=u1_0.nutrition_plan_id 
    left join
        user_profiles p1_0 
            on u1_0.id=p1_0.user_id 
    where
        u1_0.id=?
2026-05-12 19:50:54 [main] DEBUG org.hibernate.SQL - 
    delete 
    from
        users 
    where
        id=?
2026-05-12 19:50:54 [main] DEBUG org.hibernate.SQL - 
    insert 
    into
        users
        (coach_id, email, nutrition_plan_id, password, role, username, id) 
    values
        (?, ?, ?, ?, ?, ?, default)
2026-05-12 19:51:04 [http-nio-8080-exec-1] INFO  o.a.c.c.C.[Tomcat].[localhost].[/] - Initializing Spring DispatcherServlet 'dispatcherServlet'
2026-05-12 19:51:04 [http-nio-8080-exec-1] INFO  o.s.web.servlet.DispatcherServlet - Initializing Servlet 'dispatcherServlet'
2026-05-12 19:51:04 [http-nio-8080-exec-1] INFO  o.s.web.servlet.DispatcherServlet - Completed initialization in 1 ms
2026-05-12 19:51:12 [http-nio-8080-exec-4] DEBUG org.hibernate.SQL - 
    select
        u1_0.id,
        u1_0.coach_id,
        u1_0.email,
        u1_0.nutrition_plan_id,
        u1_0.password,
        u1_0.role,
        u1_0.username 
    from
        users u1_0
2026-05-12 19:51:12 [http-nio-8080-exec-4] DEBUG org.hibernate.SQL - 
    select
        up1_0.id,
        up1_0.age,
        up1_0.fitness_goal,
        up1_0.user_id,
        up1_0.weight_kg 
    from
        user_profiles up1_0 
    where
        up1_0.user_id=?
2026-05-12 19:51:12 [http-nio-8080-exec-4] DEBUG org.hibernate.SQL - 
    select
        up1_0.id,
        up1_0.age,
        up1_0.fitness_goal,
        up1_0.user_id,
        up1_0.weight_kg 
    from
        user_profiles up1_0 
    where
        up1_0.user_id=?
2026-05-12 19:51:12 [http-nio-8080-exec-4] DEBUG org.hibernate.SQL - 
    select
        up1_0.id,
        up1_0.age,
        up1_0.fitness_goal,
        up1_0.user_id,
        up1_0.weight_kg 
    from
        user_profiles up1_0 
    where
        up1_0.user_id=?
2026-05-12 19:51:12 [http-nio-8080-exec-4] DEBUG org.hibernate.SQL - 
    select
        up1_0.id,
        up1_0.age,
        up1_0.fitness_goal,
        up1_0.user_id,
        up1_0.weight_kg 
    from
        user_profiles up1_0 
    where
        up1_0.user_id=?
2026-05-12 19:51:12 [http-nio-8080-exec-4] DEBUG org.hibernate.SQL - 
    select
        up1_0.id,
        up1_0.age,
        up1_0.fitness_goal,
        up1_0.user_id,
        up1_0.weight_kg 
    from
        user_profiles up1_0 
    where
        up1_0.user_id=?
2026-05-12 19:51:12 [http-nio-8080-exec-4] DEBUG org.hibernate.SQL - 
    select
        up1_0.id,
        up1_0.age,
        up1_0.fitness_goal,
        up1_0.user_id,
        up1_0.weight_kg 
    from
        user_profiles up1_0 
    where
        up1_0.user_id=?
2026-05-12 19:51:12 [http-nio-8080-exec-4] DEBUG org.hibernate.SQL - 
    select
        up1_0.id,
        up1_0.age,
        up1_0.fitness_goal,
        up1_0.user_id,
        up1_0.weight_kg 
    from
        user_profiles up1_0 
    where
        up1_0.user_id=?
2026-05-12 19:51:12 [http-nio-8080-exec-4] DEBUG org.hibernate.SQL - 
    select
        u1_0.id,
        u1_0.coach_id,
        u1_0.email,
        u1_0.nutrition_plan_id,
        u1_0.password,
        u1_0.role,
        u1_0.username 
    from
        users u1_0
2026-05-12 19:51:12 [http-nio-8080-exec-4] DEBUG org.hibernate.SQL - 
    select
        up1_0.id,
        up1_0.age,
        up1_0.fitness_goal,
        up1_0.user_id,
        up1_0.weight_kg 
    from
        user_profiles up1_0 
    where
        up1_0.user_id=?
2026-05-12 19:51:12 [http-nio-8080-exec-4] DEBUG org.hibernate.SQL - 
    select
        up1_0.id,
        up1_0.age,
        up1_0.fitness_goal,
        up1_0.user_id,
        up1_0.weight_kg 
    from
        user_profiles up1_0 
    where
        up1_0.user_id=?
2026-05-12 19:51:12 [http-nio-8080-exec-4] DEBUG org.hibernate.SQL - 
    select
        up1_0.id,
        up1_0.age,
        up1_0.fitness_goal,
        up1_0.user_id,
        up1_0.weight_kg 
    from
        user_profiles up1_0 
    where
        up1_0.user_id=?
2026-05-12 19:51:12 [http-nio-8080-exec-4] DEBUG org.hibernate.SQL - 
    select
        up1_0.id,
        up1_0.age,
        up1_0.fitness_goal,
        up1_0.user_id,
        up1_0.weight_kg 
    from
        user_profiles up1_0 
    where
        up1_0.user_id=?
2026-05-12 19:51:12 [http-nio-8080-exec-4] DEBUG org.hibernate.SQL - 
    select
        up1_0.id,
        up1_0.age,
        up1_0.fitness_goal,
        up1_0.user_id,
        up1_0.weight_kg 
    from
        user_profiles up1_0 
    where
        up1_0.user_id=?
2026-05-12 19:51:12 [http-nio-8080-exec-4] DEBUG org.hibernate.SQL - 
    select
        up1_0.id,
        up1_0.age,
        up1_0.fitness_goal,
        up1_0.user_id,
        up1_0.weight_kg 
    from
        user_profiles up1_0 
    where
        up1_0.user_id=?
2026-05-12 19:51:12 [http-nio-8080-exec-4] DEBUG org.hibernate.SQL - 
    select
        up1_0.id,
        up1_0.age,
        up1_0.fitness_goal,
        up1_0.user_id,
        up1_0.weight_kg 
    from
        user_profiles up1_0 
    where
        up1_0.user_id=?
2026-05-12 19:51:12 [http-nio-8080-exec-5] DEBUG org.hibernate.SQL - 
    select
        u1_0.id,
        u1_0.coach_id,
        u1_0.email,
        u1_0.nutrition_plan_id,
        u1_0.password,
        u1_0.role,
        u1_0.username 
    from
        users u1_0 
    order by
        u1_0.username 
    offset
        ? rows 
    fetch
        first ? rows only
2026-05-12 19:51:12 [http-nio-8080-exec-5] DEBUG org.hibernate.SQL - 
    select
        up1_0.id,
        up1_0.age,
        up1_0.fitness_goal,
        up1_0.user_id,
        up1_0.weight_kg 
    from
        user_profiles up1_0 
    where
        up1_0.user_id=?
2026-05-12 19:51:12 [http-nio-8080-exec-5] DEBUG org.hibernate.SQL - 
    select
        up1_0.id,
        up1_0.age,
        up1_0.fitness_goal,
        up1_0.user_id,
        up1_0.weight_kg 
    from
        user_profiles up1_0 
    where
        up1_0.user_id=?
2026-05-12 19:51:12 [http-nio-8080-exec-5] DEBUG org.hibernate.SQL - 
    select
        up1_0.id,
        up1_0.age,
        up1_0.fitness_goal,
        up1_0.user_id,
        up1_0.weight_kg 
    from
        user_profiles up1_0 
    where
        up1_0.user_id=?
2026-05-12 19:51:12 [http-nio-8080-exec-5] DEBUG org.hibernate.SQL - 
    select
        up1_0.id,
        up1_0.age,
        up1_0.fitness_goal,
        up1_0.user_id,
        up1_0.weight_kg 
    from
        user_profiles up1_0 
    where
        up1_0.user_id=?
2026-05-12 19:51:12 [http-nio-8080-exec-5] DEBUG org.hibernate.SQL - 
    select
        up1_0.id,
        up1_0.age,
        up1_0.fitness_goal,
        up1_0.user_id,
        up1_0.weight_kg 
    from
        user_profiles up1_0 
    where
        up1_0.user_id=?
2026-05-12 19:51:12 [http-nio-8080-exec-5] DEBUG org.hibernate.SQL - 
    select
        count(u1_0.id) 
    from
        users u1_0
2026-05-12 19:51:16 [http-nio-8080-exec-6] DEBUG org.hibernate.SQL - 
    select
        u1_0.id,
        u1_0.coach_id,
        u1_0.email,
        u1_0.nutrition_plan_id,
        u1_0.password,
        u1_0.role,
        u1_0.username 
    from
        users u1_0 
    order by
        u1_0.username 
    offset
        ? rows 
    fetch
        first ? rows only
2026-05-12 19:51:16 [http-nio-8080-exec-6] DEBUG org.hibernate.SQL - 
    select
        up1_0.id,
        up1_0.age,
        up1_0.fitness_goal,
        up1_0.user_id,
        up1_0.weight_kg 
    from
        user_profiles up1_0 
    where
        up1_0.user_id=?
2026-05-12 19:51:16 [http-nio-8080-exec-6] DEBUG org.hibernate.SQL - 
    select
        up1_0.id,
        up1_0.age,
        up1_0.fitness_goal,
        up1_0.user_id,
        up1_0.weight_kg 
    from
        user_profiles up1_0 
    where
        up1_0.user_id=?
2026-05-12 19:51:16 [http-nio-8080-exec-9] DEBUG org.hibernate.SQL - 
    select
        u1_0.id,
        u1_0.coach_id,
        u1_0.email,
        u1_0.nutrition_plan_id,
        u1_0.password,
        u1_0.role,
        u1_0.username 
    from
        users u1_0 
    order by
        u1_0.username 
    offset
        ? rows 
    fetch
        first ? rows only
2026-05-12 19:51:16 [http-nio-8080-exec-9] DEBUG org.hibernate.SQL - 
    select
        up1_0.id,
        up1_0.age,
        up1_0.fitness_goal,
        up1_0.user_id,
        up1_0.weight_kg 
    from
        user_profiles up1_0 
    where
        up1_0.user_id=?
2026-05-12 19:51:16 [http-nio-8080-exec-9] DEBUG org.hibernate.SQL - 
    select
        up1_0.id,
        up1_0.age,
        up1_0.fitness_goal,
        up1_0.user_id,
        up1_0.weight_kg 
    from
        user_profiles up1_0 
    where
        up1_0.user_id=?
2026-05-12 19:51:16 [http-nio-8080-exec-9] DEBUG org.hibernate.SQL - 
    select
        up1_0.id,
        up1_0.age,
        up1_0.fitness_goal,
        up1_0.user_id,
        up1_0.weight_kg 
    from
        user_profiles up1_0 
    where
        up1_0.user_id=?
2026-05-12 19:51:16 [http-nio-8080-exec-9] DEBUG org.hibernate.SQL - 
    select
        up1_0.id,
        up1_0.age,
        up1_0.fitness_goal,
        up1_0.user_id,
        up1_0.weight_kg 
    from
        user_profiles up1_0 
    where
        up1_0.user_id=?
2026-05-12 19:51:16 [http-nio-8080-exec-9] DEBUG org.hibernate.SQL - 
    select
        up1_0.id,
        up1_0.age,
        up1_0.fitness_goal,
        up1_0.user_id,
        up1_0.weight_kg 
    from
        user_profiles up1_0 
    where
        up1_0.user_id=?
2026-05-12 19:51:16 [http-nio-8080-exec-9] DEBUG org.hibernate.SQL - 
    select
        count(u1_0.id) 
    from
        users u1_0
2026-05-12 19:51:20 [http-nio-8080-exec-10] DEBUG org.hibernate.SQL - 
    select
        up1_0.id,
        up1_0.age,
        up1_0.fitness_goal,
        up1_0.user_id,
        up1_0.weight_kg 
    from
        user_profiles up1_0 
    order by
        up1_0.id 
    offset
        ? rows 
    fetch
        first ? rows only
2026-05-12 19:51:20 [http-nio-8080-exec-10] DEBUG org.hibernate.SQL - 
    select
        u1_0.id,
        c1_0.id,
        c1_0.name,
        c1_0.specialization,
        u1_0.email,
        np1_0.id,
        np1_0.calories,
        np1_0.description,
        np1_0.name,
        u1_0.password,
        p1_0.id,
        p1_0.age,
        p1_0.fitness_goal,
        p1_0.user_id,
        p1_0.weight_kg,
        u1_0.role,
        u1_0.username 
    from
        users u1_0 
    left join
        coaches c1_0 
            on c1_0.id=u1_0.coach_id 
    left join
        nutrition_plans np1_0 
            on np1_0.id=u1_0.nutrition_plan_id 
    left join
        user_profiles p1_0 
            on u1_0.id=p1_0.user_id 
    where
        u1_0.id=?
2026-05-12 19:51:21 [http-nio-8080-exec-1] DEBUG org.hibernate.SQL - 
    select
        c1_0.id,
        c1_0.name,
        c1_0.specialization 
    from
        coaches c1_0 
    order by
        c1_0.name 
    offset
        ? rows 
    fetch
        first ? rows only
2026-05-12 19:51:21 [http-nio-8080-exec-2] DEBUG org.hibernate.SQL - 
    select
        wg1_0.id,
        wg1_0.category,
        wg1_0.description,
        wg1_0.name 
    from
        workout_groups wg1_0 
    order by
        wg1_0.name 
    offset
        ? rows 
    fetch
        first ? rows only
2026-05-12 19:51:22 [http-nio-8080-exec-4] DEBUG org.hibernate.SQL - 
    select
        e1_0.id,
        e1_0.description,
        e1_0.duration,
        e1_0.muscle_group,
        e1_0.name,
        e1_0.reps,
        e1_0.sets 
    from
        exercises e1_0
2026-05-12 19:51:22 [http-nio-8080-exec-5] DEBUG org.hibernate.SQL - 
    select
        np1_0.id,
        np1_0.calories,
        np1_0.description,
        np1_0.name 
    from
        nutrition_plans np1_0 
    order by
        np1_0.name 
    offset
        ? rows 
    fetch
        first ? rows only
2026-05-12 19:51:23 [http-nio-8080-exec-7] DEBUG org.hibernate.SQL - 
    select
        e1_0.id,
        e1_0.description,
        e1_0.duration,
        e1_0.muscle_group,
        e1_0.name,
        e1_0.reps,
        e1_0.sets 
    from
        exercises e1_0
2026-05-12 19:51:24 [http-nio-8080-exec-6] DEBUG org.hibernate.SQL - 
    select
        np1_0.id,
        np1_0.calories,
        np1_0.description,
        np1_0.name 
    from
        nutrition_plans np1_0 
    order by
        np1_0.name 
    offset
        ? rows 
    fetch
        first ? rows only
2026-05-12 19:51:25 [http-nio-8080-exec-8] DEBUG org.hibernate.SQL - 
    select
        wg1_0.id,
        wg1_0.category,
        wg1_0.description,
        wg1_0.name 
    from
        workout_groups wg1_0 
    order by
        wg1_0.name 
    offset
        ? rows 
    fetch
        first ? rows only
2026-05-12 19:51:25 [http-nio-8080-exec-9] DEBUG org.hibernate.SQL - 
    select
        e1_0.id,
        e1_0.description,
        e1_0.duration,
        e1_0.muscle_group,
        e1_0.name,
        e1_0.reps,
        e1_0.sets 
    from
        exercises e1_0
2026-05-12 19:51:26 [http-nio-8080-exec-10] DEBUG org.hibernate.SQL - 
    select
        up1_0.id,
        up1_0.age,
        up1_0.fitness_goal,
        up1_0.user_id,
        up1_0.weight_kg 
    from
        user_profiles up1_0 
    order by
        up1_0.id 
    offset
        ? rows 
    fetch
        first ? rows only
2026-05-12 19:51:26 [http-nio-8080-exec-10] DEBUG org.hibernate.SQL - 
    select
        u1_0.id,
        c1_0.id,
        c1_0.name,
        c1_0.specialization,
        u1_0.email,
        np1_0.id,
        np1_0.calories,
        np1_0.description,
        np1_0.name,
        u1_0.password,
        p1_0.id,
        p1_0.age,
        p1_0.fitness_goal,
        p1_0.user_id,
        p1_0.weight_kg,
        u1_0.role,
        u1_0.username 
    from
        users u1_0 
    left join
        coaches c1_0 
            on c1_0.id=u1_0.coach_id 
    left join
        nutrition_plans np1_0 
            on np1_0.id=u1_0.nutrition_plan_id 
    left join
        user_profiles p1_0 
            on u1_0.id=p1_0.user_id 
    where
        u1_0.id=?
2026-05-12 19:51:26 [http-nio-8080-exec-1] DEBUG org.hibernate.SQL - 
    select
        u1_0.id,
        u1_0.coach_id,
        u1_0.email,
        u1_0.nutrition_plan_id,
        u1_0.password,
        u1_0.role,
        u1_0.username 
    from
        users u1_0 
    order by
        u1_0.username 
    offset
        ? rows 
    fetch
        first ? rows only
2026-05-12 19:51:26 [http-nio-8080-exec-1] DEBUG org.hibernate.SQL - 
    select
        up1_0.id,
        up1_0.age,
        up1_0.fitness_goal,
        up1_0.user_id,
        up1_0.weight_kg 
    from
        user_profiles up1_0 
    where
        up1_0.user_id=?
2026-05-12 19:51:26 [http-nio-8080-exec-1] DEBUG org.hibernate.SQL - 
    select
        up1_0.id,
        up1_0.age,
        up1_0.fitness_goal,
        up1_0.user_id,
        up1_0.weight_kg 
    from
        user_profiles up1_0 
    where
        up1_0.user_id=?
2026-05-12 19:51:26 [http-nio-8080-exec-1] DEBUG org.hibernate.SQL - 
    select
        up1_0.id,
        up1_0.age,
        up1_0.fitness_goal,
        up1_0.user_id,
        up1_0.weight_kg 
    from
        user_profiles up1_0 
    where
        up1_0.user_id=?
2026-05-12 19:51:26 [http-nio-8080-exec-1] DEBUG org.hibernate.SQL - 
    select
        up1_0.id,
        up1_0.age,
        up1_0.fitness_goal,
        up1_0.user_id,
        up1_0.weight_kg 
    from
        user_profiles up1_0 
    where
        up1_0.user_id=?
2026-05-12 19:51:26 [http-nio-8080-exec-1] DEBUG org.hibernate.SQL - 
    select
        up1_0.id,
        up1_0.age,
        up1_0.fitness_goal,
        up1_0.user_id,
        up1_0.weight_kg 
    from
        user_profiles up1_0 
    where
        up1_0.user_id=?
2026-05-12 19:51:26 [http-nio-8080-exec-1] DEBUG org.hibernate.SQL - 
    select
        count(u1_0.id) 
    from
        users u1_0
2026-05-12 19:51:27 [http-nio-8080-exec-2] DEBUG org.hibernate.SQL - 
    select
        up1_0.id,
        up1_0.age,
        up1_0.fitness_goal,
        up1_0.user_id,
        up1_0.weight_kg 
    from
        user_profiles up1_0 
    order by
        up1_0.id 
    offset
        ? rows 
    fetch
        first ? rows only
2026-05-12 19:51:27 [http-nio-8080-exec-2] DEBUG org.hibernate.SQL - 
    select
        u1_0.id,
        c1_0.id,
        c1_0.name,
        c1_0.specialization,
        u1_0.email,
        np1_0.id,
        np1_0.calories,
        np1_0.description,
        np1_0.name,
        u1_0.password,
        p1_0.id,
        p1_0.age,
        p1_0.fitness_goal,
        p1_0.user_id,
        p1_0.weight_kg,
        u1_0.role,
        u1_0.username 
    from
        users u1_0 
    left join
        coaches c1_0 
            on c1_0.id=u1_0.coach_id 
    left join
        nutrition_plans np1_0 
            on np1_0.id=u1_0.nutrition_plan_id 
    left join
        user_profiles p1_0 
            on u1_0.id=p1_0.user_id 
    where
        u1_0.id=?
2026-05-12 19:51:28 [http-nio-8080-exec-4] DEBUG org.hibernate.SQL - 
    select
        c1_0.id,
        c1_0.name,
        c1_0.specialization 
    from
        coaches c1_0 
    order by
        c1_0.name 
    offset
        ? rows 
    fetch
        first ? rows only
2026-05-12 19:51:29 [http-nio-8080-exec-5] DEBUG org.hibernate.SQL - 
    select
        wg1_0.id,
        wg1_0.category,
        wg1_0.description,
        wg1_0.name 
    from
        workout_groups wg1_0 
    order by
        wg1_0.name 
    offset
        ? rows 
    fetch
        first ? rows only
2026-05-12 19:51:30 [http-nio-8080-exec-7] DEBUG org.hibernate.SQL - 
    select
        e1_0.id,
        e1_0.description,
        e1_0.duration,
        e1_0.muscle_group,
        e1_0.name,
        e1_0.reps,
        e1_0.sets 
    from
        exercises e1_0
2026-05-12 19:51:30 [http-nio-8080-exec-6] DEBUG org.hibernate.SQL - 
    select
        np1_0.id,
        np1_0.calories,
        np1_0.description,
        np1_0.name 
    from
        nutrition_plans np1_0 
    order by
        np1_0.name 
    offset
        ? rows 
    fetch
        first ? rows only
2026-05-12 19:51:31 [http-nio-8080-exec-8] DEBUG org.hibernate.SQL - 
    select
        up1_0.id,
        up1_0.age,
        up1_0.fitness_goal,
        up1_0.user_id,
        up1_0.weight_kg 
    from
        user_profiles up1_0 
    order by
        up1_0.id 
    offset
        ? rows 
    fetch
        first ? rows only
2026-05-12 19:51:31 [http-nio-8080-exec-8] DEBUG org.hibernate.SQL - 
    select
        u1_0.id,
        c1_0.id,
        c1_0.name,
        c1_0.specialization,
        u1_0.email,
        np1_0.id,
        np1_0.calories,
        np1_0.description,
        np1_0.name,
        u1_0.password,
        p1_0.id,
        p1_0.age,
        p1_0.fitness_goal,
        p1_0.user_id,
        p1_0.weight_kg,
        u1_0.role,
        u1_0.username 
    from
        users u1_0 
    left join
        coaches c1_0 
            on c1_0.id=u1_0.coach_id 
    left join
        nutrition_plans np1_0 
            on np1_0.id=u1_0.nutrition_plan_id 
    left join
        user_profiles p1_0 
            on u1_0.id=p1_0.user_id 
    where
        u1_0.id=?
2026-05-12 19:51:32 [http-nio-8080-exec-9] DEBUG org.hibernate.SQL - 
    select
        u1_0.id,
        u1_0.coach_id,
        u1_0.email,
        u1_0.nutrition_plan_id,
        u1_0.password,
        u1_0.role,
        u1_0.username 
    from
        users u1_0 
    order by
        u1_0.username 
    offset
        ? rows 
    fetch
        first ? rows only
2026-05-12 19:51:32 [http-nio-8080-exec-9] DEBUG org.hibernate.SQL - 
    select
        up1_0.id,
        up1_0.age,
        up1_0.fitness_goal,
        up1_0.user_id,
        up1_0.weight_kg 
    from
        user_profiles up1_0 
    where
        up1_0.user_id=?
2026-05-12 19:51:32 [http-nio-8080-exec-9] DEBUG org.hibernate.SQL - 
    select
        up1_0.id,
        up1_0.age,
        up1_0.fitness_goal,
        up1_0.user_id,
        up1_0.weight_kg 
    from
        user_profiles up1_0 
    where
        up1_0.user_id=?
2026-05-12 19:51:32 [http-nio-8080-exec-9] DEBUG org.hibernate.SQL - 
    select
        up1_0.id,
        up1_0.age,
        up1_0.fitness_goal,
        up1_0.user_id,
        up1_0.weight_kg 
    from
        user_profiles up1_0 
    where
        up1_0.user_id=?
2026-05-12 19:51:32 [http-nio-8080-exec-9] DEBUG org.hibernate.SQL - 
    select
        up1_0.id,
        up1_0.age,
        up1_0.fitness_goal,
        up1_0.user_id,
        up1_0.weight_kg 
    from
        user_profiles up1_0 
    where
        up1_0.user_id=?
2026-05-12 19:51:32 [http-nio-8080-exec-9] DEBUG org.hibernate.SQL - 
    select
        up1_0.id,
        up1_0.age,
        up1_0.fitness_goal,
        up1_0.user_id,
        up1_0.weight_kg 
    from
        user_profiles up1_0 
    where
        up1_0.user_id=?
2026-05-12 19:51:32 [http-nio-8080-exec-9] DEBUG org.hibernate.SQL - 
    select
        count(u1_0.id) 
    from
        users u1_0
2026-05-12 19:51:33 [http-nio-8080-exec-1] DEBUG org.hibernate.SQL - 
    select
        up1_0.id,
        up1_0.age,
        up1_0.fitness_goal,
        up1_0.user_id,
        up1_0.weight_kg 
    from
        user_profiles up1_0 
    order by
        up1_0.id 
    offset
        ? rows 
    fetch
        first ? rows only
2026-05-12 19:51:33 [http-nio-8080-exec-1] DEBUG org.hibernate.SQL - 
    select
        u1_0.id,
        c1_0.id,
        c1_0.name,
        c1_0.specialization,
        u1_0.email,
        np1_0.id,
        np1_0.calories,
        np1_0.description,
        np1_0.name,
        u1_0.password,
        p1_0.id,
        p1_0.age,
        p1_0.fitness_goal,
        p1_0.user_id,
        p1_0.weight_kg,
        u1_0.role,
        u1_0.username 
    from
        users u1_0 
    left join
        coaches c1_0 
            on c1_0.id=u1_0.coach_id 
    left join
        nutrition_plans np1_0 
            on np1_0.id=u1_0.nutrition_plan_id 
    left join
        user_profiles p1_0 
            on u1_0.id=p1_0.user_id 
    where
        u1_0.id=?
2026-05-12 19:51:34 [http-nio-8080-exec-2] DEBUG org.hibernate.SQL - 
    select
        u1_0.id,
        u1_0.coach_id,
        u1_0.email,
        u1_0.nutrition_plan_id,
        u1_0.password,
        u1_0.role,
        u1_0.username 
    from
        users u1_0 
    order by
        u1_0.username 
    offset
        ? rows 
    fetch
        first ? rows only
2026-05-12 19:51:34 [http-nio-8080-exec-2] DEBUG org.hibernate.SQL - 
    select
        up1_0.id,
        up1_0.age,
        up1_0.fitness_goal,
        up1_0.user_id,
        up1_0.weight_kg 
    from
        user_profiles up1_0 
    where
        up1_0.user_id=?
2026-05-12 19:51:34 [http-nio-8080-exec-2] DEBUG org.hibernate.SQL - 
    select
        up1_0.id,
        up1_0.age,
        up1_0.fitness_goal,
        up1_0.user_id,
        up1_0.weight_kg 
    from
        user_profiles up1_0 
    where
        up1_0.user_id=?
2026-05-12 19:51:34 [http-nio-8080-exec-2] DEBUG org.hibernate.SQL - 
    select
        up1_0.id,
        up1_0.age,
        up1_0.fitness_goal,
        up1_0.user_id,
        up1_0.weight_kg 
    from
        user_profiles up1_0 
    where
        up1_0.user_id=?
2026-05-12 19:51:34 [http-nio-8080-exec-2] DEBUG org.hibernate.SQL - 
    select
        up1_0.id,
        up1_0.age,
        up1_0.fitness_goal,
        up1_0.user_id,
        up1_0.weight_kg 
    from
        user_profiles up1_0 
    where
        up1_0.user_id=?
2026-05-12 19:51:34 [http-nio-8080-exec-2] DEBUG org.hibernate.SQL - 
    select
        up1_0.id,
        up1_0.age,
        up1_0.fitness_goal,
        up1_0.user_id,
        up1_0.weight_kg 
    from
        user_profiles up1_0 
    where
        up1_0.user_id=?
2026-05-12 19:51:34 [http-nio-8080-exec-2] DEBUG org.hibernate.SQL - 
    select
        count(u1_0.id) 
    from
        users u1_0
2026-05-12 19:53:09 [SpringApplicationShutdownHook] INFO  o.s.b.w.e.tomcat.GracefulShutdown - Commencing graceful shutdown. Waiting for active requests to complete
2026-05-12 19:53:09 [tomcat-shutdown] INFO  o.s.b.w.e.tomcat.GracefulShutdown - Graceful shutdown complete
2026-05-12 19:53:09 [SpringApplicationShutdownHook] INFO  o.s.o.j.LocalContainerEntityManagerFactoryBean - Closing JPA EntityManagerFactory for persistence unit 'default'
2026-05-12 19:53:09 [SpringApplicationShutdownHook] INFO  com.zaxxer.hikari.HikariDataSource - HikariPool-1 - Shutdown initiated...
2026-05-12 19:53:10 [SpringApplicationShutdownHook] INFO  com.zaxxer.hikari.HikariDataSource - HikariPool-1 - Shutdown completed.
2026-05-14 20:07:26 [main] INFO  com.fitness.opp.OppApplication - Starting OppApplication using Java 21.0.10 with PID 13192 (C:\Users\Dunduc George\Desktop\fitness\opp\target\classes started by Dunduc George in C:\Users\Dunduc George\Desktop\fitness)
2026-05-14 20:07:26 [main] DEBUG com.fitness.opp.OppApplication - Running with Spring Boot v3.4.1, Spring v6.2.1
2026-05-14 20:07:26 [main] INFO  com.fitness.opp.OppApplication - The following 1 profile is active: "dev"
2026-05-14 20:07:30 [main] INFO  o.s.d.r.c.RepositoryConfigurationDelegate - Bootstrapping Spring Data JPA repositories in DEFAULT mode.
2026-05-14 20:07:30 [main] INFO  o.s.d.r.c.RepositoryConfigurationDelegate - Finished Spring Data repository scanning in 85 ms. Found 6 JPA repository interfaces.
2026-05-14 20:07:31 [main] INFO  o.s.b.w.e.tomcat.TomcatWebServer - Tomcat initialized with port 8080 (http)
2026-05-14 20:07:31 [main] INFO  o.a.catalina.core.StandardService - Starting service [Tomcat]
2026-05-14 20:07:31 [main] INFO  o.a.catalina.core.StandardEngine - Starting Servlet engine: [Apache Tomcat/10.1.34]
2026-05-14 20:07:31 [main] INFO  o.a.c.c.C.[Tomcat].[localhost].[/] - Initializing Spring embedded WebApplicationContext
2026-05-14 20:07:31 [main] INFO  o.s.b.w.s.c.ServletWebServerApplicationContext - Root WebApplicationContext: initialization completed in 4876 ms
2026-05-14 20:07:33 [main] INFO  o.h.jpa.internal.util.LogHelper - HHH000204: Processing PersistenceUnitInfo [name: default]
2026-05-14 20:07:33 [main] INFO  org.hibernate.Version - HHH000412: Hibernate ORM core version 6.6.4.Final
2026-05-14 20:07:33 [main] INFO  o.h.c.i.RegionFactoryInitiator - HHH000026: Second-level cache disabled
2026-05-14 20:07:34 [main] INFO  o.s.o.j.p.SpringPersistenceUnitInfo - No LoadTimeWeaver setup: ignoring JPA class transformer
2026-05-14 20:07:34 [main] INFO  com.zaxxer.hikari.HikariDataSource - HikariPool-1 - Starting...
2026-05-14 20:07:35 [main] INFO  com.zaxxer.hikari.pool.HikariPool - HikariPool-1 - Added connection oracle.jdbc.driver.T4CConnection@574ebdaf
2026-05-14 20:07:35 [main] INFO  com.zaxxer.hikari.HikariDataSource - HikariPool-1 - Start completed.
2026-05-14 20:07:36 [main] WARN  org.hibernate.orm.deprecation - HHH90000025: OracleDialect does not need to be specified explicitly using 'hibernate.dialect' (remove the property setting and it will be selected by default)
2026-05-14 20:07:36 [main] INFO  o.hibernate.orm.connections.pooling - HHH10001005: Database info:
	Database JDBC URL [Connecting through datasource 'HikariDataSource (HikariPool-1)']
	Database driver: undefined/unknown
	Database version: 21.3
	Autocommit mode: undefined/unknown
	Isolation level: undefined/unknown
	Minimum pool size: undefined/unknown
	Maximum pool size: undefined/unknown
2026-05-14 20:07:39 [main] INFO  o.h.e.t.j.p.i.JtaPlatformInitiator - HHH000489: No JTA platform available (set 'hibernate.transaction.jta.platform' to enable JTA platform integration)
2026-05-14 20:07:41 [main] DEBUG org.hibernate.SQL - 
    alter table users 
       add workout_group_id number(19,0)
2026-05-14 20:07:45 [main] DEBUG org.hibernate.SQL - 
    alter table users 
       add constraint FKmaauwgeq8v0fn9j40fbplgsym 
       foreign key (workout_group_id) 
       references workout_groups
2026-05-14 20:07:48 [main] INFO  o.s.o.j.LocalContainerEntityManagerFactoryBean - Initialized JPA EntityManagerFactory for persistence unit 'default'
2026-05-14 20:07:48 [main] WARN  o.s.b.a.o.j.JpaBaseConfiguration$JpaWebConfiguration - spring.jpa.open-in-view is enabled by default. Therefore, database queries may be performed during view rendering. Explicitly configure spring.jpa.open-in-view to disable this warning
2026-05-14 20:07:49 [main] INFO  o.s.s.c.a.a.c.InitializeAuthenticationProviderBeanManagerConfigurer$InitializeAuthenticationProviderManagerConfigurer - Global AuthenticationManager configured with AuthenticationProvider bean with name authenticationProvider
2026-05-14 20:07:49 [main] WARN  o.s.s.c.a.a.c.InitializeUserDetailsBeanManagerConfigurer$InitializeUserDetailsManagerConfigurer - Global AuthenticationManager configured with an AuthenticationProvider bean. UserDetailsService beans will not be used by Spring Security for automatically configuring username/password login. Consider removing the AuthenticationProvider bean. Alternatively, consider using the UserDetailsService in a manually instantiated DaoAuthenticationProvider. If the current configuration is intentional, to turn off this warning, increase the logging level of 'org.springframework.security.config.annotation.authentication.configuration.InitializeUserDetailsBeanManagerConfigurer' to ERROR
2026-05-14 20:07:50 [main] INFO  o.s.b.w.e.tomcat.TomcatWebServer - Tomcat started on port 8080 (http) with context path '/'
2026-05-14 20:07:50 [main] INFO  com.fitness.opp.OppApplication - Started OppApplication in 26.79 seconds (process running for 29.894)
2026-05-14 20:07:50 [main] DEBUG org.hibernate.SQL - 
    select
        u1_0.id,
        u1_0.coach_id,
        u1_0.email,
        u1_0.nutrition_plan_id,
        u1_0.password,
        u1_0.role,
        u1_0.username,
        u1_0.workout_group_id 
    from
        users u1_0 
    where
        u1_0.username=?
2026-05-14 20:07:50 [main] DEBUG org.hibernate.SQL - 
    select
        up1_0.id,
        up1_0.age,
        up1_0.fitness_goal,
        up1_0.user_id,
        up1_0.weight_kg 
    from
        user_profiles up1_0 
    where
        up1_0.user_id=?
2026-05-14 20:07:50 [main] DEBUG org.hibernate.SQL - 
    select
        u1_0.id,
        c1_0.id,
        c1_0.name,
        c1_0.specialization,
        u1_0.email,
        np1_0.id,
        np1_0.calories,
        np1_0.description,
        np1_0.name,
        u1_0.password,
        p1_0.id,
        p1_0.age,
        p1_0.fitness_goal,
        p1_0.user_id,
        p1_0.weight_kg,
        u1_0.role,
        u1_0.username,
        wg1_0.id,
        wg1_0.category,
        wg1_0.description,
        wg1_0.name 
    from
        users u1_0 
    left join
        coaches c1_0 
            on c1_0.id=u1_0.coach_id 
    left join
        nutrition_plans np1_0 
            on np1_0.id=u1_0.nutrition_plan_id 
    left join
        user_profiles p1_0 
            on u1_0.id=p1_0.user_id 
    left join
        workout_groups wg1_0 
            on wg1_0.id=u1_0.workout_group_id 
    where
        u1_0.id=?
2026-05-14 20:07:50 [main] DEBUG org.hibernate.SQL - 
    delete 
    from
        users 
    where
        id=?
2026-05-14 20:07:50 [main] DEBUG org.hibernate.SQL - 
    insert 
    into
        users
        (coach_id, email, nutrition_plan_id, password, role, username, workout_group_id, id) 
    values
        (?, ?, ?, ?, ?, ?, ?, default)
2026-05-14 20:08:27 [http-nio-8080-exec-3] INFO  o.a.c.c.C.[Tomcat].[localhost].[/] - Initializing Spring DispatcherServlet 'dispatcherServlet'
2026-05-14 20:08:27 [http-nio-8080-exec-3] INFO  o.s.web.servlet.DispatcherServlet - Initializing Servlet 'dispatcherServlet'
2026-05-14 20:08:27 [http-nio-8080-exec-3] INFO  o.s.web.servlet.DispatcherServlet - Completed initialization in 1 ms
2026-05-14 20:08:31 [http-nio-8080-exec-4] DEBUG org.hibernate.SQL - 
    select
        u1_0.id,
        u1_0.coach_id,
        u1_0.email,
        u1_0.nutrition_plan_id,
        u1_0.password,
        u1_0.role,
        u1_0.username,
        u1_0.workout_group_id 
    from
        users u1_0
2026-05-14 20:08:31 [http-nio-8080-exec-4] DEBUG org.hibernate.SQL - 
    select
        up1_0.id,
        up1_0.age,
        up1_0.fitness_goal,
        up1_0.user_id,
        up1_0.weight_kg 
    from
        user_profiles up1_0 
    where
        up1_0.user_id=?
2026-05-14 20:08:31 [http-nio-8080-exec-4] DEBUG org.hibernate.SQL - 
    select
        up1_0.id,
        up1_0.age,
        up1_0.fitness_goal,
        up1_0.user_id,
        up1_0.weight_kg 
    from
        user_profiles up1_0 
    where
        up1_0.user_id=?
2026-05-14 20:08:31 [http-nio-8080-exec-4] DEBUG org.hibernate.SQL - 
    select
        up1_0.id,
        up1_0.age,
        up1_0.fitness_goal,
        up1_0.user_id,
        up1_0.weight_kg 
    from
        user_profiles up1_0 
    where
        up1_0.user_id=?
2026-05-14 20:08:31 [http-nio-8080-exec-4] DEBUG org.hibernate.SQL - 
    select
        up1_0.id,
        up1_0.age,
        up1_0.fitness_goal,
        up1_0.user_id,
        up1_0.weight_kg 
    from
        user_profiles up1_0 
    where
        up1_0.user_id=?
2026-05-14 20:08:31 [http-nio-8080-exec-4] DEBUG org.hibernate.SQL - 
    select
        up1_0.id,
        up1_0.age,
        up1_0.fitness_goal,
        up1_0.user_id,
        up1_0.weight_kg 
    from
        user_profiles up1_0 
    where
        up1_0.user_id=?
2026-05-14 20:08:31 [http-nio-8080-exec-4] DEBUG org.hibernate.SQL - 
    select
        up1_0.id,
        up1_0.age,
        up1_0.fitness_goal,
        up1_0.user_id,
        up1_0.weight_kg 
    from
        user_profiles up1_0 
    where
        up1_0.user_id=?
2026-05-14 20:08:31 [http-nio-8080-exec-4] DEBUG org.hibernate.SQL - 
    select
        up1_0.id,
        up1_0.age,
        up1_0.fitness_goal,
        up1_0.user_id,
        up1_0.weight_kg 
    from
        user_profiles up1_0 
    where
        up1_0.user_id=?
2026-05-14 20:08:31 [http-nio-8080-exec-5] DEBUG org.hibernate.SQL - 
    select
        u1_0.id,
        u1_0.coach_id,
        u1_0.email,
        u1_0.nutrition_plan_id,
        u1_0.password,
        u1_0.role,
        u1_0.username,
        u1_0.workout_group_id 
    from
        users u1_0 
    order by
        u1_0.username 
    offset
        ? rows 
    fetch
        first ? rows only
2026-05-14 20:08:31 [http-nio-8080-exec-5] DEBUG org.hibernate.SQL - 
    select
        up1_0.id,
        up1_0.age,
        up1_0.fitness_goal,
        up1_0.user_id,
        up1_0.weight_kg 
    from
        user_profiles up1_0 
    where
        up1_0.user_id=?
2026-05-14 20:08:31 [http-nio-8080-exec-5] DEBUG org.hibernate.SQL - 
    select
        up1_0.id,
        up1_0.age,
        up1_0.fitness_goal,
        up1_0.user_id,
        up1_0.weight_kg 
    from
        user_profiles up1_0 
    where
        up1_0.user_id=?
2026-05-14 20:08:31 [http-nio-8080-exec-5] DEBUG org.hibernate.SQL - 
    select
        up1_0.id,
        up1_0.age,
        up1_0.fitness_goal,
        up1_0.user_id,
        up1_0.weight_kg 
    from
        user_profiles up1_0 
    where
        up1_0.user_id=?
2026-05-14 20:08:31 [http-nio-8080-exec-5] DEBUG org.hibernate.SQL - 
    select
        up1_0.id,
        up1_0.age,
        up1_0.fitness_goal,
        up1_0.user_id,
        up1_0.weight_kg 
    from
        user_profiles up1_0 
    where
        up1_0.user_id=?
2026-05-14 20:08:31 [http-nio-8080-exec-5] DEBUG org.hibernate.SQL - 
    select
        up1_0.id,
        up1_0.age,
        up1_0.fitness_goal,
        up1_0.user_id,
        up1_0.weight_kg 
    from
        user_profiles up1_0 
    where
        up1_0.user_id=?
2026-05-14 20:08:31 [http-nio-8080-exec-5] DEBUG org.hibernate.SQL - 
    select
        count(u1_0.id) 
    from
        users u1_0
2026-05-14 20:08:35 [http-nio-8080-exec-6] DEBUG org.hibernate.SQL - 
    select
        wg1_0.id,
        wg1_0.category,
        wg1_0.description,
        wg1_0.name 
    from
        workout_groups wg1_0 
    order by
        wg1_0.name 
    offset
        ? rows 
    fetch
        first ? rows only
2026-05-14 20:08:37 [http-nio-8080-exec-8] DEBUG org.hibernate.SQL - 
    select
        u1_0.id,
        u1_0.coach_id,
        u1_0.email,
        u1_0.nutrition_plan_id,
        u1_0.password,
        u1_0.role,
        u1_0.username,
        u1_0.workout_group_id 
    from
        users u1_0 
    order by
        u1_0.username 
    offset
        ? rows 
    fetch
        first ? rows only
2026-05-14 20:08:37 [http-nio-8080-exec-8] DEBUG org.hibernate.SQL - 
    select
        up1_0.id,
        up1_0.age,
        up1_0.fitness_goal,
        up1_0.user_id,
        up1_0.weight_kg 
    from
        user_profiles up1_0 
    where
        up1_0.user_id=?
2026-05-14 20:08:37 [http-nio-8080-exec-8] DEBUG org.hibernate.SQL - 
    select
        up1_0.id,
        up1_0.age,
        up1_0.fitness_goal,
        up1_0.user_id,
        up1_0.weight_kg 
    from
        user_profiles up1_0 
    where
        up1_0.user_id=?
2026-05-14 20:08:37 [http-nio-8080-exec-8] DEBUG org.hibernate.SQL - 
    select
        up1_0.id,
        up1_0.age,
        up1_0.fitness_goal,
        up1_0.user_id,
        up1_0.weight_kg 
    from
        user_profiles up1_0 
    where
        up1_0.user_id=?
2026-05-14 20:08:37 [http-nio-8080-exec-8] DEBUG org.hibernate.SQL - 
    select
        up1_0.id,
        up1_0.age,
        up1_0.fitness_goal,
        up1_0.user_id,
        up1_0.weight_kg 
    from
        user_profiles up1_0 
    where
        up1_0.user_id=?
2026-05-14 20:08:37 [http-nio-8080-exec-8] DEBUG org.hibernate.SQL - 
    select
        up1_0.id,
        up1_0.age,
        up1_0.fitness_goal,
        up1_0.user_id,
        up1_0.weight_kg 
    from
        user_profiles up1_0 
    where
        up1_0.user_id=?
2026-05-14 20:08:37 [http-nio-8080-exec-8] DEBUG org.hibernate.SQL - 
    select
        count(u1_0.id) 
    from
        users u1_0
2026-05-14 20:08:40 [http-nio-8080-exec-3] DEBUG org.hibernate.SQL - 
    select
        up1_0.id,
        up1_0.age,
        up1_0.fitness_goal,
        up1_0.user_id,
        up1_0.weight_kg 
    from
        user_profiles up1_0 
    order by
        up1_0.id 
    offset
        ? rows 
    fetch
        first ? rows only
2026-05-14 20:08:40 [http-nio-8080-exec-3] DEBUG org.hibernate.SQL - 
    select
        u1_0.id,
        c1_0.id,
        c1_0.name,
        c1_0.specialization,
        u1_0.email,
        np1_0.id,
        np1_0.calories,
        np1_0.description,
        np1_0.name,
        u1_0.password,
        p1_0.id,
        p1_0.age,
        p1_0.fitness_goal,
        p1_0.user_id,
        p1_0.weight_kg,
        u1_0.role,
        u1_0.username,
        wg1_0.id,
        wg1_0.category,
        wg1_0.description,
        wg1_0.name 
    from
        users u1_0 
    left join
        coaches c1_0 
            on c1_0.id=u1_0.coach_id 
    left join
        nutrition_plans np1_0 
            on np1_0.id=u1_0.nutrition_plan_id 
    left join
        user_profiles p1_0 
            on u1_0.id=p1_0.user_id 
    left join
        workout_groups wg1_0 
            on wg1_0.id=u1_0.workout_group_id 
    where
        u1_0.id=?
2026-05-14 20:08:41 [http-nio-8080-exec-1] DEBUG org.hibernate.SQL - 
    select
        u1_0.id,
        u1_0.coach_id,
        u1_0.email,
        u1_0.nutrition_plan_id,
        u1_0.password,
        u1_0.role,
        u1_0.username,
        u1_0.workout_group_id 
    from
        users u1_0 
    order by
        u1_0.username 
    offset
        ? rows 
    fetch
        first ? rows only
2026-05-14 20:08:41 [http-nio-8080-exec-1] DEBUG org.hibernate.SQL - 
    select
        up1_0.id,
        up1_0.age,
        up1_0.fitness_goal,
        up1_0.user_id,
        up1_0.weight_kg 
    from
        user_profiles up1_0 
    where
        up1_0.user_id=?
2026-05-14 20:08:41 [http-nio-8080-exec-1] DEBUG org.hibernate.SQL - 
    select
        up1_0.id,
        up1_0.age,
        up1_0.fitness_goal,
        up1_0.user_id,
        up1_0.weight_kg 
    from
        user_profiles up1_0 
    where
        up1_0.user_id=?
2026-05-14 20:08:41 [http-nio-8080-exec-1] DEBUG org.hibernate.SQL - 
    select
        up1_0.id,
        up1_0.age,
        up1_0.fitness_goal,
        up1_0.user_id,
        up1_0.weight_kg 
    from
        user_profiles up1_0 
    where
        up1_0.user_id=?
2026-05-14 20:08:41 [http-nio-8080-exec-1] DEBUG org.hibernate.SQL - 
    select
        up1_0.id,
        up1_0.age,
        up1_0.fitness_goal,
        up1_0.user_id,
        up1_0.weight_kg 
    from
        user_profiles up1_0 
    where
        up1_0.user_id=?
2026-05-14 20:08:41 [http-nio-8080-exec-1] DEBUG org.hibernate.SQL - 
    select
        up1_0.id,
        up1_0.age,
        up1_0.fitness_goal,
        up1_0.user_id,
        up1_0.weight_kg 
    from
        user_profiles up1_0 
    where
        up1_0.user_id=?
2026-05-14 20:08:41 [http-nio-8080-exec-1] DEBUG org.hibernate.SQL - 
    select
        count(u1_0.id) 
    from
        users u1_0
2026-05-14 20:09:59 [http-nio-8080-exec-4] DEBUG org.hibernate.SQL - 
    select
        up1_0.id,
        up1_0.age,
        up1_0.fitness_goal,
        up1_0.user_id,
        up1_0.weight_kg 
    from
        user_profiles up1_0 
    order by
        up1_0.id 
    offset
        ? rows 
    fetch
        first ? rows only
2026-05-14 20:09:59 [http-nio-8080-exec-4] DEBUG org.hibernate.SQL - 
    select
        u1_0.id,
        c1_0.id,
        c1_0.name,
        c1_0.specialization,
        u1_0.email,
        np1_0.id,
        np1_0.calories,
        np1_0.description,
        np1_0.name,
        u1_0.password,
        p1_0.id,
        p1_0.age,
        p1_0.fitness_goal,
        p1_0.user_id,
        p1_0.weight_kg,
        u1_0.role,
        u1_0.username,
        wg1_0.id,
        wg1_0.category,
        wg1_0.description,
        wg1_0.name 
    from
        users u1_0 
    left join
        coaches c1_0 
            on c1_0.id=u1_0.coach_id 
    left join
        nutrition_plans np1_0 
            on np1_0.id=u1_0.nutrition_plan_id 
    left join
        user_profiles p1_0 
            on u1_0.id=p1_0.user_id 
    left join
        workout_groups wg1_0 
            on wg1_0.id=u1_0.workout_group_id 
    where
        u1_0.id=?
2026-05-14 20:10:07 [http-nio-8080-exec-7] DEBUG org.hibernate.SQL - 
    select
        wg1_0.id,
        wg1_0.category,
        wg1_0.description,
        wg1_0.name 
    from
        workout_groups wg1_0 
    order by
        wg1_0.name 
    offset
        ? rows 
    fetch
        first ? rows only
2026-05-14 20:10:16 [http-nio-8080-exec-9] DEBUG org.hibernate.SQL - 
    select
        u1_0.id,
        u1_0.coach_id,
        u1_0.email,
        u1_0.nutrition_plan_id,
        u1_0.password,
        u1_0.role,
        u1_0.username,
        u1_0.workout_group_id 
    from
        users u1_0 
    order by
        u1_0.username 
    offset
        ? rows 
    fetch
        first ? rows only
2026-05-14 20:10:16 [http-nio-8080-exec-9] DEBUG org.hibernate.SQL - 
    select
        up1_0.id,
        up1_0.age,
        up1_0.fitness_goal,
        up1_0.user_id,
        up1_0.weight_kg 
    from
        user_profiles up1_0 
    where
        up1_0.user_id=?
2026-05-14 20:10:16 [http-nio-8080-exec-9] DEBUG org.hibernate.SQL - 
    select
        up1_0.id,
        up1_0.age,
        up1_0.fitness_goal,
        up1_0.user_id,
        up1_0.weight_kg 
    from
        user_profiles up1_0 
    where
        up1_0.user_id=?
2026-05-14 20:10:16 [http-nio-8080-exec-9] DEBUG org.hibernate.SQL - 
    select
        up1_0.id,
        up1_0.age,
        up1_0.fitness_goal,
        up1_0.user_id,
        up1_0.weight_kg 
    from
        user_profiles up1_0 
    where
        up1_0.user_id=?
2026-05-14 20:10:16 [http-nio-8080-exec-9] DEBUG org.hibernate.SQL - 
    select
        up1_0.id,
        up1_0.age,
        up1_0.fitness_goal,
        up1_0.user_id,
        up1_0.weight_kg 
    from
        user_profiles up1_0 
    where
        up1_0.user_id=?
2026-05-14 20:10:16 [http-nio-8080-exec-9] DEBUG org.hibernate.SQL - 
    select
        up1_0.id,
        up1_0.age,
        up1_0.fitness_goal,
        up1_0.user_id,
        up1_0.weight_kg 
    from
        user_profiles up1_0 
    where
        up1_0.user_id=?
2026-05-14 20:10:16 [http-nio-8080-exec-9] DEBUG org.hibernate.SQL - 
    select
        count(u1_0.id) 
    from
        users u1_0
2026-05-14 20:10:19 [http-nio-8080-exec-10] DEBUG org.hibernate.SQL - 
    select
        up1_0.id,
        up1_0.age,
        up1_0.fitness_goal,
        up1_0.user_id,
        up1_0.weight_kg 
    from
        user_profiles up1_0 
    order by
        up1_0.id 
    offset
        ? rows 
    fetch
        first ? rows only
2026-05-14 20:10:19 [http-nio-8080-exec-10] DEBUG org.hibernate.SQL - 
    select
        u1_0.id,
        c1_0.id,
        c1_0.name,
        c1_0.specialization,
        u1_0.email,
        np1_0.id,
        np1_0.calories,
        np1_0.description,
        np1_0.name,
        u1_0.password,
        p1_0.id,
        p1_0.age,
        p1_0.fitness_goal,
        p1_0.user_id,
        p1_0.weight_kg,
        u1_0.role,
        u1_0.username,
        wg1_0.id,
        wg1_0.category,
        wg1_0.description,
        wg1_0.name 
    from
        users u1_0 
    left join
        coaches c1_0 
            on c1_0.id=u1_0.coach_id 
    left join
        nutrition_plans np1_0 
            on np1_0.id=u1_0.nutrition_plan_id 
    left join
        user_profiles p1_0 
            on u1_0.id=p1_0.user_id 
    left join
        workout_groups wg1_0 
            on wg1_0.id=u1_0.workout_group_id 
    where
        u1_0.id=?
2026-05-14 20:10:20 [http-nio-8080-exec-1] DEBUG org.hibernate.SQL - 
    select
        wg1_0.id,
        wg1_0.category,
        wg1_0.description,
        wg1_0.name 
    from
        workout_groups wg1_0 
    order by
        wg1_0.name 
    offset
        ? rows 
    fetch
        first ? rows only
2026-05-14 20:10:23 [http-nio-8080-exec-2] DEBUG org.hibernate.SQL - 
    select
        u1_0.id,
        u1_0.coach_id,
        u1_0.email,
        u1_0.nutrition_plan_id,
        u1_0.password,
        u1_0.role,
        u1_0.username,
        u1_0.workout_group_id 
    from
        users u1_0 
    order by
        u1_0.username 
    offset
        ? rows 
    fetch
        first ? rows only
2026-05-14 20:10:23 [http-nio-8080-exec-2] DEBUG org.hibernate.SQL - 
    select
        up1_0.id,
        up1_0.age,
        up1_0.fitness_goal,
        up1_0.user_id,
        up1_0.weight_kg 
    from
        user_profiles up1_0 
    where
        up1_0.user_id=?
2026-05-14 20:10:23 [http-nio-8080-exec-2] DEBUG org.hibernate.SQL - 
    select
        up1_0.id,
        up1_0.age,
        up1_0.fitness_goal,
        up1_0.user_id,
        up1_0.weight_kg 
    from
        user_profiles up1_0 
    where
        up1_0.user_id=?
2026-05-14 20:10:23 [http-nio-8080-exec-2] DEBUG org.hibernate.SQL - 
    select
        up1_0.id,
        up1_0.age,
        up1_0.fitness_goal,
        up1_0.user_id,
        up1_0.weight_kg 
    from
        user_profiles up1_0 
    where
        up1_0.user_id=?
2026-05-14 20:10:23 [http-nio-8080-exec-2] DEBUG org.hibernate.SQL - 
    select
        up1_0.id,
        up1_0.age,
        up1_0.fitness_goal,
        up1_0.user_id,
        up1_0.weight_kg 
    from
        user_profiles up1_0 
    where
        up1_0.user_id=?
2026-05-14 20:10:23 [http-nio-8080-exec-2] DEBUG org.hibernate.SQL - 
    select
        up1_0.id,
        up1_0.age,
        up1_0.fitness_goal,
        up1_0.user_id,
        up1_0.weight_kg 
    from
        user_profiles up1_0 
    where
        up1_0.user_id=?
2026-05-14 20:10:23 [http-nio-8080-exec-2] DEBUG org.hibernate.SQL - 
    select
        count(u1_0.id) 
    from
        users u1_0
2026-05-14 20:11:20 [http-nio-8080-exec-4] DEBUG org.hibernate.SQL - 
    select
        wg1_0.id,
        wg1_0.category,
        wg1_0.description,
        wg1_0.name 
    from
        workout_groups wg1_0 
    order by
        wg1_0.name 
    offset
        ? rows 
    fetch
        first ? rows only
2026-05-14 20:11:27 [http-nio-8080-exec-7] DEBUG org.hibernate.SQL - 
    select
        u1_0.id,
        u1_0.coach_id,
        u1_0.email,
        u1_0.nutrition_plan_id,
        u1_0.password,
        u1_0.role,
        u1_0.username,
        u1_0.workout_group_id 
    from
        users u1_0 
    order by
        u1_0.username 
    offset
        ? rows 
    fetch
        first ? rows only
2026-05-14 20:11:27 [http-nio-8080-exec-7] DEBUG org.hibernate.SQL - 
    select
        up1_0.id,
        up1_0.age,
        up1_0.fitness_goal,
        up1_0.user_id,
        up1_0.weight_kg 
    from
        user_profiles up1_0 
    where
        up1_0.user_id=?
2026-05-14 20:11:27 [http-nio-8080-exec-7] DEBUG org.hibernate.SQL - 
    select
        up1_0.id,
        up1_0.age,
        up1_0.fitness_goal,
        up1_0.user_id,
        up1_0.weight_kg 
    from
        user_profiles up1_0 
    where
        up1_0.user_id=?
2026-05-14 20:11:27 [http-nio-8080-exec-7] DEBUG org.hibernate.SQL - 
    select
        up1_0.id,
        up1_0.age,
        up1_0.fitness_goal,
        up1_0.user_id,
        up1_0.weight_kg 
    from
        user_profiles up1_0 
    where
        up1_0.user_id=?
2026-05-14 20:11:27 [http-nio-8080-exec-7] DEBUG org.hibernate.SQL - 
    select
        up1_0.id,
        up1_0.age,
        up1_0.fitness_goal,
        up1_0.user_id,
        up1_0.weight_kg 
    from
        user_profiles up1_0 
    where
        up1_0.user_id=?
2026-05-14 20:11:27 [http-nio-8080-exec-7] DEBUG org.hibernate.SQL - 
    select
        up1_0.id,
        up1_0.age,
        up1_0.fitness_goal,
        up1_0.user_id,
        up1_0.weight_kg 
    from
        user_profiles up1_0 
    where
        up1_0.user_id=?
2026-05-14 20:11:27 [http-nio-8080-exec-7] DEBUG org.hibernate.SQL - 
    select
        count(u1_0.id) 
    from
        users u1_0
2026-05-14 20:11:29 [http-nio-8080-exec-9] DEBUG org.hibernate.SQL - 
    select
        up1_0.id,
        up1_0.age,
        up1_0.fitness_goal,
        up1_0.user_id,
        up1_0.weight_kg 
    from
        user_profiles up1_0 
    order by
        up1_0.id 
    offset
        ? rows 
    fetch
        first ? rows only
2026-05-14 20:11:30 [http-nio-8080-exec-9] DEBUG org.hibernate.SQL - 
    select
        u1_0.id,
        c1_0.id,
        c1_0.name,
        c1_0.specialization,
        u1_0.email,
        np1_0.id,
        np1_0.calories,
        np1_0.description,
        np1_0.name,
        u1_0.password,
        p1_0.id,
        p1_0.age,
        p1_0.fitness_goal,
        p1_0.user_id,
        p1_0.weight_kg,
        u1_0.role,
        u1_0.username,
        wg1_0.id,
        wg1_0.category,
        wg1_0.description,
        wg1_0.name 
    from
        users u1_0 
    left join
        coaches c1_0 
            on c1_0.id=u1_0.coach_id 
    left join
        nutrition_plans np1_0 
            on np1_0.id=u1_0.nutrition_plan_id 
    left join
        user_profiles p1_0 
            on u1_0.id=p1_0.user_id 
    left join
        workout_groups wg1_0 
            on wg1_0.id=u1_0.workout_group_id 
    where
        u1_0.id=?
2026-05-14 20:11:47 [http-nio-8080-exec-10] DEBUG org.hibernate.SQL - 
    select
        wg1_0.id,
        wg1_0.category,
        wg1_0.description,
        wg1_0.name 
    from
        workout_groups wg1_0 
    order by
        wg1_0.name 
    offset
        ? rows 
    fetch
        first ? rows only
2026-05-14 20:11:49 [http-nio-8080-exec-3] DEBUG org.hibernate.SQL - 
    select
        up1_0.id,
        up1_0.age,
        up1_0.fitness_goal,
        up1_0.user_id,
        up1_0.weight_kg 
    from
        user_profiles up1_0 
    order by
        up1_0.id 
    offset
        ? rows 
    fetch
        first ? rows only
2026-05-14 20:11:49 [http-nio-8080-exec-3] DEBUG org.hibernate.SQL - 
    select
        u1_0.id,
        c1_0.id,
        c1_0.name,
        c1_0.specialization,
        u1_0.email,
        np1_0.id,
        np1_0.calories,
        np1_0.description,
        np1_0.name,
        u1_0.password,
        p1_0.id,
        p1_0.age,
        p1_0.fitness_goal,
        p1_0.user_id,
        p1_0.weight_kg,
        u1_0.role,
        u1_0.username,
        wg1_0.id,
        wg1_0.category,
        wg1_0.description,
        wg1_0.name 
    from
        users u1_0 
    left join
        coaches c1_0 
            on c1_0.id=u1_0.coach_id 
    left join
        nutrition_plans np1_0 
            on np1_0.id=u1_0.nutrition_plan_id 
    left join
        user_profiles p1_0 
            on u1_0.id=p1_0.user_id 
    left join
        workout_groups wg1_0 
            on wg1_0.id=u1_0.workout_group_id 
    where
        u1_0.id=?
2026-05-14 20:11:50 [http-nio-8080-exec-2] DEBUG org.hibernate.SQL - 
    select
        u1_0.id,
        u1_0.coach_id,
        u1_0.email,
        u1_0.nutrition_plan_id,
        u1_0.password,
        u1_0.role,
        u1_0.username,
        u1_0.workout_group_id 
    from
        users u1_0 
    order by
        u1_0.username 
    offset
        ? rows 
    fetch
        first ? rows only
2026-05-14 20:11:50 [http-nio-8080-exec-2] DEBUG org.hibernate.SQL - 
    select
        up1_0.id,
        up1_0.age,
        up1_0.fitness_goal,
        up1_0.user_id,
        up1_0.weight_kg 
    from
        user_profiles up1_0 
    where
        up1_0.user_id=?
2026-05-14 20:11:50 [http-nio-8080-exec-2] DEBUG org.hibernate.SQL - 
    select
        up1_0.id,
        up1_0.age,
        up1_0.fitness_goal,
        up1_0.user_id,
        up1_0.weight_kg 
    from
        user_profiles up1_0 
    where
        up1_0.user_id=?
2026-05-14 20:11:50 [http-nio-8080-exec-2] DEBUG org.hibernate.SQL - 
    select
        up1_0.id,
        up1_0.age,
        up1_0.fitness_goal,
        up1_0.user_id,
        up1_0.weight_kg 
    from
        user_profiles up1_0 
    where
        up1_0.user_id=?
2026-05-14 20:11:50 [http-nio-8080-exec-2] DEBUG org.hibernate.SQL - 
    select
        up1_0.id,
        up1_0.age,
        up1_0.fitness_goal,
        up1_0.user_id,
        up1_0.weight_kg 
    from
        user_profiles up1_0 
    where
        up1_0.user_id=?
2026-05-14 20:11:50 [http-nio-8080-exec-2] DEBUG org.hibernate.SQL - 
    select
        up1_0.id,
        up1_0.age,
        up1_0.fitness_goal,
        up1_0.user_id,
        up1_0.weight_kg 
    from
        user_profiles up1_0 
    where
        up1_0.user_id=?
2026-05-14 20:11:50 [http-nio-8080-exec-2] DEBUG org.hibernate.SQL - 
    select
        count(u1_0.id) 
    from
        users u1_0
2026-05-14 20:13:01 [SpringApplicationShutdownHook] INFO  o.s.b.w.e.tomcat.GracefulShutdown - Commencing graceful shutdown. Waiting for active requests to complete
2026-05-14 20:13:01 [tomcat-shutdown] INFO  o.s.b.w.e.tomcat.GracefulShutdown - Graceful shutdown complete
2026-05-14 20:13:01 [SpringApplicationShutdownHook] INFO  o.s.o.j.LocalContainerEntityManagerFactoryBean - Closing JPA EntityManagerFactory for persistence unit 'default'
2026-05-14 20:13:01 [SpringApplicationShutdownHook] INFO  com.zaxxer.hikari.HikariDataSource - HikariPool-1 - Shutdown initiated...
2026-05-14 20:13:01 [SpringApplicationShutdownHook] INFO  com.zaxxer.hikari.HikariDataSource - HikariPool-1 - Shutdown completed.
2026-05-14 20:18:58 [main] INFO  com.fitness.opp.OppApplication - Starting OppApplication using Java 21.0.10 with PID 1348 (C:\Users\Dunduc George\Desktop\fitness\opp\target\classes started by Dunduc George in C:\Users\Dunduc George\Desktop\fitness)
2026-05-14 20:18:58 [main] DEBUG com.fitness.opp.OppApplication - Running with Spring Boot v3.4.1, Spring v6.2.1
2026-05-14 20:18:58 [main] INFO  com.fitness.opp.OppApplication - The following 1 profile is active: "dev"
2026-05-14 20:18:59 [main] INFO  o.s.d.r.c.RepositoryConfigurationDelegate - Bootstrapping Spring Data JPA repositories in DEFAULT mode.
2026-05-14 20:18:59 [main] INFO  o.s.d.r.c.RepositoryConfigurationDelegate - Finished Spring Data repository scanning in 76 ms. Found 6 JPA repository interfaces.
2026-05-14 20:18:59 [main] INFO  o.s.b.w.e.tomcat.TomcatWebServer - Tomcat initialized with port 8080 (http)
2026-05-14 20:18:59 [main] INFO  o.a.catalina.core.StandardService - Starting service [Tomcat]
2026-05-14 20:18:59 [main] INFO  o.a.catalina.core.StandardEngine - Starting Servlet engine: [Apache Tomcat/10.1.34]
2026-05-14 20:18:59 [main] INFO  o.a.c.c.C.[Tomcat].[localhost].[/] - Initializing Spring embedded WebApplicationContext
2026-05-14 20:18:59 [main] INFO  o.s.b.w.s.c.ServletWebServerApplicationContext - Root WebApplicationContext: initialization completed in 1403 ms
2026-05-14 20:19:00 [main] INFO  o.h.jpa.internal.util.LogHelper - HHH000204: Processing PersistenceUnitInfo [name: default]
2026-05-14 20:19:00 [main] INFO  org.hibernate.Version - HHH000412: Hibernate ORM core version 6.6.4.Final
2026-05-14 20:19:00 [main] INFO  o.h.c.i.RegionFactoryInitiator - HHH000026: Second-level cache disabled
2026-05-14 20:19:00 [main] INFO  o.s.o.j.p.SpringPersistenceUnitInfo - No LoadTimeWeaver setup: ignoring JPA class transformer
2026-05-14 20:19:00 [main] INFO  com.zaxxer.hikari.HikariDataSource - HikariPool-1 - Starting...
2026-05-14 20:19:01 [main] INFO  com.zaxxer.hikari.pool.HikariPool - HikariPool-1 - Added connection oracle.jdbc.driver.T4CConnection@5aa7cfdf
2026-05-14 20:19:01 [main] INFO  com.zaxxer.hikari.HikariDataSource - HikariPool-1 - Start completed.
2026-05-14 20:19:01 [main] WARN  org.hibernate.orm.deprecation - HHH90000025: OracleDialect does not need to be specified explicitly using 'hibernate.dialect' (remove the property setting and it will be selected by default)
2026-05-14 20:19:01 [main] INFO  o.hibernate.orm.connections.pooling - HHH10001005: Database info:
	Database JDBC URL [Connecting through datasource 'HikariDataSource (HikariPool-1)']
	Database driver: undefined/unknown
	Database version: 21.3
	Autocommit mode: undefined/unknown
	Isolation level: undefined/unknown
	Minimum pool size: undefined/unknown
	Maximum pool size: undefined/unknown
2026-05-14 20:19:02 [main] INFO  o.h.e.t.j.p.i.JtaPlatformInitiator - HHH000489: No JTA platform available (set 'hibernate.transaction.jta.platform' to enable JTA platform integration)
2026-05-14 20:19:05 [main] INFO  o.s.o.j.LocalContainerEntityManagerFactoryBean - Initialized JPA EntityManagerFactory for persistence unit 'default'
2026-05-14 20:19:06 [main] WARN  o.s.b.a.o.j.JpaBaseConfiguration$JpaWebConfiguration - spring.jpa.open-in-view is enabled by default. Therefore, database queries may be performed during view rendering. Explicitly configure spring.jpa.open-in-view to disable this warning
2026-05-14 20:19:06 [main] INFO  o.s.s.c.a.a.c.InitializeAuthenticationProviderBeanManagerConfigurer$InitializeAuthenticationProviderManagerConfigurer - Global AuthenticationManager configured with AuthenticationProvider bean with name authenticationProvider
2026-05-14 20:19:06 [main] WARN  o.s.s.c.a.a.c.InitializeUserDetailsBeanManagerConfigurer$InitializeUserDetailsManagerConfigurer - Global AuthenticationManager configured with an AuthenticationProvider bean. UserDetailsService beans will not be used by Spring Security for automatically configuring username/password login. Consider removing the AuthenticationProvider bean. Alternatively, consider using the UserDetailsService in a manually instantiated DaoAuthenticationProvider. If the current configuration is intentional, to turn off this warning, increase the logging level of 'org.springframework.security.config.annotation.authentication.configuration.InitializeUserDetailsBeanManagerConfigurer' to ERROR
2026-05-14 20:19:06 [main] INFO  o.s.b.w.e.tomcat.TomcatWebServer - Tomcat started on port 8080 (http) with context path '/'
2026-05-14 20:19:06 [main] INFO  com.fitness.opp.OppApplication - Started OppApplication in 8.854 seconds (process running for 9.305)
2026-05-14 20:19:06 [main] DEBUG org.hibernate.SQL - 
    select
        u1_0.id,
        u1_0.coach_id,
        u1_0.email,
        u1_0.nutrition_plan_id,
        u1_0.password,
        u1_0.role,
        u1_0.username,
        u1_0.workout_group_id 
    from
        users u1_0 
    where
        u1_0.username=?
2026-05-14 20:19:06 [main] DEBUG org.hibernate.SQL - 
    select
        up1_0.id,
        up1_0.age,
        up1_0.fitness_goal,
        up1_0.user_id,
        up1_0.weight_kg 
    from
        user_profiles up1_0 
    where
        up1_0.user_id=?
2026-05-14 20:19:06 [main] DEBUG org.hibernate.SQL - 
    select
        u1_0.id,
        c1_0.id,
        c1_0.name,
        c1_0.specialization,
        u1_0.email,
        np1_0.id,
        np1_0.calories,
        np1_0.description,
        np1_0.name,
        u1_0.password,
        p1_0.id,
        p1_0.age,
        p1_0.fitness_goal,
        p1_0.user_id,
        p1_0.weight_kg,
        u1_0.role,
        u1_0.username,
        wg1_0.id,
        wg1_0.category,
        wg1_0.description,
        wg1_0.name 
    from
        users u1_0 
    left join
        coaches c1_0 
            on c1_0.id=u1_0.coach_id 
    left join
        nutrition_plans np1_0 
            on np1_0.id=u1_0.nutrition_plan_id 
    left join
        user_profiles p1_0 
            on u1_0.id=p1_0.user_id 
    left join
        workout_groups wg1_0 
            on wg1_0.id=u1_0.workout_group_id 
    where
        u1_0.id=?
2026-05-14 20:19:06 [main] DEBUG org.hibernate.SQL - 
    delete 
    from
        users 
    where
        id=?
2026-05-14 20:19:07 [main] DEBUG org.hibernate.SQL - 
    insert 
    into
        users
        (coach_id, email, nutrition_plan_id, password, role, username, workout_group_id, id) 
    values
        (?, ?, ?, ?, ?, ?, ?, default)
2026-05-14 20:19:13 [http-nio-8080-exec-1] INFO  o.a.c.c.C.[Tomcat].[localhost].[/] - Initializing Spring DispatcherServlet 'dispatcherServlet'
2026-05-14 20:19:13 [http-nio-8080-exec-1] INFO  o.s.web.servlet.DispatcherServlet - Initializing Servlet 'dispatcherServlet'
2026-05-14 20:19:13 [http-nio-8080-exec-1] INFO  o.s.web.servlet.DispatcherServlet - Completed initialization in 10 ms
2026-05-14 20:19:16 [http-nio-8080-exec-4] DEBUG org.hibernate.SQL - 
    select
        u1_0.id,
        u1_0.coach_id,
        u1_0.email,
        u1_0.nutrition_plan_id,
        u1_0.password,
        u1_0.role,
        u1_0.username,
        u1_0.workout_group_id 
    from
        users u1_0
2026-05-14 20:19:16 [http-nio-8080-exec-4] DEBUG org.hibernate.SQL - 
    select
        up1_0.id,
        up1_0.age,
        up1_0.fitness_goal,
        up1_0.user_id,
        up1_0.weight_kg 
    from
        user_profiles up1_0 
    where
        up1_0.user_id=?
2026-05-14 20:19:16 [http-nio-8080-exec-4] DEBUG org.hibernate.SQL - 
    select
        up1_0.id,
        up1_0.age,
        up1_0.fitness_goal,
        up1_0.user_id,
        up1_0.weight_kg 
    from
        user_profiles up1_0 
    where
        up1_0.user_id=?
2026-05-14 20:19:16 [http-nio-8080-exec-4] DEBUG org.hibernate.SQL - 
    select
        up1_0.id,
        up1_0.age,
        up1_0.fitness_goal,
        up1_0.user_id,
        up1_0.weight_kg 
    from
        user_profiles up1_0 
    where
        up1_0.user_id=?
2026-05-14 20:19:16 [http-nio-8080-exec-4] DEBUG org.hibernate.SQL - 
    select
        up1_0.id,
        up1_0.age,
        up1_0.fitness_goal,
        up1_0.user_id,
        up1_0.weight_kg 
    from
        user_profiles up1_0 
    where
        up1_0.user_id=?
2026-05-14 20:19:16 [http-nio-8080-exec-4] DEBUG org.hibernate.SQL - 
    select
        up1_0.id,
        up1_0.age,
        up1_0.fitness_goal,
        up1_0.user_id,
        up1_0.weight_kg 
    from
        user_profiles up1_0 
    where
        up1_0.user_id=?
2026-05-14 20:19:16 [http-nio-8080-exec-4] DEBUG org.hibernate.SQL - 
    select
        up1_0.id,
        up1_0.age,
        up1_0.fitness_goal,
        up1_0.user_id,
        up1_0.weight_kg 
    from
        user_profiles up1_0 
    where
        up1_0.user_id=?
2026-05-14 20:19:16 [http-nio-8080-exec-4] DEBUG org.hibernate.SQL - 
    select
        up1_0.id,
        up1_0.age,
        up1_0.fitness_goal,
        up1_0.user_id,
        up1_0.weight_kg 
    from
        user_profiles up1_0 
    where
        up1_0.user_id=?
2026-05-14 20:19:16 [http-nio-8080-exec-5] DEBUG org.hibernate.SQL - 
    select
        u1_0.id,
        u1_0.coach_id,
        u1_0.email,
        u1_0.nutrition_plan_id,
        u1_0.password,
        u1_0.role,
        u1_0.username,
        u1_0.workout_group_id 
    from
        users u1_0 
    order by
        u1_0.username 
    offset
        ? rows 
    fetch
        first ? rows only
2026-05-14 20:19:16 [http-nio-8080-exec-5] DEBUG org.hibernate.SQL - 
    select
        up1_0.id,
        up1_0.age,
        up1_0.fitness_goal,
        up1_0.user_id,
        up1_0.weight_kg 
    from
        user_profiles up1_0 
    where
        up1_0.user_id=?
2026-05-14 20:19:16 [http-nio-8080-exec-5] DEBUG org.hibernate.SQL - 
    select
        up1_0.id,
        up1_0.age,
        up1_0.fitness_goal,
        up1_0.user_id,
        up1_0.weight_kg 
    from
        user_profiles up1_0 
    where
        up1_0.user_id=?
2026-05-14 20:19:16 [http-nio-8080-exec-5] DEBUG org.hibernate.SQL - 
    select
        up1_0.id,
        up1_0.age,
        up1_0.fitness_goal,
        up1_0.user_id,
        up1_0.weight_kg 
    from
        user_profiles up1_0 
    where
        up1_0.user_id=?
2026-05-14 20:19:16 [http-nio-8080-exec-5] DEBUG org.hibernate.SQL - 
    select
        up1_0.id,
        up1_0.age,
        up1_0.fitness_goal,
        up1_0.user_id,
        up1_0.weight_kg 
    from
        user_profiles up1_0 
    where
        up1_0.user_id=?
2026-05-14 20:19:16 [http-nio-8080-exec-5] DEBUG org.hibernate.SQL - 
    select
        up1_0.id,
        up1_0.age,
        up1_0.fitness_goal,
        up1_0.user_id,
        up1_0.weight_kg 
    from
        user_profiles up1_0 
    where
        up1_0.user_id=?
2026-05-14 20:19:16 [http-nio-8080-exec-5] DEBUG org.hibernate.SQL - 
    select
        count(u1_0.id) 
    from
        users u1_0
2026-05-14 20:19:18 [http-nio-8080-exec-7] DEBUG org.hibernate.SQL - 
    select
        u1_0.id,
        u1_0.coach_id,
        u1_0.email,
        u1_0.nutrition_plan_id,
        u1_0.password,
        u1_0.role,
        u1_0.username,
        u1_0.workout_group_id 
    from
        users u1_0 
    order by
        u1_0.username 
    offset
        ? rows 
    fetch
        first ? rows only
2026-05-14 20:19:18 [http-nio-8080-exec-7] DEBUG org.hibernate.SQL - 
    select
        up1_0.id,
        up1_0.age,
        up1_0.fitness_goal,
        up1_0.user_id,
        up1_0.weight_kg 
    from
        user_profiles up1_0 
    where
        up1_0.user_id=?
2026-05-14 20:19:18 [http-nio-8080-exec-7] DEBUG org.hibernate.SQL - 
    select
        up1_0.id,
        up1_0.age,
        up1_0.fitness_goal,
        up1_0.user_id,
        up1_0.weight_kg 
    from
        user_profiles up1_0 
    where
        up1_0.user_id=?
2026-05-14 20:19:19 [http-nio-8080-exec-8] DEBUG org.hibernate.SQL - 
    select
        u1_0.id,
        u1_0.coach_id,
        u1_0.email,
        u1_0.nutrition_plan_id,
        u1_0.password,
        u1_0.role,
        u1_0.username,
        u1_0.workout_group_id 
    from
        users u1_0 
    order by
        u1_0.username 
    offset
        ? rows 
    fetch
        first ? rows only
2026-05-14 20:19:19 [http-nio-8080-exec-8] DEBUG org.hibernate.SQL - 
    select
        up1_0.id,
        up1_0.age,
        up1_0.fitness_goal,
        up1_0.user_id,
        up1_0.weight_kg 
    from
        user_profiles up1_0 
    where
        up1_0.user_id=?
2026-05-14 20:19:19 [http-nio-8080-exec-8] DEBUG org.hibernate.SQL - 
    select
        up1_0.id,
        up1_0.age,
        up1_0.fitness_goal,
        up1_0.user_id,
        up1_0.weight_kg 
    from
        user_profiles up1_0 
    where
        up1_0.user_id=?
2026-05-14 20:19:19 [http-nio-8080-exec-8] DEBUG org.hibernate.SQL - 
    select
        up1_0.id,
        up1_0.age,
        up1_0.fitness_goal,
        up1_0.user_id,
        up1_0.weight_kg 
    from
        user_profiles up1_0 
    where
        up1_0.user_id=?
2026-05-14 20:19:19 [http-nio-8080-exec-8] DEBUG org.hibernate.SQL - 
    select
        up1_0.id,
        up1_0.age,
        up1_0.fitness_goal,
        up1_0.user_id,
        up1_0.weight_kg 
    from
        user_profiles up1_0 
    where
        up1_0.user_id=?
2026-05-14 20:19:19 [http-nio-8080-exec-8] DEBUG org.hibernate.SQL - 
    select
        up1_0.id,
        up1_0.age,
        up1_0.fitness_goal,
        up1_0.user_id,
        up1_0.weight_kg 
    from
        user_profiles up1_0 
    where
        up1_0.user_id=?
2026-05-14 20:19:19 [http-nio-8080-exec-8] DEBUG org.hibernate.SQL - 
    select
        count(u1_0.id) 
    from
        users u1_0
2026-05-14 20:19:21 [http-nio-8080-exec-10] DEBUG org.hibernate.SQL - 
    select
        up1_0.id,
        up1_0.age,
        up1_0.fitness_goal,
        up1_0.user_id,
        up1_0.weight_kg 
    from
        user_profiles up1_0 
    order by
        up1_0.id 
    offset
        ? rows 
    fetch
        first ? rows only
2026-05-14 20:19:21 [http-nio-8080-exec-10] DEBUG org.hibernate.SQL - 
    select
        u1_0.id,
        c1_0.id,
        c1_0.name,
        c1_0.specialization,
        u1_0.email,
        np1_0.id,
        np1_0.calories,
        np1_0.description,
        np1_0.name,
        u1_0.password,
        p1_0.id,
        p1_0.age,
        p1_0.fitness_goal,
        p1_0.user_id,
        p1_0.weight_kg,
        u1_0.role,
        u1_0.username,
        wg1_0.id,
        wg1_0.category,
        wg1_0.description,
        wg1_0.name 
    from
        users u1_0 
    left join
        coaches c1_0 
            on c1_0.id=u1_0.coach_id 
    left join
        nutrition_plans np1_0 
            on np1_0.id=u1_0.nutrition_plan_id 
    left join
        user_profiles p1_0 
            on u1_0.id=p1_0.user_id 
    left join
        workout_groups wg1_0 
            on wg1_0.id=u1_0.workout_group_id 
    where
        u1_0.id=?
2026-05-14 20:19:27 [http-nio-8080-exec-1] DEBUG org.hibernate.SQL - 
    select
        c1_0.id,
        c1_0.name,
        c1_0.specialization 
    from
        coaches c1_0 
    order by
        c1_0.name 
    offset
        ? rows 
    fetch
        first ? rows only
2026-05-14 20:19:29 [http-nio-8080-exec-3] DEBUG org.hibernate.SQL - 
    select
        wg1_0.id,
        wg1_0.category,
        wg1_0.description,
        wg1_0.name 
    from
        workout_groups wg1_0 
    order by
        wg1_0.name 
    offset
        ? rows 
    fetch
        first ? rows only
2026-05-14 20:19:32 [http-nio-8080-exec-5] DEBUG org.hibernate.SQL - 
    select
        c1_0.id,
        c1_0.name,
        c1_0.specialization 
    from
        coaches c1_0 
    order by
        c1_0.name 
    offset
        ? rows 
    fetch
        first ? rows only
2026-05-14 20:19:33 [http-nio-8080-exec-6] DEBUG org.hibernate.SQL - 
    select
        wg1_0.id,
        wg1_0.category,
        wg1_0.description,
        wg1_0.name 
    from
        workout_groups wg1_0 
    order by
        wg1_0.name 
    offset
        ? rows 
    fetch
        first ? rows only
2026-05-14 20:19:36 [http-nio-8080-exec-8] DEBUG org.hibernate.SQL - 
    select
        c1_0.id,
        c1_0.name,
        c1_0.specialization 
    from
        coaches c1_0 
    order by
        c1_0.name 
    offset
        ? rows 
    fetch
        first ? rows only
2026-05-14 20:19:40 [http-nio-8080-exec-9] DEBUG org.hibernate.SQL - 
    select
        wg1_0.id,
        wg1_0.category,
        wg1_0.description,
        wg1_0.name 
    from
        workout_groups wg1_0 
    order by
        wg1_0.name 
    offset
        ? rows 
    fetch
        first ? rows only
2026-05-14 20:26:09 [SpringApplicationShutdownHook] INFO  o.s.b.w.e.tomcat.GracefulShutdown - Commencing graceful shutdown. Waiting for active requests to complete
2026-05-14 20:26:09 [tomcat-shutdown] INFO  o.s.b.w.e.tomcat.GracefulShutdown - Graceful shutdown complete
2026-05-14 20:26:09 [SpringApplicationShutdownHook] INFO  o.s.o.j.LocalContainerEntityManagerFactoryBean - Closing JPA EntityManagerFactory for persistence unit 'default'
2026-05-14 20:26:09 [SpringApplicationShutdownHook] INFO  com.zaxxer.hikari.HikariDataSource - HikariPool-1 - Shutdown initiated...
2026-05-14 20:26:09 [SpringApplicationShutdownHook] INFO  com.zaxxer.hikari.HikariDataSource - HikariPool-1 - Shutdown completed.
2026-05-14 20:28:18 [main] INFO  com.fitness.opp.OppApplication - Starting OppApplication using Java 21.0.10 with PID 1132 (C:\Users\Dunduc George\Desktop\fitness\opp\target\classes started by Dunduc George in C:\Users\Dunduc George\Desktop\fitness)
2026-05-14 20:28:18 [main] DEBUG com.fitness.opp.OppApplication - Running with Spring Boot v3.4.1, Spring v6.2.1
2026-05-14 20:28:18 [main] INFO  com.fitness.opp.OppApplication - The following 1 profile is active: "dev"
2026-05-14 20:28:18 [main] INFO  o.s.d.r.c.RepositoryConfigurationDelegate - Bootstrapping Spring Data JPA repositories in DEFAULT mode.
2026-05-14 20:28:18 [main] INFO  o.s.d.r.c.RepositoryConfigurationDelegate - Finished Spring Data repository scanning in 79 ms. Found 6 JPA repository interfaces.
2026-05-14 20:28:19 [main] INFO  o.s.b.w.e.tomcat.TomcatWebServer - Tomcat initialized with port 8080 (http)
2026-05-14 20:28:19 [main] INFO  o.a.catalina.core.StandardService - Starting service [Tomcat]
2026-05-14 20:28:19 [main] INFO  o.a.catalina.core.StandardEngine - Starting Servlet engine: [Apache Tomcat/10.1.34]
2026-05-14 20:28:19 [main] INFO  o.a.c.c.C.[Tomcat].[localhost].[/] - Initializing Spring embedded WebApplicationContext
2026-05-14 20:28:19 [main] INFO  o.s.b.w.s.c.ServletWebServerApplicationContext - Root WebApplicationContext: initialization completed in 1525 ms
2026-05-14 20:28:19 [main] INFO  o.h.jpa.internal.util.LogHelper - HHH000204: Processing PersistenceUnitInfo [name: default]
2026-05-14 20:28:19 [main] INFO  org.hibernate.Version - HHH000412: Hibernate ORM core version 6.6.4.Final
2026-05-14 20:28:19 [main] INFO  o.h.c.i.RegionFactoryInitiator - HHH000026: Second-level cache disabled
2026-05-14 20:28:20 [main] INFO  o.s.o.j.p.SpringPersistenceUnitInfo - No LoadTimeWeaver setup: ignoring JPA class transformer
2026-05-14 20:28:20 [main] INFO  com.zaxxer.hikari.HikariDataSource - HikariPool-1 - Starting...
2026-05-14 20:28:20 [main] INFO  com.zaxxer.hikari.pool.HikariPool - HikariPool-1 - Added connection oracle.jdbc.driver.T4CConnection@23321be7
2026-05-14 20:28:20 [main] INFO  com.zaxxer.hikari.HikariDataSource - HikariPool-1 - Start completed.
2026-05-14 20:28:21 [main] WARN  org.hibernate.orm.deprecation - HHH90000025: OracleDialect does not need to be specified explicitly using 'hibernate.dialect' (remove the property setting and it will be selected by default)
2026-05-14 20:28:21 [main] INFO  o.hibernate.orm.connections.pooling - HHH10001005: Database info:
	Database JDBC URL [Connecting through datasource 'HikariDataSource (HikariPool-1)']
	Database driver: undefined/unknown
	Database version: 21.3
	Autocommit mode: undefined/unknown
	Isolation level: undefined/unknown
	Minimum pool size: undefined/unknown
	Maximum pool size: undefined/unknown
2026-05-14 20:28:22 [main] INFO  o.h.e.t.j.p.i.JtaPlatformInitiator - HHH000489: No JTA platform available (set 'hibernate.transaction.jta.platform' to enable JTA platform integration)
2026-05-14 20:28:22 [main] INFO  o.s.o.j.LocalContainerEntityManagerFactoryBean - Initialized JPA EntityManagerFactory for persistence unit 'default'
2026-05-14 20:28:23 [main] WARN  o.s.b.a.o.j.JpaBaseConfiguration$JpaWebConfiguration - spring.jpa.open-in-view is enabled by default. Therefore, database queries may be performed during view rendering. Explicitly configure spring.jpa.open-in-view to disable this warning
2026-05-14 20:28:23 [main] INFO  o.s.s.c.a.a.c.InitializeAuthenticationProviderBeanManagerConfigurer$InitializeAuthenticationProviderManagerConfigurer - Global AuthenticationManager configured with AuthenticationProvider bean with name authenticationProvider
2026-05-14 20:28:23 [main] WARN  o.s.s.c.a.a.c.InitializeUserDetailsBeanManagerConfigurer$InitializeUserDetailsManagerConfigurer - Global AuthenticationManager configured with an AuthenticationProvider bean. UserDetailsService beans will not be used by Spring Security for automatically configuring username/password login. Consider removing the AuthenticationProvider bean. Alternatively, consider using the UserDetailsService in a manually instantiated DaoAuthenticationProvider. If the current configuration is intentional, to turn off this warning, increase the logging level of 'org.springframework.security.config.annotation.authentication.configuration.InitializeUserDetailsBeanManagerConfigurer' to ERROR
2026-05-14 20:28:23 [main] INFO  o.s.b.w.e.tomcat.TomcatWebServer - Tomcat started on port 8080 (http) with context path '/'
2026-05-14 20:28:23 [main] INFO  com.fitness.opp.OppApplication - Started OppApplication in 6.415 seconds (process running for 6.89)
2026-05-14 20:28:23 [main] DEBUG org.hibernate.SQL - 
    select
        u1_0.id,
        u1_0.coach_id,
        u1_0.email,
        u1_0.nutrition_plan_id,
        u1_0.password,
        u1_0.role,
        u1_0.username,
        u1_0.workout_group_id 
    from
        users u1_0 
    where
        u1_0.username=?
2026-05-14 20:28:24 [main] DEBUG org.hibernate.SQL - 
    select
        up1_0.id,
        up1_0.age,
        up1_0.fitness_goal,
        up1_0.user_id,
        up1_0.weight_kg 
    from
        user_profiles up1_0 
    where
        up1_0.user_id=?
2026-05-14 20:28:24 [main] DEBUG org.hibernate.SQL - 
    select
        u1_0.id,
        c1_0.id,
        c1_0.name,
        c1_0.specialization,
        u1_0.email,
        np1_0.id,
        np1_0.calories,
        np1_0.description,
        np1_0.name,
        u1_0.password,
        p1_0.id,
        p1_0.age,
        p1_0.fitness_goal,
        p1_0.user_id,
        p1_0.weight_kg,
        u1_0.role,
        u1_0.username,
        wg1_0.id,
        wg1_0.category,
        wg1_0.description,
        wg1_0.name 
    from
        users u1_0 
    left join
        coaches c1_0 
            on c1_0.id=u1_0.coach_id 
    left join
        nutrition_plans np1_0 
            on np1_0.id=u1_0.nutrition_plan_id 
    left join
        user_profiles p1_0 
            on u1_0.id=p1_0.user_id 
    left join
        workout_groups wg1_0 
            on wg1_0.id=u1_0.workout_group_id 
    where
        u1_0.id=?
2026-05-14 20:28:24 [main] DEBUG org.hibernate.SQL - 
    delete 
    from
        users 
    where
        id=?
2026-05-14 20:28:24 [main] DEBUG org.hibernate.SQL - 
    insert 
    into
        users
        (coach_id, email, nutrition_plan_id, password, role, username, workout_group_id, id) 
    values
        (?, ?, ?, ?, ?, ?, ?, default)
2026-05-14 20:28:28 [http-nio-8080-exec-1] INFO  o.a.c.c.C.[Tomcat].[localhost].[/] - Initializing Spring DispatcherServlet 'dispatcherServlet'
2026-05-14 20:28:28 [http-nio-8080-exec-1] INFO  o.s.web.servlet.DispatcherServlet - Initializing Servlet 'dispatcherServlet'
2026-05-14 20:28:28 [http-nio-8080-exec-1] INFO  o.s.web.servlet.DispatcherServlet - Completed initialization in 1 ms
2026-05-14 20:28:31 [http-nio-8080-exec-4] DEBUG org.hibernate.SQL - 
    select
        u1_0.id,
        u1_0.coach_id,
        u1_0.email,
        u1_0.nutrition_plan_id,
        u1_0.password,
        u1_0.role,
        u1_0.username,
        u1_0.workout_group_id 
    from
        users u1_0
2026-05-14 20:28:31 [http-nio-8080-exec-4] DEBUG org.hibernate.SQL - 
    select
        up1_0.id,
        up1_0.age,
        up1_0.fitness_goal,
        up1_0.user_id,
        up1_0.weight_kg 
    from
        user_profiles up1_0 
    where
        up1_0.user_id=?
2026-05-14 20:28:31 [http-nio-8080-exec-4] DEBUG org.hibernate.SQL - 
    select
        up1_0.id,
        up1_0.age,
        up1_0.fitness_goal,
        up1_0.user_id,
        up1_0.weight_kg 
    from
        user_profiles up1_0 
    where
        up1_0.user_id=?
2026-05-14 20:28:31 [http-nio-8080-exec-4] DEBUG org.hibernate.SQL - 
    select
        up1_0.id,
        up1_0.age,
        up1_0.fitness_goal,
        up1_0.user_id,
        up1_0.weight_kg 
    from
        user_profiles up1_0 
    where
        up1_0.user_id=?
2026-05-14 20:28:31 [http-nio-8080-exec-4] DEBUG org.hibernate.SQL - 
    select
        up1_0.id,
        up1_0.age,
        up1_0.fitness_goal,
        up1_0.user_id,
        up1_0.weight_kg 
    from
        user_profiles up1_0 
    where
        up1_0.user_id=?
2026-05-14 20:28:31 [http-nio-8080-exec-4] DEBUG org.hibernate.SQL - 
    select
        up1_0.id,
        up1_0.age,
        up1_0.fitness_goal,
        up1_0.user_id,
        up1_0.weight_kg 
    from
        user_profiles up1_0 
    where
        up1_0.user_id=?
2026-05-14 20:28:31 [http-nio-8080-exec-4] DEBUG org.hibernate.SQL - 
    select
        up1_0.id,
        up1_0.age,
        up1_0.fitness_goal,
        up1_0.user_id,
        up1_0.weight_kg 
    from
        user_profiles up1_0 
    where
        up1_0.user_id=?
2026-05-14 20:28:31 [http-nio-8080-exec-4] DEBUG org.hibernate.SQL - 
    select
        up1_0.id,
        up1_0.age,
        up1_0.fitness_goal,
        up1_0.user_id,
        up1_0.weight_kg 
    from
        user_profiles up1_0 
    where
        up1_0.user_id=?
2026-05-14 20:28:31 [http-nio-8080-exec-5] DEBUG org.hibernate.SQL - 
    select
        u1_0.id,
        u1_0.coach_id,
        u1_0.email,
        u1_0.nutrition_plan_id,
        u1_0.password,
        u1_0.role,
        u1_0.username,
        u1_0.workout_group_id 
    from
        users u1_0 
    order by
        u1_0.username 
    offset
        ? rows 
    fetch
        first ? rows only
2026-05-14 20:28:31 [http-nio-8080-exec-5] DEBUG org.hibernate.SQL - 
    select
        up1_0.id,
        up1_0.age,
        up1_0.fitness_goal,
        up1_0.user_id,
        up1_0.weight_kg 
    from
        user_profiles up1_0 
    where
        up1_0.user_id=?
2026-05-14 20:28:31 [http-nio-8080-exec-5] DEBUG org.hibernate.SQL - 
    select
        up1_0.id,
        up1_0.age,
        up1_0.fitness_goal,
        up1_0.user_id,
        up1_0.weight_kg 
    from
        user_profiles up1_0 
    where
        up1_0.user_id=?
2026-05-14 20:28:31 [http-nio-8080-exec-5] DEBUG org.hibernate.SQL - 
    select
        up1_0.id,
        up1_0.age,
        up1_0.fitness_goal,
        up1_0.user_id,
        up1_0.weight_kg 
    from
        user_profiles up1_0 
    where
        up1_0.user_id=?
2026-05-14 20:28:31 [http-nio-8080-exec-5] DEBUG org.hibernate.SQL - 
    select
        up1_0.id,
        up1_0.age,
        up1_0.fitness_goal,
        up1_0.user_id,
        up1_0.weight_kg 
    from
        user_profiles up1_0 
    where
        up1_0.user_id=?
2026-05-14 20:28:31 [http-nio-8080-exec-5] DEBUG org.hibernate.SQL - 
    select
        up1_0.id,
        up1_0.age,
        up1_0.fitness_goal,
        up1_0.user_id,
        up1_0.weight_kg 
    from
        user_profiles up1_0 
    where
        up1_0.user_id=?
2026-05-14 20:28:31 [http-nio-8080-exec-5] DEBUG org.hibernate.SQL - 
    select
        count(u1_0.id) 
    from
        users u1_0
2026-05-14 20:28:33 [http-nio-8080-exec-7] DEBUG org.hibernate.SQL - 
    select
        up1_0.id,
        up1_0.age,
        up1_0.fitness_goal,
        up1_0.user_id,
        up1_0.weight_kg 
    from
        user_profiles up1_0 
    order by
        up1_0.id 
    offset
        ? rows 
    fetch
        first ? rows only
2026-05-14 20:28:33 [http-nio-8080-exec-7] DEBUG org.hibernate.SQL - 
    select
        u1_0.id,
        c1_0.id,
        c1_0.name,
        c1_0.specialization,
        u1_0.email,
        np1_0.id,
        np1_0.calories,
        np1_0.description,
        np1_0.name,
        u1_0.password,
        p1_0.id,
        p1_0.age,
        p1_0.fitness_goal,
        p1_0.user_id,
        p1_0.weight_kg,
        u1_0.role,
        u1_0.username,
        wg1_0.id,
        wg1_0.category,
        wg1_0.description,
        wg1_0.name 
    from
        users u1_0 
    left join
        coaches c1_0 
            on c1_0.id=u1_0.coach_id 
    left join
        nutrition_plans np1_0 
            on np1_0.id=u1_0.nutrition_plan_id 
    left join
        user_profiles p1_0 
            on u1_0.id=p1_0.user_id 
    left join
        workout_groups wg1_0 
            on wg1_0.id=u1_0.workout_group_id 
    where
        u1_0.id=?
2026-05-14 20:28:34 [http-nio-8080-exec-8] DEBUG org.hibernate.SQL - 
    select
        c1_0.id,
        c1_0.name,
        c1_0.specialization 
    from
        coaches c1_0 
    order by
        c1_0.name 
    offset
        ? rows 
    fetch
        first ? rows only
2026-05-14 20:28:35 [http-nio-8080-exec-10] DEBUG org.hibernate.SQL - 
    select
        wg1_0.id,
        wg1_0.category,
        wg1_0.description,
        wg1_0.name 
    from
        workout_groups wg1_0 
    order by
        wg1_0.name 
    offset
        ? rows 
    fetch
        first ? rows only
2026-05-14 20:28:36 [http-nio-8080-exec-1] DEBUG org.hibernate.SQL - 
    select
        e1_0.id,
        e1_0.description,
        e1_0.duration,
        e1_0.muscle_group,
        e1_0.name,
        e1_0.reps,
        e1_0.sets 
    from
        exercises e1_0
2026-05-14 20:28:37 [http-nio-8080-exec-2] DEBUG org.hibernate.SQL - 
    select
        np1_0.id,
        np1_0.calories,
        np1_0.description,
        np1_0.name 
    from
        nutrition_plans np1_0 
    order by
        np1_0.name 
    offset
        ? rows 
    fetch
        first ? rows only
2026-05-14 20:28:38 [http-nio-8080-exec-3] DEBUG org.hibernate.SQL - 
    select
        e1_0.id,
        e1_0.description,
        e1_0.duration,
        e1_0.muscle_group,
        e1_0.name,
        e1_0.reps,
        e1_0.sets 
    from
        exercises e1_0
2026-05-14 20:28:43 [http-nio-8080-exec-4] DEBUG org.hibernate.SQL - 
    select
        e1_0.id,
        e1_0.description,
        e1_0.duration,
        e1_0.muscle_group,
        e1_0.name,
        e1_0.reps,
        e1_0.sets 
    from
        exercises e1_0 
    where
        e1_0.id=?
2026-05-14 20:28:43 [http-nio-8080-exec-4] DEBUG org.hibernate.SQL - 
    select
        wg1_0.id,
        wg1_0.category,
        wg1_0.description,
        wg1_0.name 
    from
        workout_groups wg1_0
2026-05-14 20:28:49 [http-nio-8080-exec-6] ERROR o.a.c.c.C.[.[.[.[dispatcherServlet] - Servlet.service() for servlet [dispatcherServlet] in context with path [] threw exception [Request processing failed: java.lang.RuntimeException: Business Error: Durata trebuie sa fie un numar pozitiv!] with root cause
java.lang.RuntimeException: Business Error: Durata trebuie sa fie un numar pozitiv!
	at com.fitness.opp.services.ExerciseServiceImpl.saveExercise(ExerciseServiceImpl.java:24)
	at com.fitness.opp.controller.ExerciseViewController.saveExercise(ExerciseViewController.java:40)
	at java.base/jdk.internal.reflect.DirectMethodHandleAccessor.invoke(DirectMethodHandleAccessor.java:103)
	at java.base/java.lang.reflect.Method.invoke(Method.java:580)
	at org.springframework.web.method.support.InvocableHandlerMethod.doInvoke(InvocableHandlerMethod.java:257)
	at org.springframework.web.method.support.InvocableHandlerMethod.invokeForRequest(InvocableHandlerMethod.java:190)
	at org.springframework.web.servlet.mvc.method.annotation.ServletInvocableHandlerMethod.invokeAndHandle(ServletInvocableHandlerMethod.java:118)
	at org.springframework.web.servlet.mvc.method.annotation.RequestMappingHandlerAdapter.invokeHandlerMethod(RequestMappingHandlerAdapter.java:986)
	at org.springframework.web.servlet.mvc.method.annotation.RequestMappingHandlerAdapter.handleInternal(RequestMappingHandlerAdapter.java:891)
	at org.springframework.web.servlet.mvc.method.AbstractHandlerMethodAdapter.handle(AbstractHandlerMethodAdapter.java:87)
	at org.springframework.web.servlet.DispatcherServlet.doDispatch(DispatcherServlet.java:1088)
	at org.springframework.web.servlet.DispatcherServlet.doService(DispatcherServlet.java:978)
	at org.springframework.web.servlet.FrameworkServlet.processRequest(FrameworkServlet.java:1014)
	at org.springframework.web.servlet.FrameworkServlet.doPost(FrameworkServlet.java:914)
	at jakarta.servlet.http.HttpServlet.service(HttpServlet.java:590)
	at org.springframework.web.servlet.FrameworkServlet.service(FrameworkServlet.java:885)
	at jakarta.servlet.http.HttpServlet.service(HttpServlet.java:658)
	at org.apache.catalina.core.ApplicationFilterChain.internalDoFilter(ApplicationFilterChain.java:195)
	at org.apache.catalina.core.ApplicationFilterChain.doFilter(ApplicationFilterChain.java:140)
	at org.apache.tomcat.websocket.server.WsFilter.doFilter(WsFilter.java:51)
	at org.apache.catalina.core.ApplicationFilterChain.internalDoFilter(ApplicationFilterChain.java:164)
	at org.apache.catalina.core.ApplicationFilterChain.doFilter(ApplicationFilterChain.java:140)
	at org.springframework.web.filter.CompositeFilter$VirtualFilterChain.doFilter(CompositeFilter.java:108)
	at org.springframework.security.web.FilterChainProxy.lambda$doFilterInternal$3(FilterChainProxy.java:231)
	at org.springframework.security.web.FilterChainProxy$VirtualFilterChain.doFilter(FilterChainProxy.java:365)
	at org.springframework.security.web.access.intercept.AuthorizationFilter.doFilter(AuthorizationFilter.java:101)
	at org.springframework.security.web.FilterChainProxy$VirtualFilterChain.doFilter(FilterChainProxy.java:374)
	at org.springframework.security.web.access.ExceptionTranslationFilter.doFilter(ExceptionTranslationFilter.java:126)
	at org.springframework.security.web.access.ExceptionTranslationFilter.doFilter(ExceptionTranslationFilter.java:120)
	at org.springframework.security.web.FilterChainProxy$VirtualFilterChain.doFilter(FilterChainProxy.java:374)
	at org.springframework.security.web.authentication.AnonymousAuthenticationFilter.doFilter(AnonymousAuthenticationFilter.java:100)
	at org.springframework.security.web.FilterChainProxy$VirtualFilterChain.doFilter(FilterChainProxy.java:374)
	at org.springframework.security.web.authentication.rememberme.RememberMeAuthenticationFilter.doFilter(RememberMeAuthenticationFilter.java:114)
	at org.springframework.security.web.authentication.rememberme.RememberMeAuthenticationFilter.doFilter(RememberMeAuthenticationFilter.java:105)
	at org.springframework.security.web.FilterChainProxy$VirtualFilterChain.doFilter(FilterChainProxy.java:374)
	at org.springframework.security.web.servletapi.SecurityContextHolderAwareRequestFilter.doFilter(SecurityContextHolderAwareRequestFilter.java:179)
	at org.springframework.security.web.FilterChainProxy$VirtualFilterChain.doFilter(FilterChainProxy.java:374)
	at org.springframework.security.web.savedrequest.RequestCacheAwareFilter.doFilter(RequestCacheAwareFilter.java:63)
	at org.springframework.security.web.FilterChainProxy$VirtualFilterChain.doFilter(FilterChainProxy.java:374)
	at org.springframework.security.web.authentication.AbstractAuthenticationProcessingFilter.doFilter(AbstractAuthenticationProcessingFilter.java:227)
	at org.springframework.security.web.authentication.AbstractAuthenticationProcessingFilter.doFilter(AbstractAuthenticationProcessingFilter.java:221)
	at org.springframework.security.web.FilterChainProxy$VirtualFilterChain.doFilter(FilterChainProxy.java:374)
	at org.springframework.security.web.authentication.logout.LogoutFilter.doFilter(LogoutFilter.java:107)
	at org.springframework.security.web.authentication.logout.LogoutFilter.doFilter(LogoutFilter.java:93)
	at org.springframework.security.web.FilterChainProxy$VirtualFilterChain.doFilter(FilterChainProxy.java:374)
	at org.springframework.security.web.csrf.CsrfFilter.doFilterInternal(CsrfFilter.java:131)
	at org.springframework.web.filter.OncePerRequestFilter.doFilter(OncePerRequestFilter.java:116)
	at org.springframework.security.web.FilterChainProxy$VirtualFilterChain.doFilter(FilterChainProxy.java:374)
	at org.springframework.security.web.header.HeaderWriterFilter.doHeadersAfter(HeaderWriterFilter.java:90)
	at org.springframework.security.web.header.HeaderWriterFilter.doFilterInternal(HeaderWriterFilter.java:75)
	at org.springframework.web.filter.OncePerRequestFilter.doFilter(OncePerRequestFilter.java:116)
	at org.springframework.security.web.FilterChainProxy$VirtualFilterChain.doFilter(FilterChainProxy.java:374)
	at org.springframework.security.web.context.SecurityContextHolderFilter.doFilter(SecurityContextHolderFilter.java:82)
	at org.springframework.security.web.context.SecurityContextHolderFilter.doFilter(SecurityContextHolderFilter.java:69)
	at org.springframework.security.web.FilterChainProxy$VirtualFilterChain.doFilter(FilterChainProxy.java:374)
	at org.springframework.security.web.context.request.async.WebAsyncManagerIntegrationFilter.doFilterInternal(WebAsyncManagerIntegrationFilter.java:62)
	at org.springframework.web.filter.OncePerRequestFilter.doFilter(OncePerRequestFilter.java:116)
	at org.springframework.security.web.FilterChainProxy$VirtualFilterChain.doFilter(FilterChainProxy.java:374)
	at org.springframework.security.web.session.DisableEncodeUrlFilter.doFilterInternal(DisableEncodeUrlFilter.java:42)
	at org.springframework.web.filter.OncePerRequestFilter.doFilter(OncePerRequestFilter.java:116)
	at org.springframework.security.web.FilterChainProxy$VirtualFilterChain.doFilter(FilterChainProxy.java:374)
	at org.springframework.security.web.FilterChainProxy.doFilterInternal(FilterChainProxy.java:233)
	at org.springframework.security.web.FilterChainProxy.doFilter(FilterChainProxy.java:191)
	at org.springframework.web.filter.CompositeFilter$VirtualFilterChain.doFilter(CompositeFilter.java:113)
	at org.springframework.web.servlet.handler.HandlerMappingIntrospector.lambda$createCacheFilter$3(HandlerMappingIntrospector.java:243)
	at org.springframework.web.filter.CompositeFilter$VirtualFilterChain.doFilter(CompositeFilter.java:113)
	at org.springframework.web.filter.CompositeFilter.doFilter(CompositeFilter.java:74)
	at org.springframework.security.config.annotation.web.configuration.WebMvcSecurityConfiguration$CompositeFilterChainProxy.doFilter(WebMvcSecurityConfiguration.java:238)
	at org.springframework.web.filter.DelegatingFilterProxy.invokeDelegate(DelegatingFilterProxy.java:362)
	at org.springframework.web.filter.DelegatingFilterProxy.doFilter(DelegatingFilterProxy.java:278)
	at org.apache.catalina.core.ApplicationFilterChain.internalDoFilter(ApplicationFilterChain.java:164)
	at org.apache.catalina.core.ApplicationFilterChain.doFilter(ApplicationFilterChain.java:140)
	at org.springframework.web.filter.RequestContextFilter.doFilterInternal(RequestContextFilter.java:100)
	at org.springframework.web.filter.OncePerRequestFilter.doFilter(OncePerRequestFilter.java:116)
	at org.apache.catalina.core.ApplicationFilterChain.internalDoFilter(ApplicationFilterChain.java:164)
	at org.apache.catalina.core.ApplicationFilterChain.doFilter(ApplicationFilterChain.java:140)
	at org.springframework.web.filter.FormContentFilter.doFilterInternal(FormContentFilter.java:93)
	at org.springframework.web.filter.OncePerRequestFilter.doFilter(OncePerRequestFilter.java:116)
	at org.apache.catalina.core.ApplicationFilterChain.internalDoFilter(ApplicationFilterChain.java:164)
	at org.apache.catalina.core.ApplicationFilterChain.doFilter(ApplicationFilterChain.java:140)
	at org.springframework.web.filter.CharacterEncodingFilter.doFilterInternal(CharacterEncodingFilter.java:201)
	at org.springframework.web.filter.OncePerRequestFilter.doFilter(OncePerRequestFilter.java:116)
	at org.apache.catalina.core.ApplicationFilterChain.internalDoFilter(ApplicationFilterChain.java:164)
	at org.apache.catalina.core.ApplicationFilterChain.doFilter(ApplicationFilterChain.java:140)
	at org.apache.catalina.core.StandardWrapperValve.invoke(StandardWrapperValve.java:167)
	at org.apache.catalina.core.StandardContextValve.invoke(StandardContextValve.java:90)
	at org.apache.catalina.authenticator.AuthenticatorBase.invoke(AuthenticatorBase.java:483)
	at org.apache.catalina.core.StandardHostValve.invoke(StandardHostValve.java:115)
	at org.apache.catalina.valves.ErrorReportValve.invoke(ErrorReportValve.java:93)
	at org.apache.catalina.core.StandardEngineValve.invoke(StandardEngineValve.java:74)
	at org.apache.catalina.connector.CoyoteAdapter.service(CoyoteAdapter.java:344)
	at org.apache.coyote.http11.Http11Processor.service(Http11Processor.java:397)
	at org.apache.coyote.AbstractProcessorLight.process(AbstractProcessorLight.java:63)
	at org.apache.coyote.AbstractProtocol$ConnectionHandler.process(AbstractProtocol.java:905)
	at org.apache.tomcat.util.net.NioEndpoint$SocketProcessor.doRun(NioEndpoint.java:1741)
	at org.apache.tomcat.util.net.SocketProcessorBase.run(SocketProcessorBase.java:52)
	at org.apache.tomcat.util.threads.ThreadPoolExecutor.runWorker(ThreadPoolExecutor.java:1190)
	at org.apache.tomcat.util.threads.ThreadPoolExecutor$Worker.run(ThreadPoolExecutor.java:659)
	at org.apache.tomcat.util.threads.TaskThread$WrappingRunnable.run(TaskThread.java:63)
	at java.base/java.lang.Thread.run(Thread.java:1583)
2026-05-14 20:28:53 [http-nio-8080-exec-8] DEBUG org.hibernate.SQL - 
    select
        e1_0.id,
        e1_0.description,
        e1_0.duration,
        e1_0.muscle_group,
        e1_0.name,
        e1_0.reps,
        e1_0.sets 
    from
        exercises e1_0 
    where
        e1_0.id=?
2026-05-14 20:28:53 [http-nio-8080-exec-8] DEBUG org.hibernate.SQL - 
    select
        wg1_0.id,
        wg1_0.category,
        wg1_0.description,
        wg1_0.name 
    from
        workout_groups wg1_0
2026-05-14 20:29:05 [http-nio-8080-exec-10] DEBUG org.hibernate.SQL - 
    select
        e1_0.id,
        e1_0.description,
        e1_0.duration,
        e1_0.muscle_group,
        e1_0.name,
        e1_0.reps,
        e1_0.sets 
    from
        exercises e1_0 
    where
        e1_0.id=?
2026-05-14 20:29:05 [http-nio-8080-exec-10] DEBUG org.hibernate.SQL - 
    update
        exercises 
    set
        description=?,
        duration=?,
        muscle_group=?,
        name=?,
        reps=?,
        sets=? 
    where
        id=?
2026-05-14 20:29:05 [http-nio-8080-exec-1] DEBUG org.hibernate.SQL - 
    select
        e1_0.id,
        e1_0.description,
        e1_0.duration,
        e1_0.muscle_group,
        e1_0.name,
        e1_0.reps,
        e1_0.sets 
    from
        exercises e1_0
2026-05-14 20:29:08 [http-nio-8080-exec-2] DEBUG org.hibernate.SQL - 
    select
        u1_0.id,
        u1_0.coach_id,
        u1_0.email,
        u1_0.nutrition_plan_id,
        u1_0.password,
        u1_0.role,
        u1_0.username,
        u1_0.workout_group_id 
    from
        users u1_0 
    order by
        u1_0.username 
    offset
        ? rows 
    fetch
        first ? rows only
2026-05-14 20:29:08 [http-nio-8080-exec-2] DEBUG org.hibernate.SQL - 
    select
        up1_0.id,
        up1_0.age,
        up1_0.fitness_goal,
        up1_0.user_id,
        up1_0.weight_kg 
    from
        user_profiles up1_0 
    where
        up1_0.user_id=?
2026-05-14 20:29:08 [http-nio-8080-exec-2] DEBUG org.hibernate.SQL - 
    select
        up1_0.id,
        up1_0.age,
        up1_0.fitness_goal,
        up1_0.user_id,
        up1_0.weight_kg 
    from
        user_profiles up1_0 
    where
        up1_0.user_id=?
2026-05-14 20:29:08 [http-nio-8080-exec-2] DEBUG org.hibernate.SQL - 
    select
        up1_0.id,
        up1_0.age,
        up1_0.fitness_goal,
        up1_0.user_id,
        up1_0.weight_kg 
    from
        user_profiles up1_0 
    where
        up1_0.user_id=?
2026-05-14 20:29:08 [http-nio-8080-exec-2] DEBUG org.hibernate.SQL - 
    select
        up1_0.id,
        up1_0.age,
        up1_0.fitness_goal,
        up1_0.user_id,
        up1_0.weight_kg 
    from
        user_profiles up1_0 
    where
        up1_0.user_id=?
2026-05-14 20:29:08 [http-nio-8080-exec-2] DEBUG org.hibernate.SQL - 
    select
        up1_0.id,
        up1_0.age,
        up1_0.fitness_goal,
        up1_0.user_id,
        up1_0.weight_kg 
    from
        user_profiles up1_0 
    where
        up1_0.user_id=?
2026-05-14 20:29:08 [http-nio-8080-exec-2] DEBUG org.hibernate.SQL - 
    select
        count(u1_0.id) 
    from
        users u1_0
2026-05-14 20:29:10 [http-nio-8080-exec-4] DEBUG org.hibernate.SQL - 
    select
        up1_0.id,
        up1_0.age,
        up1_0.fitness_goal,
        up1_0.user_id,
        up1_0.weight_kg 
    from
        user_profiles up1_0 
    order by
        up1_0.id 
    offset
        ? rows 
    fetch
        first ? rows only
2026-05-14 20:29:10 [http-nio-8080-exec-4] DEBUG org.hibernate.SQL - 
    select
        u1_0.id,
        c1_0.id,
        c1_0.name,
        c1_0.specialization,
        u1_0.email,
        np1_0.id,
        np1_0.calories,
        np1_0.description,
        np1_0.name,
        u1_0.password,
        p1_0.id,
        p1_0.age,
        p1_0.fitness_goal,
        p1_0.user_id,
        p1_0.weight_kg,
        u1_0.role,
        u1_0.username,
        wg1_0.id,
        wg1_0.category,
        wg1_0.description,
        wg1_0.name 
    from
        users u1_0 
    left join
        coaches c1_0 
            on c1_0.id=u1_0.coach_id 
    left join
        nutrition_plans np1_0 
            on np1_0.id=u1_0.nutrition_plan_id 
    left join
        user_profiles p1_0 
            on u1_0.id=p1_0.user_id 
    left join
        workout_groups wg1_0 
            on wg1_0.id=u1_0.workout_group_id 
    where
        u1_0.id=?
2026-05-14 20:29:10 [http-nio-8080-exec-5] DEBUG org.hibernate.SQL - 
    select
        u1_0.id,
        u1_0.coach_id,
        u1_0.email,
        u1_0.nutrition_plan_id,
        u1_0.password,
        u1_0.role,
        u1_0.username,
        u1_0.workout_group_id 
    from
        users u1_0 
    order by
        u1_0.username 
    offset
        ? rows 
    fetch
        first ? rows only
2026-05-14 20:29:10 [http-nio-8080-exec-5] DEBUG org.hibernate.SQL - 
    select
        up1_0.id,
        up1_0.age,
        up1_0.fitness_goal,
        up1_0.user_id,
        up1_0.weight_kg 
    from
        user_profiles up1_0 
    where
        up1_0.user_id=?
2026-05-14 20:29:10 [http-nio-8080-exec-5] DEBUG org.hibernate.SQL - 
    select
        up1_0.id,
        up1_0.age,
        up1_0.fitness_goal,
        up1_0.user_id,
        up1_0.weight_kg 
    from
        user_profiles up1_0 
    where
        up1_0.user_id=?
2026-05-14 20:29:10 [http-nio-8080-exec-5] DEBUG org.hibernate.SQL - 
    select
        up1_0.id,
        up1_0.age,
        up1_0.fitness_goal,
        up1_0.user_id,
        up1_0.weight_kg 
    from
        user_profiles up1_0 
    where
        up1_0.user_id=?
2026-05-14 20:29:10 [http-nio-8080-exec-5] DEBUG org.hibernate.SQL - 
    select
        up1_0.id,
        up1_0.age,
        up1_0.fitness_goal,
        up1_0.user_id,
        up1_0.weight_kg 
    from
        user_profiles up1_0 
    where
        up1_0.user_id=?
2026-05-14 20:29:10 [http-nio-8080-exec-5] DEBUG org.hibernate.SQL - 
    select
        up1_0.id,
        up1_0.age,
        up1_0.fitness_goal,
        up1_0.user_id,
        up1_0.weight_kg 
    from
        user_profiles up1_0 
    where
        up1_0.user_id=?
2026-05-14 20:29:10 [http-nio-8080-exec-5] DEBUG org.hibernate.SQL - 
    select
        count(u1_0.id) 
    from
        users u1_0
2026-05-14 20:32:37 [SpringApplicationShutdownHook] INFO  o.s.b.w.e.tomcat.GracefulShutdown - Commencing graceful shutdown. Waiting for active requests to complete
2026-05-14 20:32:37 [tomcat-shutdown] INFO  o.s.b.w.e.tomcat.GracefulShutdown - Graceful shutdown complete
2026-05-14 20:32:37 [SpringApplicationShutdownHook] INFO  o.s.o.j.LocalContainerEntityManagerFactoryBean - Closing JPA EntityManagerFactory for persistence unit 'default'
2026-05-14 20:32:37 [SpringApplicationShutdownHook] INFO  com.zaxxer.hikari.HikariDataSource - HikariPool-1 - Shutdown initiated...
2026-05-14 20:32:37 [SpringApplicationShutdownHook] INFO  com.zaxxer.hikari.HikariDataSource - HikariPool-1 - Shutdown completed.
2026-05-16 07:43:33 [main] INFO  com.fitness.opp.OppApplication - Starting OppApplication using Java 21.0.10 with PID 6888 (C:\Users\Dunduc George\Desktop\fitness\opp\target\classes started by Dunduc George in C:\Users\Dunduc George\Desktop\fitness)
2026-05-16 07:43:33 [main] DEBUG com.fitness.opp.OppApplication - Running with Spring Boot v3.4.1, Spring v6.2.1
2026-05-16 07:43:33 [main] INFO  com.fitness.opp.OppApplication - The following 1 profile is active: "dev"
2026-05-16 07:43:36 [main] INFO  o.s.d.r.c.RepositoryConfigurationDelegate - Bootstrapping Spring Data JPA repositories in DEFAULT mode.
2026-05-16 07:43:36 [main] INFO  o.s.d.r.c.RepositoryConfigurationDelegate - Finished Spring Data repository scanning in 85 ms. Found 6 JPA repository interfaces.
2026-05-16 07:43:38 [main] INFO  o.s.b.w.e.tomcat.TomcatWebServer - Tomcat initialized with port 8080 (http)
2026-05-16 07:43:38 [main] INFO  o.a.catalina.core.StandardService - Starting service [Tomcat]
2026-05-16 07:43:38 [main] INFO  o.a.catalina.core.StandardEngine - Starting Servlet engine: [Apache Tomcat/10.1.34]
2026-05-16 07:43:38 [main] INFO  o.a.c.c.C.[Tomcat].[localhost].[/] - Initializing Spring embedded WebApplicationContext
2026-05-16 07:43:38 [main] INFO  o.s.b.w.s.c.ServletWebServerApplicationContext - Root WebApplicationContext: initialization completed in 4994 ms
2026-05-16 07:43:39 [main] INFO  o.h.jpa.internal.util.LogHelper - HHH000204: Processing PersistenceUnitInfo [name: default]
2026-05-16 07:43:39 [main] INFO  org.hibernate.Version - HHH000412: Hibernate ORM core version 6.6.4.Final
2026-05-16 07:43:39 [main] INFO  o.h.c.i.RegionFactoryInitiator - HHH000026: Second-level cache disabled
2026-05-16 07:43:40 [main] INFO  o.s.o.j.p.SpringPersistenceUnitInfo - No LoadTimeWeaver setup: ignoring JPA class transformer
2026-05-16 07:43:40 [main] INFO  com.zaxxer.hikari.HikariDataSource - HikariPool-1 - Starting...
2026-05-16 07:43:41 [main] INFO  com.zaxxer.hikari.pool.HikariPool - HikariPool-1 - Added connection oracle.jdbc.driver.T4CConnection@177ddd24
2026-05-16 07:43:41 [main] INFO  com.zaxxer.hikari.HikariDataSource - HikariPool-1 - Start completed.
2026-05-16 07:43:42 [main] WARN  org.hibernate.orm.deprecation - HHH90000025: OracleDialect does not need to be specified explicitly using 'hibernate.dialect' (remove the property setting and it will be selected by default)
2026-05-16 07:43:42 [main] INFO  o.hibernate.orm.connections.pooling - HHH10001005: Database info:
	Database JDBC URL [Connecting through datasource 'HikariDataSource (HikariPool-1)']
	Database driver: undefined/unknown
	Database version: 21.3
	Autocommit mode: undefined/unknown
	Isolation level: undefined/unknown
	Minimum pool size: undefined/unknown
	Maximum pool size: undefined/unknown
2026-05-16 07:43:44 [main] INFO  o.h.e.t.j.p.i.JtaPlatformInitiator - HHH000489: No JTA platform available (set 'hibernate.transaction.jta.platform' to enable JTA platform integration)
2026-05-16 07:43:52 [main] INFO  o.s.o.j.LocalContainerEntityManagerFactoryBean - Initialized JPA EntityManagerFactory for persistence unit 'default'
2026-05-16 07:43:54 [main] WARN  o.s.b.a.o.j.JpaBaseConfiguration$JpaWebConfiguration - spring.jpa.open-in-view is enabled by default. Therefore, database queries may be performed during view rendering. Explicitly configure spring.jpa.open-in-view to disable this warning
2026-05-16 07:43:54 [main] INFO  o.s.s.c.a.a.c.InitializeAuthenticationProviderBeanManagerConfigurer$InitializeAuthenticationProviderManagerConfigurer - Global AuthenticationManager configured with AuthenticationProvider bean with name authenticationProvider
2026-05-16 07:43:54 [main] WARN  o.s.s.c.a.a.c.InitializeUserDetailsBeanManagerConfigurer$InitializeUserDetailsManagerConfigurer - Global AuthenticationManager configured with an AuthenticationProvider bean. UserDetailsService beans will not be used by Spring Security for automatically configuring username/password login. Consider removing the AuthenticationProvider bean. Alternatively, consider using the UserDetailsService in a manually instantiated DaoAuthenticationProvider. If the current configuration is intentional, to turn off this warning, increase the logging level of 'org.springframework.security.config.annotation.authentication.configuration.InitializeUserDetailsBeanManagerConfigurer' to ERROR
2026-05-16 07:43:55 [main] INFO  o.s.b.w.e.tomcat.TomcatWebServer - Tomcat started on port 8080 (http) with context path '/'
2026-05-16 07:43:55 [main] INFO  com.fitness.opp.OppApplication - Started OppApplication in 24.004 seconds (process running for 27.313)
2026-05-16 07:43:55 [main] DEBUG org.hibernate.SQL - 
    select
        u1_0.id,
        u1_0.coach_id,
        u1_0.email,
        u1_0.nutrition_plan_id,
        u1_0.password,
        u1_0.role,
        u1_0.username,
        u1_0.workout_group_id 
    from
        users u1_0 
    where
        u1_0.username=?
2026-05-16 07:43:55 [main] DEBUG org.hibernate.SQL - 
    select
        up1_0.id,
        up1_0.age,
        up1_0.fitness_goal,
        up1_0.user_id,
        up1_0.weight_kg 
    from
        user_profiles up1_0 
    where
        up1_0.user_id=?
2026-05-16 07:43:56 [main] DEBUG org.hibernate.SQL - 
    select
        u1_0.id,
        c1_0.id,
        c1_0.name,
        c1_0.specialization,
        u1_0.email,
        np1_0.id,
        np1_0.calories,
        np1_0.description,
        np1_0.name,
        u1_0.password,
        p1_0.id,
        p1_0.age,
        p1_0.fitness_goal,
        p1_0.user_id,
        p1_0.weight_kg,
        u1_0.role,
        u1_0.username,
        wg1_0.id,
        wg1_0.category,
        wg1_0.description,
        wg1_0.name 
    from
        users u1_0 
    left join
        coaches c1_0 
            on c1_0.id=u1_0.coach_id 
    left join
        nutrition_plans np1_0 
            on np1_0.id=u1_0.nutrition_plan_id 
    left join
        user_profiles p1_0 
            on u1_0.id=p1_0.user_id 
    left join
        workout_groups wg1_0 
            on wg1_0.id=u1_0.workout_group_id 
    where
        u1_0.id=?
2026-05-16 07:43:56 [main] DEBUG org.hibernate.SQL - 
    delete 
    from
        users 
    where
        id=?
2026-05-16 07:43:56 [main] DEBUG org.hibernate.SQL - 
    insert 
    into
        users
        (coach_id, email, nutrition_plan_id, password, role, username, workout_group_id, id) 
    values
        (?, ?, ?, ?, ?, ?, ?, default)
2026-05-16 08:04:48 [http-nio-8080-exec-1] INFO  o.a.c.c.C.[Tomcat].[localhost].[/] - Initializing Spring DispatcherServlet 'dispatcherServlet'
2026-05-16 08:04:48 [http-nio-8080-exec-1] INFO  o.s.web.servlet.DispatcherServlet - Initializing Servlet 'dispatcherServlet'
2026-05-16 08:04:48 [http-nio-8080-exec-1] INFO  o.s.web.servlet.DispatcherServlet - Completed initialization in 1 ms
2026-05-16 08:04:52 [http-nio-8080-exec-4] DEBUG org.hibernate.SQL - 
    select
        u1_0.id,
        u1_0.coach_id,
        u1_0.email,
        u1_0.nutrition_plan_id,
        u1_0.password,
        u1_0.role,
        u1_0.username,
        u1_0.workout_group_id 
    from
        users u1_0
2026-05-16 08:04:52 [http-nio-8080-exec-4] DEBUG org.hibernate.SQL - 
    select
        up1_0.id,
        up1_0.age,
        up1_0.fitness_goal,
        up1_0.user_id,
        up1_0.weight_kg 
    from
        user_profiles up1_0 
    where
        up1_0.user_id=?
2026-05-16 08:04:52 [http-nio-8080-exec-4] DEBUG org.hibernate.SQL - 
    select
        up1_0.id,
        up1_0.age,
        up1_0.fitness_goal,
        up1_0.user_id,
        up1_0.weight_kg 
    from
        user_profiles up1_0 
    where
        up1_0.user_id=?
2026-05-16 08:04:52 [http-nio-8080-exec-4] DEBUG org.hibernate.SQL - 
    select
        up1_0.id,
        up1_0.age,
        up1_0.fitness_goal,
        up1_0.user_id,
        up1_0.weight_kg 
    from
        user_profiles up1_0 
    where
        up1_0.user_id=?
2026-05-16 08:04:52 [http-nio-8080-exec-4] DEBUG org.hibernate.SQL - 
    select
        up1_0.id,
        up1_0.age,
        up1_0.fitness_goal,
        up1_0.user_id,
        up1_0.weight_kg 
    from
        user_profiles up1_0 
    where
        up1_0.user_id=?
2026-05-16 08:04:52 [http-nio-8080-exec-4] DEBUG org.hibernate.SQL - 
    select
        up1_0.id,
        up1_0.age,
        up1_0.fitness_goal,
        up1_0.user_id,
        up1_0.weight_kg 
    from
        user_profiles up1_0 
    where
        up1_0.user_id=?
2026-05-16 08:04:52 [http-nio-8080-exec-4] DEBUG org.hibernate.SQL - 
    select
        up1_0.id,
        up1_0.age,
        up1_0.fitness_goal,
        up1_0.user_id,
        up1_0.weight_kg 
    from
        user_profiles up1_0 
    where
        up1_0.user_id=?
2026-05-16 08:04:52 [http-nio-8080-exec-4] DEBUG org.hibernate.SQL - 
    select
        up1_0.id,
        up1_0.age,
        up1_0.fitness_goal,
        up1_0.user_id,
        up1_0.weight_kg 
    from
        user_profiles up1_0 
    where
        up1_0.user_id=?
2026-05-16 08:04:53 [http-nio-8080-exec-5] DEBUG org.hibernate.SQL - 
    select
        u1_0.id,
        u1_0.coach_id,
        u1_0.email,
        u1_0.nutrition_plan_id,
        u1_0.password,
        u1_0.role,
        u1_0.username,
        u1_0.workout_group_id 
    from
        users u1_0 
    order by
        u1_0.username 
    offset
        ? rows 
    fetch
        first ? rows only
2026-05-16 08:04:53 [http-nio-8080-exec-5] DEBUG org.hibernate.SQL - 
    select
        up1_0.id,
        up1_0.age,
        up1_0.fitness_goal,
        up1_0.user_id,
        up1_0.weight_kg 
    from
        user_profiles up1_0 
    where
        up1_0.user_id=?
2026-05-16 08:04:53 [http-nio-8080-exec-5] DEBUG org.hibernate.SQL - 
    select
        up1_0.id,
        up1_0.age,
        up1_0.fitness_goal,
        up1_0.user_id,
        up1_0.weight_kg 
    from
        user_profiles up1_0 
    where
        up1_0.user_id=?
2026-05-16 08:04:53 [http-nio-8080-exec-5] DEBUG org.hibernate.SQL - 
    select
        up1_0.id,
        up1_0.age,
        up1_0.fitness_goal,
        up1_0.user_id,
        up1_0.weight_kg 
    from
        user_profiles up1_0 
    where
        up1_0.user_id=?
2026-05-16 08:04:53 [http-nio-8080-exec-5] DEBUG org.hibernate.SQL - 
    select
        up1_0.id,
        up1_0.age,
        up1_0.fitness_goal,
        up1_0.user_id,
        up1_0.weight_kg 
    from
        user_profiles up1_0 
    where
        up1_0.user_id=?
2026-05-16 08:04:53 [http-nio-8080-exec-5] DEBUG org.hibernate.SQL - 
    select
        up1_0.id,
        up1_0.age,
        up1_0.fitness_goal,
        up1_0.user_id,
        up1_0.weight_kg 
    from
        user_profiles up1_0 
    where
        up1_0.user_id=?
2026-05-16 08:04:53 [http-nio-8080-exec-5] DEBUG org.hibernate.SQL - 
    select
        count(u1_0.id) 
    from
        users u1_0
2026-05-16 08:04:54 [http-nio-8080-exec-7] DEBUG org.hibernate.SQL - 
    select
        np1_0.id,
        np1_0.calories,
        np1_0.description,
        np1_0.name 
    from
        nutrition_plans np1_0 
    order by
        np1_0.name 
    offset
        ? rows 
    fetch
        first ? rows only
2026-05-16 08:17:18 [http-nio-8080-exec-2] DEBUG org.hibernate.SQL - 
    select
        np1_0.id,
        np1_0.calories,
        np1_0.description,
        np1_0.name 
    from
        nutrition_plans np1_0 
    order by
        np1_0.name 
    offset
        ? rows 
    fetch
        first ? rows only
2026-05-16 08:17:53 [http-nio-8080-exec-5] DEBUG org.hibernate.SQL - 
    insert 
    into
        nutrition_plans
        (calories, description, name, id) 
    values
        (?, ?, ?, default)
2026-05-16 08:17:53 [http-nio-8080-exec-6] DEBUG org.hibernate.SQL - 
    select
        np1_0.id,
        np1_0.calories,
        np1_0.description,
        np1_0.name 
    from
        nutrition_plans np1_0 
    order by
        np1_0.name 
    offset
        ? rows 
    fetch
        first ? rows only
2026-05-16 08:26:37 [http-nio-8080-exec-9] DEBUG org.hibernate.SQL - 
    select
        np1_0.id,
        np1_0.calories,
        np1_0.description,
        np1_0.name 
    from
        nutrition_plans np1_0 
    order by
        np1_0.name 
    offset
        ? rows 
    fetch
        first ? rows only
2026-05-16 08:26:39 [SpringApplicationShutdownHook] INFO  o.s.b.w.e.tomcat.GracefulShutdown - Commencing graceful shutdown. Waiting for active requests to complete
2026-05-16 08:26:39 [tomcat-shutdown] INFO  o.s.b.w.e.tomcat.GracefulShutdown - Graceful shutdown complete
2026-05-16 08:26:39 [SpringApplicationShutdownHook] INFO  o.s.o.j.LocalContainerEntityManagerFactoryBean - Closing JPA EntityManagerFactory for persistence unit 'default'
2026-05-16 08:26:39 [SpringApplicationShutdownHook] INFO  com.zaxxer.hikari.HikariDataSource - HikariPool-1 - Shutdown initiated...
2026-05-16 08:26:39 [SpringApplicationShutdownHook] INFO  com.zaxxer.hikari.HikariDataSource - HikariPool-1 - Shutdown completed.
2026-05-16 08:27:01 [main] INFO  com.fitness.opp.OppApplication - Starting OppApplication using Java 21.0.10 with PID 10504 (C:\Users\Dunduc George\Desktop\fitness\opp\target\classes started by Dunduc George in C:\Users\Dunduc George\Desktop\fitness)
2026-05-16 08:27:01 [main] DEBUG com.fitness.opp.OppApplication - Running with Spring Boot v3.4.1, Spring v6.2.1
2026-05-16 08:27:01 [main] INFO  com.fitness.opp.OppApplication - The following 1 profile is active: "dev"
2026-05-16 08:27:01 [main] INFO  o.s.d.r.c.RepositoryConfigurationDelegate - Bootstrapping Spring Data JPA repositories in DEFAULT mode.
2026-05-16 08:27:02 [main] INFO  o.s.d.r.c.RepositoryConfigurationDelegate - Finished Spring Data repository scanning in 78 ms. Found 6 JPA repository interfaces.
2026-05-16 08:27:02 [main] INFO  o.s.b.w.e.tomcat.TomcatWebServer - Tomcat initialized with port 8080 (http)
2026-05-16 08:27:02 [main] INFO  o.a.catalina.core.StandardService - Starting service [Tomcat]
2026-05-16 08:27:02 [main] INFO  o.a.catalina.core.StandardEngine - Starting Servlet engine: [Apache Tomcat/10.1.34]
2026-05-16 08:27:02 [main] INFO  o.a.c.c.C.[Tomcat].[localhost].[/] - Initializing Spring embedded WebApplicationContext
2026-05-16 08:27:02 [main] INFO  o.s.b.w.s.c.ServletWebServerApplicationContext - Root WebApplicationContext: initialization completed in 1603 ms
2026-05-16 08:27:03 [main] INFO  o.h.jpa.internal.util.LogHelper - HHH000204: Processing PersistenceUnitInfo [name: default]
2026-05-16 08:27:03 [main] INFO  org.hibernate.Version - HHH000412: Hibernate ORM core version 6.6.4.Final
2026-05-16 08:27:03 [main] INFO  o.h.c.i.RegionFactoryInitiator - HHH000026: Second-level cache disabled
2026-05-16 08:27:03 [main] INFO  o.s.o.j.p.SpringPersistenceUnitInfo - No LoadTimeWeaver setup: ignoring JPA class transformer
2026-05-16 08:27:03 [main] INFO  com.zaxxer.hikari.HikariDataSource - HikariPool-1 - Starting...
2026-05-16 08:27:03 [main] INFO  com.zaxxer.hikari.pool.HikariPool - HikariPool-1 - Added connection oracle.jdbc.driver.T4CConnection@5aa7cfdf
2026-05-16 08:27:03 [main] INFO  com.zaxxer.hikari.HikariDataSource - HikariPool-1 - Start completed.
2026-05-16 08:27:04 [main] WARN  org.hibernate.orm.deprecation - HHH90000025: OracleDialect does not need to be specified explicitly using 'hibernate.dialect' (remove the property setting and it will be selected by default)
2026-05-16 08:27:04 [main] INFO  o.hibernate.orm.connections.pooling - HHH10001005: Database info:
	Database JDBC URL [Connecting through datasource 'HikariDataSource (HikariPool-1)']
	Database driver: undefined/unknown
	Database version: 21.3
	Autocommit mode: undefined/unknown
	Isolation level: undefined/unknown
	Minimum pool size: undefined/unknown
	Maximum pool size: undefined/unknown
2026-05-16 08:27:05 [main] INFO  o.h.e.t.j.p.i.JtaPlatformInitiator - HHH000489: No JTA platform available (set 'hibernate.transaction.jta.platform' to enable JTA platform integration)
2026-05-16 08:27:08 [main] INFO  o.s.o.j.LocalContainerEntityManagerFactoryBean - Initialized JPA EntityManagerFactory for persistence unit 'default'
2026-05-16 08:27:08 [main] WARN  o.s.b.a.o.j.JpaBaseConfiguration$JpaWebConfiguration - spring.jpa.open-in-view is enabled by default. Therefore, database queries may be performed during view rendering. Explicitly configure spring.jpa.open-in-view to disable this warning
2026-05-16 08:27:08 [main] INFO  o.s.s.c.a.a.c.InitializeAuthenticationProviderBeanManagerConfigurer$InitializeAuthenticationProviderManagerConfigurer - Global AuthenticationManager configured with AuthenticationProvider bean with name authenticationProvider
2026-05-16 08:27:08 [main] WARN  o.s.s.c.a.a.c.InitializeUserDetailsBeanManagerConfigurer$InitializeUserDetailsManagerConfigurer - Global AuthenticationManager configured with an AuthenticationProvider bean. UserDetailsService beans will not be used by Spring Security for automatically configuring username/password login. Consider removing the AuthenticationProvider bean. Alternatively, consider using the UserDetailsService in a manually instantiated DaoAuthenticationProvider. If the current configuration is intentional, to turn off this warning, increase the logging level of 'org.springframework.security.config.annotation.authentication.configuration.InitializeUserDetailsBeanManagerConfigurer' to ERROR
2026-05-16 08:27:09 [main] INFO  o.s.b.w.e.tomcat.TomcatWebServer - Tomcat started on port 8080 (http) with context path '/'
2026-05-16 08:27:09 [main] INFO  com.fitness.opp.OppApplication - Started OppApplication in 8.999 seconds (process running for 9.508)
2026-05-16 08:27:09 [main] DEBUG org.hibernate.SQL - 
    select
        u1_0.id,
        u1_0.coach_id,
        u1_0.email,
        u1_0.nutrition_plan_id,
        u1_0.password,
        u1_0.role,
        u1_0.username,
        u1_0.workout_group_id 
    from
        users u1_0 
    where
        u1_0.username=?
2026-05-16 08:27:09 [main] DEBUG org.hibernate.SQL - 
    select
        up1_0.id,
        up1_0.age,
        up1_0.fitness_goal,
        up1_0.user_id,
        up1_0.weight_kg 
    from
        user_profiles up1_0 
    where
        up1_0.user_id=?
2026-05-16 08:27:09 [main] DEBUG org.hibernate.SQL - 
    select
        u1_0.id,
        c1_0.id,
        c1_0.name,
        c1_0.specialization,
        u1_0.email,
        np1_0.id,
        np1_0.calories,
        np1_0.description,
        np1_0.name,
        u1_0.password,
        p1_0.id,
        p1_0.age,
        p1_0.fitness_goal,
        p1_0.user_id,
        p1_0.weight_kg,
        u1_0.role,
        u1_0.username,
        wg1_0.id,
        wg1_0.category,
        wg1_0.description,
        wg1_0.name 
    from
        users u1_0 
    left join
        coaches c1_0 
            on c1_0.id=u1_0.coach_id 
    left join
        nutrition_plans np1_0 
            on np1_0.id=u1_0.nutrition_plan_id 
    left join
        user_profiles p1_0 
            on u1_0.id=p1_0.user_id 
    left join
        workout_groups wg1_0 
            on wg1_0.id=u1_0.workout_group_id 
    where
        u1_0.id=?
2026-05-16 08:27:09 [main] DEBUG org.hibernate.SQL - 
    delete 
    from
        users 
    where
        id=?
2026-05-16 08:27:09 [main] DEBUG org.hibernate.SQL - 
    insert 
    into
        users
        (coach_id, email, nutrition_plan_id, password, role, username, workout_group_id, id) 
    values
        (?, ?, ?, ?, ?, ?, ?, default)
2026-05-16 08:27:13 [http-nio-8080-exec-2] INFO  o.a.c.c.C.[Tomcat].[localhost].[/] - Initializing Spring DispatcherServlet 'dispatcherServlet'
2026-05-16 08:27:13 [http-nio-8080-exec-2] INFO  o.s.web.servlet.DispatcherServlet - Initializing Servlet 'dispatcherServlet'
2026-05-16 08:27:13 [http-nio-8080-exec-2] INFO  o.s.web.servlet.DispatcherServlet - Completed initialization in 1 ms
2026-05-16 08:27:17 [http-nio-8080-exec-4] DEBUG org.hibernate.SQL - 
    select
        u1_0.id,
        u1_0.coach_id,
        u1_0.email,
        u1_0.nutrition_plan_id,
        u1_0.password,
        u1_0.role,
        u1_0.username,
        u1_0.workout_group_id 
    from
        users u1_0
2026-05-16 08:27:17 [http-nio-8080-exec-4] DEBUG org.hibernate.SQL - 
    select
        up1_0.id,
        up1_0.age,
        up1_0.fitness_goal,
        up1_0.user_id,
        up1_0.weight_kg 
    from
        user_profiles up1_0 
    where
        up1_0.user_id=?
2026-05-16 08:27:17 [http-nio-8080-exec-4] DEBUG org.hibernate.SQL - 
    select
        up1_0.id,
        up1_0.age,
        up1_0.fitness_goal,
        up1_0.user_id,
        up1_0.weight_kg 
    from
        user_profiles up1_0 
    where
        up1_0.user_id=?
2026-05-16 08:27:17 [http-nio-8080-exec-4] DEBUG org.hibernate.SQL - 
    select
        up1_0.id,
        up1_0.age,
        up1_0.fitness_goal,
        up1_0.user_id,
        up1_0.weight_kg 
    from
        user_profiles up1_0 
    where
        up1_0.user_id=?
2026-05-16 08:27:17 [http-nio-8080-exec-4] DEBUG org.hibernate.SQL - 
    select
        up1_0.id,
        up1_0.age,
        up1_0.fitness_goal,
        up1_0.user_id,
        up1_0.weight_kg 
    from
        user_profiles up1_0 
    where
        up1_0.user_id=?
2026-05-16 08:27:17 [http-nio-8080-exec-4] DEBUG org.hibernate.SQL - 
    select
        up1_0.id,
        up1_0.age,
        up1_0.fitness_goal,
        up1_0.user_id,
        up1_0.weight_kg 
    from
        user_profiles up1_0 
    where
        up1_0.user_id=?
2026-05-16 08:27:17 [http-nio-8080-exec-4] DEBUG org.hibernate.SQL - 
    select
        up1_0.id,
        up1_0.age,
        up1_0.fitness_goal,
        up1_0.user_id,
        up1_0.weight_kg 
    from
        user_profiles up1_0 
    where
        up1_0.user_id=?
2026-05-16 08:27:17 [http-nio-8080-exec-4] DEBUG org.hibernate.SQL - 
    select
        up1_0.id,
        up1_0.age,
        up1_0.fitness_goal,
        up1_0.user_id,
        up1_0.weight_kg 
    from
        user_profiles up1_0 
    where
        up1_0.user_id=?
2026-05-16 08:27:17 [http-nio-8080-exec-5] DEBUG org.hibernate.SQL - 
    select
        u1_0.id,
        u1_0.coach_id,
        u1_0.email,
        u1_0.nutrition_plan_id,
        u1_0.password,
        u1_0.role,
        u1_0.username,
        u1_0.workout_group_id 
    from
        users u1_0 
    order by
        u1_0.username 
    offset
        ? rows 
    fetch
        first ? rows only
2026-05-16 08:27:17 [http-nio-8080-exec-5] DEBUG org.hibernate.SQL - 
    select
        up1_0.id,
        up1_0.age,
        up1_0.fitness_goal,
        up1_0.user_id,
        up1_0.weight_kg 
    from
        user_profiles up1_0 
    where
        up1_0.user_id=?
2026-05-16 08:27:17 [http-nio-8080-exec-5] DEBUG org.hibernate.SQL - 
    select
        up1_0.id,
        up1_0.age,
        up1_0.fitness_goal,
        up1_0.user_id,
        up1_0.weight_kg 
    from
        user_profiles up1_0 
    where
        up1_0.user_id=?
2026-05-16 08:27:17 [http-nio-8080-exec-5] DEBUG org.hibernate.SQL - 
    select
        up1_0.id,
        up1_0.age,
        up1_0.fitness_goal,
        up1_0.user_id,
        up1_0.weight_kg 
    from
        user_profiles up1_0 
    where
        up1_0.user_id=?
2026-05-16 08:27:17 [http-nio-8080-exec-5] DEBUG org.hibernate.SQL - 
    select
        up1_0.id,
        up1_0.age,
        up1_0.fitness_goal,
        up1_0.user_id,
        up1_0.weight_kg 
    from
        user_profiles up1_0 
    where
        up1_0.user_id=?
2026-05-16 08:27:17 [http-nio-8080-exec-5] DEBUG org.hibernate.SQL - 
    select
        up1_0.id,
        up1_0.age,
        up1_0.fitness_goal,
        up1_0.user_id,
        up1_0.weight_kg 
    from
        user_profiles up1_0 
    where
        up1_0.user_id=?
2026-05-16 08:27:17 [http-nio-8080-exec-5] DEBUG org.hibernate.SQL - 
    select
        count(u1_0.id) 
    from
        users u1_0
2026-05-16 08:27:18 [http-nio-8080-exec-6] DEBUG org.hibernate.SQL - 
    select
        np1_0.id,
        np1_0.calories,
        np1_0.description,
        np1_0.name 
    from
        nutrition_plans np1_0 
    order by
        np1_0.name 
    offset
        ? rows 
    fetch
        first ? rows only
2026-05-16 08:27:20 [http-nio-8080-exec-8] DEBUG org.hibernate.SQL - 
    select
        e1_0.id,
        e1_0.description,
        e1_0.duration,
        e1_0.muscle_group,
        e1_0.name,
        e1_0.reps,
        e1_0.sets 
    from
        exercises e1_0
2026-05-16 08:27:22 [http-nio-8080-exec-10] DEBUG org.hibernate.SQL - 
    select
        wg1_0.id,
        wg1_0.category,
        wg1_0.description,
        wg1_0.name 
    from
        workout_groups wg1_0 
    order by
        wg1_0.name 
    offset
        ? rows 
    fetch
        first ? rows only
2026-05-16 08:27:22 [http-nio-8080-exec-2] DEBUG org.hibernate.SQL - 
    select
        np1_0.id,
        np1_0.calories,
        np1_0.description,
        np1_0.name 
    from
        nutrition_plans np1_0 
    order by
        np1_0.name 
    offset
        ? rows 
    fetch
        first ? rows only
2026-05-16 08:27:23 [http-nio-8080-exec-1] DEBUG org.hibernate.SQL - 
    select
        c1_0.id,
        c1_0.name,
        c1_0.specialization 
    from
        coaches c1_0 
    order by
        c1_0.name 
    offset
        ? rows 
    fetch
        first ? rows only
2026-05-16 08:27:24 [http-nio-8080-exec-3] DEBUG org.hibernate.SQL - 
    select
        wg1_0.id,
        wg1_0.category,
        wg1_0.description,
        wg1_0.name 
    from
        workout_groups wg1_0 
    order by
        wg1_0.name 
    offset
        ? rows 
    fetch
        first ? rows only
2026-05-16 08:27:24 [http-nio-8080-exec-4] DEBUG org.hibernate.SQL - 
    select
        up1_0.id,
        up1_0.age,
        up1_0.fitness_goal,
        up1_0.user_id,
        up1_0.weight_kg 
    from
        user_profiles up1_0 
    order by
        up1_0.id 
    offset
        ? rows 
    fetch
        first ? rows only
2026-05-16 08:27:25 [http-nio-8080-exec-4] DEBUG org.hibernate.SQL - 
    select
        u1_0.id,
        c1_0.id,
        c1_0.name,
        c1_0.specialization,
        u1_0.email,
        np1_0.id,
        np1_0.calories,
        np1_0.description,
        np1_0.name,
        u1_0.password,
        p1_0.id,
        p1_0.age,
        p1_0.fitness_goal,
        p1_0.user_id,
        p1_0.weight_kg,
        u1_0.role,
        u1_0.username,
        wg1_0.id,
        wg1_0.category,
        wg1_0.description,
        wg1_0.name 
    from
        users u1_0 
    left join
        coaches c1_0 
            on c1_0.id=u1_0.coach_id 
    left join
        nutrition_plans np1_0 
            on np1_0.id=u1_0.nutrition_plan_id 
    left join
        user_profiles p1_0 
            on u1_0.id=p1_0.user_id 
    left join
        workout_groups wg1_0 
            on wg1_0.id=u1_0.workout_group_id 
    where
        u1_0.id=?
2026-05-16 08:27:25 [http-nio-8080-exec-7] DEBUG org.hibernate.SQL - 
    select
        u1_0.id,
        u1_0.coach_id,
        u1_0.email,
        u1_0.nutrition_plan_id,
        u1_0.password,
        u1_0.role,
        u1_0.username,
        u1_0.workout_group_id 
    from
        users u1_0 
    order by
        u1_0.username 
    offset
        ? rows 
    fetch
        first ? rows only
2026-05-16 08:27:25 [http-nio-8080-exec-7] DEBUG org.hibernate.SQL - 
    select
        up1_0.id,
        up1_0.age,
        up1_0.fitness_goal,
        up1_0.user_id,
        up1_0.weight_kg 
    from
        user_profiles up1_0 
    where
        up1_0.user_id=?
2026-05-16 08:27:25 [http-nio-8080-exec-7] DEBUG org.hibernate.SQL - 
    select
        up1_0.id,
        up1_0.age,
        up1_0.fitness_goal,
        up1_0.user_id,
        up1_0.weight_kg 
    from
        user_profiles up1_0 
    where
        up1_0.user_id=?
2026-05-16 08:27:25 [http-nio-8080-exec-7] DEBUG org.hibernate.SQL - 
    select
        up1_0.id,
        up1_0.age,
        up1_0.fitness_goal,
        up1_0.user_id,
        up1_0.weight_kg 
    from
        user_profiles up1_0 
    where
        up1_0.user_id=?
2026-05-16 08:27:25 [http-nio-8080-exec-7] DEBUG org.hibernate.SQL - 
    select
        up1_0.id,
        up1_0.age,
        up1_0.fitness_goal,
        up1_0.user_id,
        up1_0.weight_kg 
    from
        user_profiles up1_0 
    where
        up1_0.user_id=?
2026-05-16 08:27:25 [http-nio-8080-exec-7] DEBUG org.hibernate.SQL - 
    select
        up1_0.id,
        up1_0.age,
        up1_0.fitness_goal,
        up1_0.user_id,
        up1_0.weight_kg 
    from
        user_profiles up1_0 
    where
        up1_0.user_id=?
2026-05-16 08:27:25 [http-nio-8080-exec-7] DEBUG org.hibernate.SQL - 
    select
        count(u1_0.id) 
    from
        users u1_0
2026-05-16 08:27:25 [http-nio-8080-exec-6] DEBUG org.hibernate.SQL - 
    select
        up1_0.id,
        up1_0.age,
        up1_0.fitness_goal,
        up1_0.user_id,
        up1_0.weight_kg 
    from
        user_profiles up1_0 
    order by
        up1_0.id 
    offset
        ? rows 
    fetch
        first ? rows only
2026-05-16 08:27:25 [http-nio-8080-exec-6] DEBUG org.hibernate.SQL - 
    select
        u1_0.id,
        c1_0.id,
        c1_0.name,
        c1_0.specialization,
        u1_0.email,
        np1_0.id,
        np1_0.calories,
        np1_0.description,
        np1_0.name,
        u1_0.password,
        p1_0.id,
        p1_0.age,
        p1_0.fitness_goal,
        p1_0.user_id,
        p1_0.weight_kg,
        u1_0.role,
        u1_0.username,
        wg1_0.id,
        wg1_0.category,
        wg1_0.description,
        wg1_0.name 
    from
        users u1_0 
    left join
        coaches c1_0 
            on c1_0.id=u1_0.coach_id 
    left join
        nutrition_plans np1_0 
            on np1_0.id=u1_0.nutrition_plan_id 
    left join
        user_profiles p1_0 
            on u1_0.id=p1_0.user_id 
    left join
        workout_groups wg1_0 
            on wg1_0.id=u1_0.workout_group_id 
    where
        u1_0.id=?
2026-05-16 08:27:26 [http-nio-8080-exec-8] DEBUG org.hibernate.SQL - 
    select
        u1_0.id,
        u1_0.coach_id,
        u1_0.email,
        u1_0.nutrition_plan_id,
        u1_0.password,
        u1_0.role,
        u1_0.username,
        u1_0.workout_group_id 
    from
        users u1_0 
    order by
        u1_0.username 
    offset
        ? rows 
    fetch
        first ? rows only
2026-05-16 08:27:26 [http-nio-8080-exec-8] DEBUG org.hibernate.SQL - 
    select
        up1_0.id,
        up1_0.age,
        up1_0.fitness_goal,
        up1_0.user_id,
        up1_0.weight_kg 
    from
        user_profiles up1_0 
    where
        up1_0.user_id=?
2026-05-16 08:27:26 [http-nio-8080-exec-8] DEBUG org.hibernate.SQL - 
    select
        up1_0.id,
        up1_0.age,
        up1_0.fitness_goal,
        up1_0.user_id,
        up1_0.weight_kg 
    from
        user_profiles up1_0 
    where
        up1_0.user_id=?
2026-05-16 08:27:26 [http-nio-8080-exec-8] DEBUG org.hibernate.SQL - 
    select
        up1_0.id,
        up1_0.age,
        up1_0.fitness_goal,
        up1_0.user_id,
        up1_0.weight_kg 
    from
        user_profiles up1_0 
    where
        up1_0.user_id=?
2026-05-16 08:27:26 [http-nio-8080-exec-8] DEBUG org.hibernate.SQL - 
    select
        up1_0.id,
        up1_0.age,
        up1_0.fitness_goal,
        up1_0.user_id,
        up1_0.weight_kg 
    from
        user_profiles up1_0 
    where
        up1_0.user_id=?
2026-05-16 08:27:26 [http-nio-8080-exec-8] DEBUG org.hibernate.SQL - 
    select
        up1_0.id,
        up1_0.age,
        up1_0.fitness_goal,
        up1_0.user_id,
        up1_0.weight_kg 
    from
        user_profiles up1_0 
    where
        up1_0.user_id=?
2026-05-16 08:27:26 [http-nio-8080-exec-8] DEBUG org.hibernate.SQL - 
    select
        count(u1_0.id) 
    from
        users u1_0
2026-05-16 08:27:26 [http-nio-8080-exec-9] DEBUG org.hibernate.SQL - 
    select
        up1_0.id,
        up1_0.age,
        up1_0.fitness_goal,
        up1_0.user_id,
        up1_0.weight_kg 
    from
        user_profiles up1_0 
    order by
        up1_0.id 
    offset
        ? rows 
    fetch
        first ? rows only
2026-05-16 08:27:26 [http-nio-8080-exec-9] DEBUG org.hibernate.SQL - 
    select
        u1_0.id,
        c1_0.id,
        c1_0.name,
        c1_0.specialization,
        u1_0.email,
        np1_0.id,
        np1_0.calories,
        np1_0.description,
        np1_0.name,
        u1_0.password,
        p1_0.id,
        p1_0.age,
        p1_0.fitness_goal,
        p1_0.user_id,
        p1_0.weight_kg,
        u1_0.role,
        u1_0.username,
        wg1_0.id,
        wg1_0.category,
        wg1_0.description,
        wg1_0.name 
    from
        users u1_0 
    left join
        coaches c1_0 
            on c1_0.id=u1_0.coach_id 
    left join
        nutrition_plans np1_0 
            on np1_0.id=u1_0.nutrition_plan_id 
    left join
        user_profiles p1_0 
            on u1_0.id=p1_0.user_id 
    left join
        workout_groups wg1_0 
            on wg1_0.id=u1_0.workout_group_id 
    where
        u1_0.id=?
2026-05-16 08:27:27 [http-nio-8080-exec-10] DEBUG org.hibernate.SQL - 
    select
        c1_0.id,
        c1_0.name,
        c1_0.specialization 
    from
        coaches c1_0 
    order by
        c1_0.name 
    offset
        ? rows 
    fetch
        first ? rows only
2026-05-16 08:28:48 [http-nio-8080-exec-8] DEBUG org.hibernate.SQL - 
    select
        u1_0.id,
        u1_0.coach_id,
        u1_0.email,
        u1_0.nutrition_plan_id,
        u1_0.password,
        u1_0.role,
        u1_0.username,
        u1_0.workout_group_id 
    from
        users u1_0 
    order by
        u1_0.username 
    offset
        ? rows 
    fetch
        first ? rows only
2026-05-16 08:28:48 [http-nio-8080-exec-8] DEBUG org.hibernate.SQL - 
    select
        up1_0.id,
        up1_0.age,
        up1_0.fitness_goal,
        up1_0.user_id,
        up1_0.weight_kg 
    from
        user_profiles up1_0 
    where
        up1_0.user_id=?
2026-05-16 08:28:48 [http-nio-8080-exec-8] DEBUG org.hibernate.SQL - 
    select
        up1_0.id,
        up1_0.age,
        up1_0.fitness_goal,
        up1_0.user_id,
        up1_0.weight_kg 
    from
        user_profiles up1_0 
    where
        up1_0.user_id=?
2026-05-16 08:28:48 [http-nio-8080-exec-8] DEBUG org.hibernate.SQL - 
    select
        up1_0.id,
        up1_0.age,
        up1_0.fitness_goal,
        up1_0.user_id,
        up1_0.weight_kg 
    from
        user_profiles up1_0 
    where
        up1_0.user_id=?
2026-05-16 08:28:48 [http-nio-8080-exec-8] DEBUG org.hibernate.SQL - 
    select
        up1_0.id,
        up1_0.age,
        up1_0.fitness_goal,
        up1_0.user_id,
        up1_0.weight_kg 
    from
        user_profiles up1_0 
    where
        up1_0.user_id=?
2026-05-16 08:28:48 [http-nio-8080-exec-8] DEBUG org.hibernate.SQL - 
    select
        up1_0.id,
        up1_0.age,
        up1_0.fitness_goal,
        up1_0.user_id,
        up1_0.weight_kg 
    from
        user_profiles up1_0 
    where
        up1_0.user_id=?
2026-05-16 08:28:48 [http-nio-8080-exec-8] DEBUG org.hibernate.SQL - 
    select
        count(u1_0.id) 
    from
        users u1_0
2026-05-16 08:28:52 [http-nio-8080-exec-9] DEBUG org.hibernate.SQL - 
    select
        u1_0.id,
        u1_0.coach_id,
        u1_0.email,
        u1_0.nutrition_plan_id,
        u1_0.password,
        u1_0.role,
        u1_0.username,
        u1_0.workout_group_id 
    from
        users u1_0 
    order by
        u1_0.username 
    offset
        ? rows 
    fetch
        first ? rows only
2026-05-16 08:28:52 [http-nio-8080-exec-9] DEBUG org.hibernate.SQL - 
    select
        up1_0.id,
        up1_0.age,
        up1_0.fitness_goal,
        up1_0.user_id,
        up1_0.weight_kg 
    from
        user_profiles up1_0 
    where
        up1_0.user_id=?
2026-05-16 08:28:52 [http-nio-8080-exec-9] DEBUG org.hibernate.SQL - 
    select
        up1_0.id,
        up1_0.age,
        up1_0.fitness_goal,
        up1_0.user_id,
        up1_0.weight_kg 
    from
        user_profiles up1_0 
    where
        up1_0.user_id=?
2026-05-16 08:28:52 [http-nio-8080-exec-9] DEBUG org.hibernate.SQL - 
    select
        up1_0.id,
        up1_0.age,
        up1_0.fitness_goal,
        up1_0.user_id,
        up1_0.weight_kg 
    from
        user_profiles up1_0 
    where
        up1_0.user_id=?
2026-05-16 08:28:52 [http-nio-8080-exec-9] DEBUG org.hibernate.SQL - 
    select
        up1_0.id,
        up1_0.age,
        up1_0.fitness_goal,
        up1_0.user_id,
        up1_0.weight_kg 
    from
        user_profiles up1_0 
    where
        up1_0.user_id=?
2026-05-16 08:28:52 [http-nio-8080-exec-9] DEBUG org.hibernate.SQL - 
    select
        up1_0.id,
        up1_0.age,
        up1_0.fitness_goal,
        up1_0.user_id,
        up1_0.weight_kg 
    from
        user_profiles up1_0 
    where
        up1_0.user_id=?
2026-05-16 08:28:52 [http-nio-8080-exec-9] DEBUG org.hibernate.SQL - 
    select
        count(u1_0.id) 
    from
        users u1_0
2026-05-16 08:28:52 [http-nio-8080-exec-10] DEBUG org.hibernate.SQL - 
    select
        up1_0.id,
        up1_0.age,
        up1_0.fitness_goal,
        up1_0.user_id,
        up1_0.weight_kg 
    from
        user_profiles up1_0 
    order by
        up1_0.id 
    offset
        ? rows 
    fetch
        first ? rows only
2026-05-16 08:28:52 [http-nio-8080-exec-10] DEBUG org.hibernate.SQL - 
    select
        u1_0.id,
        c1_0.id,
        c1_0.name,
        c1_0.specialization,
        u1_0.email,
        np1_0.id,
        np1_0.calories,
        np1_0.description,
        np1_0.name,
        u1_0.password,
        p1_0.id,
        p1_0.age,
        p1_0.fitness_goal,
        p1_0.user_id,
        p1_0.weight_kg,
        u1_0.role,
        u1_0.username,
        wg1_0.id,
        wg1_0.category,
        wg1_0.description,
        wg1_0.name 
    from
        users u1_0 
    left join
        coaches c1_0 
            on c1_0.id=u1_0.coach_id 
    left join
        nutrition_plans np1_0 
            on np1_0.id=u1_0.nutrition_plan_id 
    left join
        user_profiles p1_0 
            on u1_0.id=p1_0.user_id 
    left join
        workout_groups wg1_0 
            on wg1_0.id=u1_0.workout_group_id 
    where
        u1_0.id=?
2026-05-16 08:28:53 [http-nio-8080-exec-2] DEBUG org.hibernate.SQL - 
    select
        u1_0.id,
        u1_0.coach_id,
        u1_0.email,
        u1_0.nutrition_plan_id,
        u1_0.password,
        u1_0.role,
        u1_0.username,
        u1_0.workout_group_id 
    from
        users u1_0 
    order by
        u1_0.username 
    offset
        ? rows 
    fetch
        first ? rows only
2026-05-16 08:28:53 [http-nio-8080-exec-2] DEBUG org.hibernate.SQL - 
    select
        up1_0.id,
        up1_0.age,
        up1_0.fitness_goal,
        up1_0.user_id,
        up1_0.weight_kg 
    from
        user_profiles up1_0 
    where
        up1_0.user_id=?
2026-05-16 08:28:53 [http-nio-8080-exec-2] DEBUG org.hibernate.SQL - 
    select
        up1_0.id,
        up1_0.age,
        up1_0.fitness_goal,
        up1_0.user_id,
        up1_0.weight_kg 
    from
        user_profiles up1_0 
    where
        up1_0.user_id=?
2026-05-16 08:28:53 [http-nio-8080-exec-2] DEBUG org.hibernate.SQL - 
    select
        up1_0.id,
        up1_0.age,
        up1_0.fitness_goal,
        up1_0.user_id,
        up1_0.weight_kg 
    from
        user_profiles up1_0 
    where
        up1_0.user_id=?
2026-05-16 08:28:53 [http-nio-8080-exec-2] DEBUG org.hibernate.SQL - 
    select
        up1_0.id,
        up1_0.age,
        up1_0.fitness_goal,
        up1_0.user_id,
        up1_0.weight_kg 
    from
        user_profiles up1_0 
    where
        up1_0.user_id=?
2026-05-16 08:28:53 [http-nio-8080-exec-2] DEBUG org.hibernate.SQL - 
    select
        up1_0.id,
        up1_0.age,
        up1_0.fitness_goal,
        up1_0.user_id,
        up1_0.weight_kg 
    from
        user_profiles up1_0 
    where
        up1_0.user_id=?
2026-05-16 08:28:53 [http-nio-8080-exec-2] DEBUG org.hibernate.SQL - 
    select
        count(u1_0.id) 
    from
        users u1_0
2026-05-16 08:29:04 [http-nio-8080-exec-2] DEBUG org.hibernate.SQL - 
    select
        u1_0.id,
        u1_0.coach_id,
        u1_0.email,
        u1_0.nutrition_plan_id,
        u1_0.password,
        u1_0.role,
        u1_0.username,
        u1_0.workout_group_id 
    from
        users u1_0
2026-05-16 08:29:04 [http-nio-8080-exec-2] DEBUG org.hibernate.SQL - 
    select
        up1_0.id,
        up1_0.age,
        up1_0.fitness_goal,
        up1_0.user_id,
        up1_0.weight_kg 
    from
        user_profiles up1_0 
    where
        up1_0.user_id=?
2026-05-16 08:29:04 [http-nio-8080-exec-2] DEBUG org.hibernate.SQL - 
    select
        up1_0.id,
        up1_0.age,
        up1_0.fitness_goal,
        up1_0.user_id,
        up1_0.weight_kg 
    from
        user_profiles up1_0 
    where
        up1_0.user_id=?
2026-05-16 08:29:04 [http-nio-8080-exec-2] DEBUG org.hibernate.SQL - 
    select
        up1_0.id,
        up1_0.age,
        up1_0.fitness_goal,
        up1_0.user_id,
        up1_0.weight_kg 
    from
        user_profiles up1_0 
    where
        up1_0.user_id=?
2026-05-16 08:29:04 [http-nio-8080-exec-2] DEBUG org.hibernate.SQL - 
    select
        up1_0.id,
        up1_0.age,
        up1_0.fitness_goal,
        up1_0.user_id,
        up1_0.weight_kg 
    from
        user_profiles up1_0 
    where
        up1_0.user_id=?
2026-05-16 08:29:04 [http-nio-8080-exec-2] DEBUG org.hibernate.SQL - 
    select
        up1_0.id,
        up1_0.age,
        up1_0.fitness_goal,
        up1_0.user_id,
        up1_0.weight_kg 
    from
        user_profiles up1_0 
    where
        up1_0.user_id=?
2026-05-16 08:29:04 [http-nio-8080-exec-2] DEBUG org.hibernate.SQL - 
    select
        up1_0.id,
        up1_0.age,
        up1_0.fitness_goal,
        up1_0.user_id,
        up1_0.weight_kg 
    from
        user_profiles up1_0 
    where
        up1_0.user_id=?
2026-05-16 08:29:04 [http-nio-8080-exec-2] DEBUG org.hibernate.SQL - 
    select
        up1_0.id,
        up1_0.age,
        up1_0.fitness_goal,
        up1_0.user_id,
        up1_0.weight_kg 
    from
        user_profiles up1_0 
    where
        up1_0.user_id=?
2026-05-16 08:29:04 [http-nio-8080-exec-1] DEBUG org.hibernate.SQL - 
    select
        u1_0.id,
        u1_0.coach_id,
        u1_0.email,
        u1_0.nutrition_plan_id,
        u1_0.password,
        u1_0.role,
        u1_0.username,
        u1_0.workout_group_id 
    from
        users u1_0 
    order by
        u1_0.username 
    offset
        ? rows 
    fetch
        first ? rows only
2026-05-16 08:29:04 [http-nio-8080-exec-1] DEBUG org.hibernate.SQL - 
    select
        up1_0.id,
        up1_0.age,
        up1_0.fitness_goal,
        up1_0.user_id,
        up1_0.weight_kg 
    from
        user_profiles up1_0 
    where
        up1_0.user_id=?
2026-05-16 08:29:04 [http-nio-8080-exec-1] DEBUG org.hibernate.SQL - 
    select
        up1_0.id,
        up1_0.age,
        up1_0.fitness_goal,
        up1_0.user_id,
        up1_0.weight_kg 
    from
        user_profiles up1_0 
    where
        up1_0.user_id=?
2026-05-16 08:29:04 [http-nio-8080-exec-1] DEBUG org.hibernate.SQL - 
    select
        up1_0.id,
        up1_0.age,
        up1_0.fitness_goal,
        up1_0.user_id,
        up1_0.weight_kg 
    from
        user_profiles up1_0 
    where
        up1_0.user_id=?
2026-05-16 08:29:04 [http-nio-8080-exec-1] DEBUG org.hibernate.SQL - 
    select
        up1_0.id,
        up1_0.age,
        up1_0.fitness_goal,
        up1_0.user_id,
        up1_0.weight_kg 
    from
        user_profiles up1_0 
    where
        up1_0.user_id=?
2026-05-16 08:29:04 [http-nio-8080-exec-1] DEBUG org.hibernate.SQL - 
    select
        up1_0.id,
        up1_0.age,
        up1_0.fitness_goal,
        up1_0.user_id,
        up1_0.weight_kg 
    from
        user_profiles up1_0 
    where
        up1_0.user_id=?
2026-05-16 08:29:04 [http-nio-8080-exec-1] DEBUG org.hibernate.SQL - 
    select
        count(u1_0.id) 
    from
        users u1_0
2026-05-16 08:31:08 [http-nio-8080-exec-5] DEBUG org.hibernate.SQL - 
    select
        up1_0.id,
        up1_0.age,
        up1_0.fitness_goal,
        up1_0.user_id,
        up1_0.weight_kg 
    from
        user_profiles up1_0 
    order by
        up1_0.id 
    offset
        ? rows 
    fetch
        first ? rows only
2026-05-16 08:31:08 [http-nio-8080-exec-5] DEBUG org.hibernate.SQL - 
    select
        u1_0.id,
        c1_0.id,
        c1_0.name,
        c1_0.specialization,
        u1_0.email,
        np1_0.id,
        np1_0.calories,
        np1_0.description,
        np1_0.name,
        u1_0.password,
        p1_0.id,
        p1_0.age,
        p1_0.fitness_goal,
        p1_0.user_id,
        p1_0.weight_kg,
        u1_0.role,
        u1_0.username,
        wg1_0.id,
        wg1_0.category,
        wg1_0.description,
        wg1_0.name 
    from
        users u1_0 
    left join
        coaches c1_0 
            on c1_0.id=u1_0.coach_id 
    left join
        nutrition_plans np1_0 
            on np1_0.id=u1_0.nutrition_plan_id 
    left join
        user_profiles p1_0 
            on u1_0.id=p1_0.user_id 
    left join
        workout_groups wg1_0 
            on wg1_0.id=u1_0.workout_group_id 
    where
        u1_0.id=?
2026-05-16 08:32:11 [http-nio-8080-exec-8] DEBUG org.hibernate.SQL - 
    select
        np1_0.id,
        np1_0.calories,
        np1_0.description,
        np1_0.name 
    from
        nutrition_plans np1_0 
    order by
        np1_0.name 
    offset
        ? rows 
    fetch
        first ? rows only
2026-05-16 08:32:37 [http-nio-8080-exec-1] DEBUG org.hibernate.SQL - 
    select
        np1_0.id,
        np1_0.calories,
        np1_0.description,
        np1_0.name 
    from
        nutrition_plans np1_0 
    order by
        np1_0.name 
    offset
        ? rows 
    fetch
        first ? rows only
2026-05-16 08:35:28 [http-nio-8080-exec-5] DEBUG org.hibernate.SQL - 
    select
        c1_0.id,
        c1_0.name,
        c1_0.specialization 
    from
        coaches c1_0 
    order by
        c1_0.name 
    offset
        ? rows 
    fetch
        first ? rows only
2026-05-16 08:37:45 [http-nio-8080-exec-8] DEBUG org.hibernate.SQL - 
    select
        wg1_0.id,
        wg1_0.category,
        wg1_0.description,
        wg1_0.name 
    from
        workout_groups wg1_0 
    order by
        wg1_0.name 
    offset
        ? rows 
    fetch
        first ? rows only
2026-05-16 08:38:11 [http-nio-8080-exec-10] DEBUG org.hibernate.SQL - 
    select
        e1_0.id,
        e1_0.description,
        e1_0.duration,
        e1_0.muscle_group,
        e1_0.name,
        e1_0.reps,
        e1_0.sets 
    from
        exercises e1_0
2026-05-16 08:39:31 [http-nio-8080-exec-3] DEBUG org.hibernate.SQL - 
    select
        e1_0.id,
        e1_0.description,
        e1_0.duration,
        e1_0.muscle_group,
        e1_0.name,
        e1_0.reps,
        e1_0.sets 
    from
        exercises e1_0
2026-05-16 08:39:32 [http-nio-8080-exec-5] DEBUG org.hibernate.SQL - 
    select
        e1_0.id,
        e1_0.description,
        e1_0.duration,
        e1_0.muscle_group,
        e1_0.name,
        e1_0.reps,
        e1_0.sets 
    from
        exercises e1_0
2026-05-16 08:39:34 [SpringApplicationShutdownHook] INFO  o.s.b.w.e.tomcat.GracefulShutdown - Commencing graceful shutdown. Waiting for active requests to complete
2026-05-16 08:39:34 [tomcat-shutdown] INFO  o.s.b.w.e.tomcat.GracefulShutdown - Graceful shutdown complete
2026-05-16 08:39:34 [SpringApplicationShutdownHook] INFO  o.s.o.j.LocalContainerEntityManagerFactoryBean - Closing JPA EntityManagerFactory for persistence unit 'default'
2026-05-16 08:39:34 [SpringApplicationShutdownHook] INFO  com.zaxxer.hikari.HikariDataSource - HikariPool-1 - Shutdown initiated...
2026-05-16 08:39:34 [SpringApplicationShutdownHook] INFO  com.zaxxer.hikari.HikariDataSource - HikariPool-1 - Shutdown completed.
2026-05-16 08:39:57 [main] INFO  com.fitness.opp.OppApplication - Starting OppApplication using Java 21.0.10 with PID 7248 (C:\Users\Dunduc George\Desktop\fitness\opp\target\classes started by Dunduc George in C:\Users\Dunduc George\Desktop\fitness)
2026-05-16 08:39:57 [main] DEBUG com.fitness.opp.OppApplication - Running with Spring Boot v3.4.1, Spring v6.2.1
2026-05-16 08:39:57 [main] INFO  com.fitness.opp.OppApplication - The following 1 profile is active: "dev"
2026-05-16 08:39:58 [main] INFO  o.s.d.r.c.RepositoryConfigurationDelegate - Bootstrapping Spring Data JPA repositories in DEFAULT mode.
2026-05-16 08:39:58 [main] INFO  o.s.d.r.c.RepositoryConfigurationDelegate - Finished Spring Data repository scanning in 79 ms. Found 6 JPA repository interfaces.
2026-05-16 08:39:58 [main] INFO  o.s.b.w.e.tomcat.TomcatWebServer - Tomcat initialized with port 8080 (http)
2026-05-16 08:39:58 [main] INFO  o.a.catalina.core.StandardService - Starting service [Tomcat]
2026-05-16 08:39:58 [main] INFO  o.a.catalina.core.StandardEngine - Starting Servlet engine: [Apache Tomcat/10.1.34]
2026-05-16 08:39:58 [main] INFO  o.a.c.c.C.[Tomcat].[localhost].[/] - Initializing Spring embedded WebApplicationContext
2026-05-16 08:39:58 [main] INFO  o.s.b.w.s.c.ServletWebServerApplicationContext - Root WebApplicationContext: initialization completed in 1439 ms
2026-05-16 08:39:59 [main] INFO  o.h.jpa.internal.util.LogHelper - HHH000204: Processing PersistenceUnitInfo [name: default]
2026-05-16 08:39:59 [main] INFO  org.hibernate.Version - HHH000412: Hibernate ORM core version 6.6.4.Final
2026-05-16 08:39:59 [main] INFO  o.h.c.i.RegionFactoryInitiator - HHH000026: Second-level cache disabled
2026-05-16 08:39:59 [main] INFO  o.s.o.j.p.SpringPersistenceUnitInfo - No LoadTimeWeaver setup: ignoring JPA class transformer
2026-05-16 08:39:59 [main] INFO  com.zaxxer.hikari.HikariDataSource - HikariPool-1 - Starting...
2026-05-16 08:40:00 [main] INFO  com.zaxxer.hikari.pool.HikariPool - HikariPool-1 - Added connection oracle.jdbc.driver.T4CConnection@5aa7cfdf
2026-05-16 08:40:00 [main] INFO  com.zaxxer.hikari.HikariDataSource - HikariPool-1 - Start completed.
2026-05-16 08:40:00 [main] WARN  org.hibernate.orm.deprecation - HHH90000025: OracleDialect does not need to be specified explicitly using 'hibernate.dialect' (remove the property setting and it will be selected by default)
2026-05-16 08:40:00 [main] INFO  o.hibernate.orm.connections.pooling - HHH10001005: Database info:
	Database JDBC URL [Connecting through datasource 'HikariDataSource (HikariPool-1)']
	Database driver: undefined/unknown
	Database version: 21.3
	Autocommit mode: undefined/unknown
	Isolation level: undefined/unknown
	Minimum pool size: undefined/unknown
	Maximum pool size: undefined/unknown
2026-05-16 08:40:01 [main] INFO  o.h.e.t.j.p.i.JtaPlatformInitiator - HHH000489: No JTA platform available (set 'hibernate.transaction.jta.platform' to enable JTA platform integration)
2026-05-16 08:40:01 [main] INFO  o.s.o.j.LocalContainerEntityManagerFactoryBean - Initialized JPA EntityManagerFactory for persistence unit 'default'
2026-05-16 08:40:02 [main] WARN  o.s.b.a.o.j.JpaBaseConfiguration$JpaWebConfiguration - spring.jpa.open-in-view is enabled by default. Therefore, database queries may be performed during view rendering. Explicitly configure spring.jpa.open-in-view to disable this warning
2026-05-16 08:40:02 [main] INFO  o.s.s.c.a.a.c.InitializeAuthenticationProviderBeanManagerConfigurer$InitializeAuthenticationProviderManagerConfigurer - Global AuthenticationManager configured with AuthenticationProvider bean with name authenticationProvider
2026-05-16 08:40:02 [main] WARN  o.s.s.c.a.a.c.InitializeUserDetailsBeanManagerConfigurer$InitializeUserDetailsManagerConfigurer - Global AuthenticationManager configured with an AuthenticationProvider bean. UserDetailsService beans will not be used by Spring Security for automatically configuring username/password login. Consider removing the AuthenticationProvider bean. Alternatively, consider using the UserDetailsService in a manually instantiated DaoAuthenticationProvider. If the current configuration is intentional, to turn off this warning, increase the logging level of 'org.springframework.security.config.annotation.authentication.configuration.InitializeUserDetailsBeanManagerConfigurer' to ERROR
2026-05-16 08:40:02 [main] INFO  o.s.b.w.e.tomcat.TomcatWebServer - Tomcat started on port 8080 (http) with context path '/'
2026-05-16 08:40:02 [main] INFO  com.fitness.opp.OppApplication - Started OppApplication in 6.025 seconds (process running for 6.497)
2026-05-16 08:40:03 [main] DEBUG org.hibernate.SQL - 
    select
        u1_0.id,
        u1_0.coach_id,
        u1_0.email,
        u1_0.nutrition_plan_id,
        u1_0.password,
        u1_0.role,
        u1_0.username,
        u1_0.workout_group_id 
    from
        users u1_0 
    where
        u1_0.username=?
2026-05-16 08:40:03 [main] DEBUG org.hibernate.SQL - 
    select
        up1_0.id,
        up1_0.age,
        up1_0.fitness_goal,
        up1_0.user_id,
        up1_0.weight_kg 
    from
        user_profiles up1_0 
    where
        up1_0.user_id=?
2026-05-16 08:40:03 [main] DEBUG org.hibernate.SQL - 
    select
        u1_0.id,
        c1_0.id,
        c1_0.name,
        c1_0.specialization,
        u1_0.email,
        np1_0.id,
        np1_0.calories,
        np1_0.description,
        np1_0.name,
        u1_0.password,
        p1_0.id,
        p1_0.age,
        p1_0.fitness_goal,
        p1_0.user_id,
        p1_0.weight_kg,
        u1_0.role,
        u1_0.username,
        wg1_0.id,
        wg1_0.category,
        wg1_0.description,
        wg1_0.name 
    from
        users u1_0 
    left join
        coaches c1_0 
            on c1_0.id=u1_0.coach_id 
    left join
        nutrition_plans np1_0 
            on np1_0.id=u1_0.nutrition_plan_id 
    left join
        user_profiles p1_0 
            on u1_0.id=p1_0.user_id 
    left join
        workout_groups wg1_0 
            on wg1_0.id=u1_0.workout_group_id 
    where
        u1_0.id=?
2026-05-16 08:40:03 [main] DEBUG org.hibernate.SQL - 
    delete 
    from
        users 
    where
        id=?
2026-05-16 08:40:03 [main] DEBUG org.hibernate.SQL - 
    insert 
    into
        users
        (coach_id, email, nutrition_plan_id, password, role, username, workout_group_id, id) 
    values
        (?, ?, ?, ?, ?, ?, ?, default)
2026-05-16 08:40:07 [http-nio-8080-exec-1] INFO  o.a.c.c.C.[Tomcat].[localhost].[/] - Initializing Spring DispatcherServlet 'dispatcherServlet'
2026-05-16 08:40:07 [http-nio-8080-exec-1] INFO  o.s.web.servlet.DispatcherServlet - Initializing Servlet 'dispatcherServlet'
2026-05-16 08:40:07 [http-nio-8080-exec-1] INFO  o.s.web.servlet.DispatcherServlet - Completed initialization in 1 ms
2026-05-16 08:40:11 [http-nio-8080-exec-3] DEBUG org.hibernate.SQL - 
    select
        u1_0.id,
        u1_0.coach_id,
        u1_0.email,
        u1_0.nutrition_plan_id,
        u1_0.password,
        u1_0.role,
        u1_0.username,
        u1_0.workout_group_id 
    from
        users u1_0
2026-05-16 08:40:11 [http-nio-8080-exec-3] DEBUG org.hibernate.SQL - 
    select
        up1_0.id,
        up1_0.age,
        up1_0.fitness_goal,
        up1_0.user_id,
        up1_0.weight_kg 
    from
        user_profiles up1_0 
    where
        up1_0.user_id=?
2026-05-16 08:40:11 [http-nio-8080-exec-3] DEBUG org.hibernate.SQL - 
    select
        up1_0.id,
        up1_0.age,
        up1_0.fitness_goal,
        up1_0.user_id,
        up1_0.weight_kg 
    from
        user_profiles up1_0 
    where
        up1_0.user_id=?
2026-05-16 08:40:11 [http-nio-8080-exec-3] DEBUG org.hibernate.SQL - 
    select
        up1_0.id,
        up1_0.age,
        up1_0.fitness_goal,
        up1_0.user_id,
        up1_0.weight_kg 
    from
        user_profiles up1_0 
    where
        up1_0.user_id=?
2026-05-16 08:40:11 [http-nio-8080-exec-3] DEBUG org.hibernate.SQL - 
    select
        up1_0.id,
        up1_0.age,
        up1_0.fitness_goal,
        up1_0.user_id,
        up1_0.weight_kg 
    from
        user_profiles up1_0 
    where
        up1_0.user_id=?
2026-05-16 08:40:11 [http-nio-8080-exec-3] DEBUG org.hibernate.SQL - 
    select
        up1_0.id,
        up1_0.age,
        up1_0.fitness_goal,
        up1_0.user_id,
        up1_0.weight_kg 
    from
        user_profiles up1_0 
    where
        up1_0.user_id=?
2026-05-16 08:40:11 [http-nio-8080-exec-3] DEBUG org.hibernate.SQL - 
    select
        up1_0.id,
        up1_0.age,
        up1_0.fitness_goal,
        up1_0.user_id,
        up1_0.weight_kg 
    from
        user_profiles up1_0 
    where
        up1_0.user_id=?
2026-05-16 08:40:11 [http-nio-8080-exec-3] DEBUG org.hibernate.SQL - 
    select
        up1_0.id,
        up1_0.age,
        up1_0.fitness_goal,
        up1_0.user_id,
        up1_0.weight_kg 
    from
        user_profiles up1_0 
    where
        up1_0.user_id=?
2026-05-16 08:40:11 [http-nio-8080-exec-5] DEBUG org.hibernate.SQL - 
    select
        u1_0.id,
        u1_0.coach_id,
        u1_0.email,
        u1_0.nutrition_plan_id,
        u1_0.password,
        u1_0.role,
        u1_0.username,
        u1_0.workout_group_id 
    from
        users u1_0 
    order by
        u1_0.username 
    offset
        ? rows 
    fetch
        first ? rows only
2026-05-16 08:40:11 [http-nio-8080-exec-5] DEBUG org.hibernate.SQL - 
    select
        up1_0.id,
        up1_0.age,
        up1_0.fitness_goal,
        up1_0.user_id,
        up1_0.weight_kg 
    from
        user_profiles up1_0 
    where
        up1_0.user_id=?
2026-05-16 08:40:11 [http-nio-8080-exec-5] DEBUG org.hibernate.SQL - 
    select
        up1_0.id,
        up1_0.age,
        up1_0.fitness_goal,
        up1_0.user_id,
        up1_0.weight_kg 
    from
        user_profiles up1_0 
    where
        up1_0.user_id=?
2026-05-16 08:40:11 [http-nio-8080-exec-5] DEBUG org.hibernate.SQL - 
    select
        up1_0.id,
        up1_0.age,
        up1_0.fitness_goal,
        up1_0.user_id,
        up1_0.weight_kg 
    from
        user_profiles up1_0 
    where
        up1_0.user_id=?
2026-05-16 08:40:11 [http-nio-8080-exec-5] DEBUG org.hibernate.SQL - 
    select
        up1_0.id,
        up1_0.age,
        up1_0.fitness_goal,
        up1_0.user_id,
        up1_0.weight_kg 
    from
        user_profiles up1_0 
    where
        up1_0.user_id=?
2026-05-16 08:40:11 [http-nio-8080-exec-5] DEBUG org.hibernate.SQL - 
    select
        up1_0.id,
        up1_0.age,
        up1_0.fitness_goal,
        up1_0.user_id,
        up1_0.weight_kg 
    from
        user_profiles up1_0 
    where
        up1_0.user_id=?
2026-05-16 08:40:11 [http-nio-8080-exec-5] DEBUG org.hibernate.SQL - 
    select
        count(u1_0.id) 
    from
        users u1_0
2026-05-16 08:40:13 [http-nio-8080-exec-4] DEBUG org.hibernate.SQL - 
    select
        e1_0.id,
        e1_0.description,
        e1_0.duration,
        e1_0.muscle_group,
        e1_0.name,
        e1_0.reps,
        e1_0.sets 
    from
        exercises e1_0
2026-05-16 08:43:58 [http-nio-8080-exec-9] DEBUG org.hibernate.SQL - 
    select
        u1_0.id,
        u1_0.coach_id,
        u1_0.email,
        u1_0.nutrition_plan_id,
        u1_0.password,
        u1_0.role,
        u1_0.username,
        u1_0.workout_group_id 
    from
        users u1_0 
    order by
        u1_0.username 
    offset
        ? rows 
    fetch
        first ? rows only
2026-05-16 08:43:58 [http-nio-8080-exec-9] DEBUG org.hibernate.SQL - 
    select
        up1_0.id,
        up1_0.age,
        up1_0.fitness_goal,
        up1_0.user_id,
        up1_0.weight_kg 
    from
        user_profiles up1_0 
    where
        up1_0.user_id=?
2026-05-16 08:43:58 [http-nio-8080-exec-9] DEBUG org.hibernate.SQL - 
    select
        up1_0.id,
        up1_0.age,
        up1_0.fitness_goal,
        up1_0.user_id,
        up1_0.weight_kg 
    from
        user_profiles up1_0 
    where
        up1_0.user_id=?
2026-05-16 08:43:58 [http-nio-8080-exec-9] DEBUG org.hibernate.SQL - 
    select
        up1_0.id,
        up1_0.age,
        up1_0.fitness_goal,
        up1_0.user_id,
        up1_0.weight_kg 
    from
        user_profiles up1_0 
    where
        up1_0.user_id=?
2026-05-16 08:43:58 [http-nio-8080-exec-9] DEBUG org.hibernate.SQL - 
    select
        up1_0.id,
        up1_0.age,
        up1_0.fitness_goal,
        up1_0.user_id,
        up1_0.weight_kg 
    from
        user_profiles up1_0 
    where
        up1_0.user_id=?
2026-05-16 08:43:58 [http-nio-8080-exec-9] DEBUG org.hibernate.SQL - 
    select
        up1_0.id,
        up1_0.age,
        up1_0.fitness_goal,
        up1_0.user_id,
        up1_0.weight_kg 
    from
        user_profiles up1_0 
    where
        up1_0.user_id=?
2026-05-16 08:43:58 [http-nio-8080-exec-9] DEBUG org.hibernate.SQL - 
    select
        count(u1_0.id) 
    from
        users u1_0
2026-05-16 08:44:34 [http-nio-8080-exec-10] DEBUG org.hibernate.SQL - 
    select
        up1_0.id,
        up1_0.age,
        up1_0.fitness_goal,
        up1_0.user_id,
        up1_0.weight_kg 
    from
        user_profiles up1_0 
    order by
        up1_0.id 
    offset
        ? rows 
    fetch
        first ? rows only
2026-05-16 08:44:35 [http-nio-8080-exec-10] DEBUG org.hibernate.SQL - 
    select
        u1_0.id,
        c1_0.id,
        c1_0.name,
        c1_0.specialization,
        u1_0.email,
        np1_0.id,
        np1_0.calories,
        np1_0.description,
        np1_0.name,
        u1_0.password,
        p1_0.id,
        p1_0.age,
        p1_0.fitness_goal,
        p1_0.user_id,
        p1_0.weight_kg,
        u1_0.role,
        u1_0.username,
        wg1_0.id,
        wg1_0.category,
        wg1_0.description,
        wg1_0.name 
    from
        users u1_0 
    left join
        coaches c1_0 
            on c1_0.id=u1_0.coach_id 
    left join
        nutrition_plans np1_0 
            on np1_0.id=u1_0.nutrition_plan_id 
    left join
        user_profiles p1_0 
            on u1_0.id=p1_0.user_id 
    left join
        workout_groups wg1_0 
            on wg1_0.id=u1_0.workout_group_id 
    where
        u1_0.id=?
2026-05-16 08:46:06 [http-nio-8080-exec-3] DEBUG org.hibernate.SQL - 
    select
        np1_0.id,
        np1_0.calories,
        np1_0.description,
        np1_0.name 
    from
        nutrition_plans np1_0 
    order by
        np1_0.name 
    offset
        ? rows 
    fetch
        first ? rows only
2026-05-16 08:46:51 [http-nio-8080-exec-6] DEBUG org.hibernate.SQL - 
    select
        c1_0.id,
        c1_0.name,
        c1_0.specialization 
    from
        coaches c1_0 
    order by
        c1_0.name 
    offset
        ? rows 
    fetch
        first ? rows only
2026-05-16 08:47:12 [http-nio-8080-exec-7] DEBUG org.hibernate.SQL - 
    select
        wg1_0.id,
        wg1_0.category,
        wg1_0.description,
        wg1_0.name 
    from
        workout_groups wg1_0 
    order by
        wg1_0.name 
    offset
        ? rows 
    fetch
        first ? rows only
2026-05-16 08:47:28 [http-nio-8080-exec-8] DEBUG org.hibernate.SQL - 
    select
        e1_0.id,
        e1_0.description,
        e1_0.duration,
        e1_0.muscle_group,
        e1_0.name,
        e1_0.reps,
        e1_0.sets 
    from
        exercises e1_0
2026-05-16 08:49:07 [SpringApplicationShutdownHook] INFO  o.s.b.w.e.tomcat.GracefulShutdown - Commencing graceful shutdown. Waiting for active requests to complete
2026-05-16 08:49:07 [tomcat-shutdown] INFO  o.s.b.w.e.tomcat.GracefulShutdown - Graceful shutdown complete
2026-05-16 08:49:07 [SpringApplicationShutdownHook] INFO  o.s.o.j.LocalContainerEntityManagerFactoryBean - Closing JPA EntityManagerFactory for persistence unit 'default'
2026-05-16 08:49:07 [SpringApplicationShutdownHook] INFO  com.zaxxer.hikari.HikariDataSource - HikariPool-1 - Shutdown initiated...
2026-05-16 08:49:07 [SpringApplicationShutdownHook] INFO  com.zaxxer.hikari.HikariDataSource - HikariPool-1 - Shutdown completed.
2026-05-16 08:49:11 [main] INFO  com.fitness.opp.OppApplication - Starting OppApplication using Java 21.0.10 with PID 12216 (C:\Users\Dunduc George\Desktop\fitness\opp\target\classes started by Dunduc George in C:\Users\Dunduc George\Desktop\fitness)
2026-05-16 08:49:11 [main] DEBUG com.fitness.opp.OppApplication - Running with Spring Boot v3.4.1, Spring v6.2.1
2026-05-16 08:49:11 [main] INFO  com.fitness.opp.OppApplication - The following 1 profile is active: "dev"
2026-05-16 08:49:11 [main] INFO  o.s.d.r.c.RepositoryConfigurationDelegate - Bootstrapping Spring Data JPA repositories in DEFAULT mode.
2026-05-16 08:49:11 [main] INFO  o.s.d.r.c.RepositoryConfigurationDelegate - Finished Spring Data repository scanning in 74 ms. Found 6 JPA repository interfaces.
2026-05-16 08:49:12 [main] INFO  o.s.b.w.e.tomcat.TomcatWebServer - Tomcat initialized with port 8080 (http)
2026-05-16 08:49:12 [main] INFO  o.a.catalina.core.StandardService - Starting service [Tomcat]
2026-05-16 08:49:12 [main] INFO  o.a.catalina.core.StandardEngine - Starting Servlet engine: [Apache Tomcat/10.1.34]
2026-05-16 08:49:12 [main] INFO  o.a.c.c.C.[Tomcat].[localhost].[/] - Initializing Spring embedded WebApplicationContext
2026-05-16 08:49:12 [main] INFO  o.s.b.w.s.c.ServletWebServerApplicationContext - Root WebApplicationContext: initialization completed in 1463 ms
2026-05-16 08:49:12 [main] INFO  o.h.jpa.internal.util.LogHelper - HHH000204: Processing PersistenceUnitInfo [name: default]
2026-05-16 08:49:12 [main] INFO  org.hibernate.Version - HHH000412: Hibernate ORM core version 6.6.4.Final
2026-05-16 08:49:12 [main] INFO  o.h.c.i.RegionFactoryInitiator - HHH000026: Second-level cache disabled
2026-05-16 08:49:13 [main] INFO  o.s.o.j.p.SpringPersistenceUnitInfo - No LoadTimeWeaver setup: ignoring JPA class transformer
2026-05-16 08:49:13 [main] INFO  com.zaxxer.hikari.HikariDataSource - HikariPool-1 - Starting...
2026-05-16 08:49:13 [main] INFO  com.zaxxer.hikari.pool.HikariPool - HikariPool-1 - Added connection oracle.jdbc.driver.T4CConnection@177ddd24
2026-05-16 08:49:13 [main] INFO  com.zaxxer.hikari.HikariDataSource - HikariPool-1 - Start completed.
2026-05-16 08:49:13 [main] WARN  org.hibernate.orm.deprecation - HHH90000025: OracleDialect does not need to be specified explicitly using 'hibernate.dialect' (remove the property setting and it will be selected by default)
2026-05-16 08:49:13 [main] INFO  o.hibernate.orm.connections.pooling - HHH10001005: Database info:
	Database JDBC URL [Connecting through datasource 'HikariDataSource (HikariPool-1)']
	Database driver: undefined/unknown
	Database version: 21.3
	Autocommit mode: undefined/unknown
	Isolation level: undefined/unknown
	Minimum pool size: undefined/unknown
	Maximum pool size: undefined/unknown
2026-05-16 08:49:15 [main] INFO  o.h.e.t.j.p.i.JtaPlatformInitiator - HHH000489: No JTA platform available (set 'hibernate.transaction.jta.platform' to enable JTA platform integration)
2026-05-16 08:49:15 [main] INFO  o.s.o.j.LocalContainerEntityManagerFactoryBean - Initialized JPA EntityManagerFactory for persistence unit 'default'
2026-05-16 08:49:15 [main] WARN  o.s.b.a.o.j.JpaBaseConfiguration$JpaWebConfiguration - spring.jpa.open-in-view is enabled by default. Therefore, database queries may be performed during view rendering. Explicitly configure spring.jpa.open-in-view to disable this warning
2026-05-16 08:49:15 [main] INFO  o.s.s.c.a.a.c.InitializeAuthenticationProviderBeanManagerConfigurer$InitializeAuthenticationProviderManagerConfigurer - Global AuthenticationManager configured with AuthenticationProvider bean with name authenticationProvider
2026-05-16 08:49:15 [main] WARN  o.s.s.c.a.a.c.InitializeUserDetailsBeanManagerConfigurer$InitializeUserDetailsManagerConfigurer - Global AuthenticationManager configured with an AuthenticationProvider bean. UserDetailsService beans will not be used by Spring Security for automatically configuring username/password login. Consider removing the AuthenticationProvider bean. Alternatively, consider using the UserDetailsService in a manually instantiated DaoAuthenticationProvider. If the current configuration is intentional, to turn off this warning, increase the logging level of 'org.springframework.security.config.annotation.authentication.configuration.InitializeUserDetailsBeanManagerConfigurer' to ERROR
2026-05-16 08:49:16 [main] INFO  o.s.b.w.e.tomcat.TomcatWebServer - Tomcat started on port 8080 (http) with context path '/'
2026-05-16 08:49:16 [main] INFO  com.fitness.opp.OppApplication - Started OppApplication in 6.063 seconds (process running for 6.554)
2026-05-16 08:49:16 [main] DEBUG org.hibernate.SQL - 
    select
        u1_0.id,
        u1_0.coach_id,
        u1_0.email,
        u1_0.nutrition_plan_id,
        u1_0.password,
        u1_0.role,
        u1_0.username,
        u1_0.workout_group_id 
    from
        users u1_0 
    where
        u1_0.username=?
2026-05-16 08:49:16 [main] DEBUG org.hibernate.SQL - 
    select
        up1_0.id,
        up1_0.age,
        up1_0.fitness_goal,
        up1_0.user_id,
        up1_0.weight_kg 
    from
        user_profiles up1_0 
    where
        up1_0.user_id=?
2026-05-16 08:49:16 [main] DEBUG org.hibernate.SQL - 
    select
        u1_0.id,
        c1_0.id,
        c1_0.name,
        c1_0.specialization,
        u1_0.email,
        np1_0.id,
        np1_0.calories,
        np1_0.description,
        np1_0.name,
        u1_0.password,
        p1_0.id,
        p1_0.age,
        p1_0.fitness_goal,
        p1_0.user_id,
        p1_0.weight_kg,
        u1_0.role,
        u1_0.username,
        wg1_0.id,
        wg1_0.category,
        wg1_0.description,
        wg1_0.name 
    from
        users u1_0 
    left join
        coaches c1_0 
            on c1_0.id=u1_0.coach_id 
    left join
        nutrition_plans np1_0 
            on np1_0.id=u1_0.nutrition_plan_id 
    left join
        user_profiles p1_0 
            on u1_0.id=p1_0.user_id 
    left join
        workout_groups wg1_0 
            on wg1_0.id=u1_0.workout_group_id 
    where
        u1_0.id=?
2026-05-16 08:49:16 [main] DEBUG org.hibernate.SQL - 
    delete 
    from
        users 
    where
        id=?
2026-05-16 08:49:16 [main] DEBUG org.hibernate.SQL - 
    insert 
    into
        users
        (coach_id, email, nutrition_plan_id, password, role, username, workout_group_id, id) 
    values
        (?, ?, ?, ?, ?, ?, ?, default)
2026-05-16 08:49:21 [http-nio-8080-exec-1] INFO  o.a.c.c.C.[Tomcat].[localhost].[/] - Initializing Spring DispatcherServlet 'dispatcherServlet'
2026-05-16 08:49:21 [http-nio-8080-exec-1] INFO  o.s.web.servlet.DispatcherServlet - Initializing Servlet 'dispatcherServlet'
2026-05-16 08:49:21 [http-nio-8080-exec-1] INFO  o.s.web.servlet.DispatcherServlet - Completed initialization in 1 ms
2026-05-16 08:49:24 [http-nio-8080-exec-4] DEBUG org.hibernate.SQL - 
    select
        u1_0.id,
        u1_0.coach_id,
        u1_0.email,
        u1_0.nutrition_plan_id,
        u1_0.password,
        u1_0.role,
        u1_0.username,
        u1_0.workout_group_id 
    from
        users u1_0
2026-05-16 08:49:24 [http-nio-8080-exec-4] DEBUG org.hibernate.SQL - 
    select
        up1_0.id,
        up1_0.age,
        up1_0.fitness_goal,
        up1_0.user_id,
        up1_0.weight_kg 
    from
        user_profiles up1_0 
    where
        up1_0.user_id=?
2026-05-16 08:49:24 [http-nio-8080-exec-4] DEBUG org.hibernate.SQL - 
    select
        up1_0.id,
        up1_0.age,
        up1_0.fitness_goal,
        up1_0.user_id,
        up1_0.weight_kg 
    from
        user_profiles up1_0 
    where
        up1_0.user_id=?
2026-05-16 08:49:24 [http-nio-8080-exec-4] DEBUG org.hibernate.SQL - 
    select
        up1_0.id,
        up1_0.age,
        up1_0.fitness_goal,
        up1_0.user_id,
        up1_0.weight_kg 
    from
        user_profiles up1_0 
    where
        up1_0.user_id=?
2026-05-16 08:49:24 [http-nio-8080-exec-4] DEBUG org.hibernate.SQL - 
    select
        up1_0.id,
        up1_0.age,
        up1_0.fitness_goal,
        up1_0.user_id,
        up1_0.weight_kg 
    from
        user_profiles up1_0 
    where
        up1_0.user_id=?
2026-05-16 08:49:24 [http-nio-8080-exec-4] DEBUG org.hibernate.SQL - 
    select
        up1_0.id,
        up1_0.age,
        up1_0.fitness_goal,
        up1_0.user_id,
        up1_0.weight_kg 
    from
        user_profiles up1_0 
    where
        up1_0.user_id=?
2026-05-16 08:49:24 [http-nio-8080-exec-4] DEBUG org.hibernate.SQL - 
    select
        up1_0.id,
        up1_0.age,
        up1_0.fitness_goal,
        up1_0.user_id,
        up1_0.weight_kg 
    from
        user_profiles up1_0 
    where
        up1_0.user_id=?
2026-05-16 08:49:24 [http-nio-8080-exec-4] DEBUG org.hibernate.SQL - 
    select
        up1_0.id,
        up1_0.age,
        up1_0.fitness_goal,
        up1_0.user_id,
        up1_0.weight_kg 
    from
        user_profiles up1_0 
    where
        up1_0.user_id=?
2026-05-16 08:49:24 [http-nio-8080-exec-5] DEBUG org.hibernate.SQL - 
    select
        u1_0.id,
        u1_0.coach_id,
        u1_0.email,
        u1_0.nutrition_plan_id,
        u1_0.password,
        u1_0.role,
        u1_0.username,
        u1_0.workout_group_id 
    from
        users u1_0 
    order by
        u1_0.username 
    offset
        ? rows 
    fetch
        first ? rows only
2026-05-16 08:49:24 [http-nio-8080-exec-5] DEBUG org.hibernate.SQL - 
    select
        up1_0.id,
        up1_0.age,
        up1_0.fitness_goal,
        up1_0.user_id,
        up1_0.weight_kg 
    from
        user_profiles up1_0 
    where
        up1_0.user_id=?
2026-05-16 08:49:24 [http-nio-8080-exec-5] DEBUG org.hibernate.SQL - 
    select
        up1_0.id,
        up1_0.age,
        up1_0.fitness_goal,
        up1_0.user_id,
        up1_0.weight_kg 
    from
        user_profiles up1_0 
    where
        up1_0.user_id=?
2026-05-16 08:49:24 [http-nio-8080-exec-5] DEBUG org.hibernate.SQL - 
    select
        up1_0.id,
        up1_0.age,
        up1_0.fitness_goal,
        up1_0.user_id,
        up1_0.weight_kg 
    from
        user_profiles up1_0 
    where
        up1_0.user_id=?
2026-05-16 08:49:24 [http-nio-8080-exec-5] DEBUG org.hibernate.SQL - 
    select
        up1_0.id,
        up1_0.age,
        up1_0.fitness_goal,
        up1_0.user_id,
        up1_0.weight_kg 
    from
        user_profiles up1_0 
    where
        up1_0.user_id=?
2026-05-16 08:49:24 [http-nio-8080-exec-5] DEBUG org.hibernate.SQL - 
    select
        up1_0.id,
        up1_0.age,
        up1_0.fitness_goal,
        up1_0.user_id,
        up1_0.weight_kg 
    from
        user_profiles up1_0 
    where
        up1_0.user_id=?
2026-05-16 08:49:24 [http-nio-8080-exec-5] DEBUG org.hibernate.SQL - 
    select
        count(u1_0.id) 
    from
        users u1_0
2026-05-16 08:49:26 [http-nio-8080-exec-7] DEBUG org.hibernate.SQL - 
    select
        up1_0.id,
        up1_0.age,
        up1_0.fitness_goal,
        up1_0.user_id,
        up1_0.weight_kg 
    from
        user_profiles up1_0 
    order by
        up1_0.id 
    offset
        ? rows 
    fetch
        first ? rows only
2026-05-16 08:49:26 [http-nio-8080-exec-7] DEBUG org.hibernate.SQL - 
    select
        u1_0.id,
        c1_0.id,
        c1_0.name,
        c1_0.specialization,
        u1_0.email,
        np1_0.id,
        np1_0.calories,
        np1_0.description,
        np1_0.name,
        u1_0.password,
        p1_0.id,
        p1_0.age,
        p1_0.fitness_goal,
        p1_0.user_id,
        p1_0.weight_kg,
        u1_0.role,
        u1_0.username,
        wg1_0.id,
        wg1_0.category,
        wg1_0.description,
        wg1_0.name 
    from
        users u1_0 
    left join
        coaches c1_0 
            on c1_0.id=u1_0.coach_id 
    left join
        nutrition_plans np1_0 
            on np1_0.id=u1_0.nutrition_plan_id 
    left join
        user_profiles p1_0 
            on u1_0.id=p1_0.user_id 
    left join
        workout_groups wg1_0 
            on wg1_0.id=u1_0.workout_group_id 
    where
        u1_0.id=?
2026-05-16 08:49:27 [http-nio-8080-exec-8] DEBUG org.hibernate.SQL - 
    select
        c1_0.id,
        c1_0.name,
        c1_0.specialization 
    from
        coaches c1_0 
    order by
        c1_0.name 
    offset
        ? rows 
    fetch
        first ? rows only
2026-05-16 08:49:28 [http-nio-8080-exec-9] DEBUG org.hibernate.SQL - 
    select
        wg1_0.id,
        wg1_0.category,
        wg1_0.description,
        wg1_0.name 
    from
        workout_groups wg1_0 
    order by
        wg1_0.name 
    offset
        ? rows 
    fetch
        first ? rows only
2026-05-16 08:49:28 [http-nio-8080-exec-1] DEBUG org.hibernate.SQL - 
    select
        e1_0.id,
        e1_0.description,
        e1_0.duration,
        e1_0.muscle_group,
        e1_0.name,
        e1_0.reps,
        e1_0.sets 
    from
        exercises e1_0
2026-05-16 08:49:28 [http-nio-8080-exec-3] DEBUG org.hibernate.SQL - 
    select
        np1_0.id,
        np1_0.calories,
        np1_0.description,
        np1_0.name 
    from
        nutrition_plans np1_0 
    order by
        np1_0.name 
    offset
        ? rows 
    fetch
        first ? rows only
2026-05-16 08:49:29 [http-nio-8080-exec-2] DEBUG org.hibernate.SQL - 
    select
        e1_0.id,
        e1_0.description,
        e1_0.duration,
        e1_0.muscle_group,
        e1_0.name,
        e1_0.reps,
        e1_0.sets 
    from
        exercises e1_0
2026-05-16 08:49:30 [http-nio-8080-exec-4] DEBUG org.hibernate.SQL - 
    select
        np1_0.id,
        np1_0.calories,
        np1_0.description,
        np1_0.name 
    from
        nutrition_plans np1_0 
    order by
        np1_0.name 
    offset
        ? rows 
    fetch
        first ? rows only
2026-05-16 08:49:32 [http-nio-8080-exec-5] DEBUG org.hibernate.SQL - 
    select
        wg1_0.id,
        wg1_0.category,
        wg1_0.description,
        wg1_0.name 
    from
        workout_groups wg1_0 
    order by
        wg1_0.name 
    offset
        ? rows 
    fetch
        first ? rows only
2026-05-16 08:49:32 [http-nio-8080-exec-6] DEBUG org.hibernate.SQL - 
    select
        c1_0.id,
        c1_0.name,
        c1_0.specialization 
    from
        coaches c1_0 
    order by
        c1_0.name 
    offset
        ? rows 
    fetch
        first ? rows only
2026-05-16 08:49:32 [http-nio-8080-exec-7] DEBUG org.hibernate.SQL - 
    select
        up1_0.id,
        up1_0.age,
        up1_0.fitness_goal,
        up1_0.user_id,
        up1_0.weight_kg 
    from
        user_profiles up1_0 
    order by
        up1_0.id 
    offset
        ? rows 
    fetch
        first ? rows only
2026-05-16 08:49:32 [http-nio-8080-exec-7] DEBUG org.hibernate.SQL - 
    select
        u1_0.id,
        c1_0.id,
        c1_0.name,
        c1_0.specialization,
        u1_0.email,
        np1_0.id,
        np1_0.calories,
        np1_0.description,
        np1_0.name,
        u1_0.password,
        p1_0.id,
        p1_0.age,
        p1_0.fitness_goal,
        p1_0.user_id,
        p1_0.weight_kg,
        u1_0.role,
        u1_0.username,
        wg1_0.id,
        wg1_0.category,
        wg1_0.description,
        wg1_0.name 
    from
        users u1_0 
    left join
        coaches c1_0 
            on c1_0.id=u1_0.coach_id 
    left join
        nutrition_plans np1_0 
            on np1_0.id=u1_0.nutrition_plan_id 
    left join
        user_profiles p1_0 
            on u1_0.id=p1_0.user_id 
    left join
        workout_groups wg1_0 
            on wg1_0.id=u1_0.workout_group_id 
    where
        u1_0.id=?
2026-05-16 08:49:34 [http-nio-8080-exec-8] DEBUG org.hibernate.SQL - 
    select
        u1_0.id,
        u1_0.coach_id,
        u1_0.email,
        u1_0.nutrition_plan_id,
        u1_0.password,
        u1_0.role,
        u1_0.username,
        u1_0.workout_group_id 
    from
        users u1_0 
    order by
        u1_0.username 
    offset
        ? rows 
    fetch
        first ? rows only
2026-05-16 08:49:34 [http-nio-8080-exec-8] DEBUG org.hibernate.SQL - 
    select
        up1_0.id,
        up1_0.age,
        up1_0.fitness_goal,
        up1_0.user_id,
        up1_0.weight_kg 
    from
        user_profiles up1_0 
    where
        up1_0.user_id=?
2026-05-16 08:49:34 [http-nio-8080-exec-8] DEBUG org.hibernate.SQL - 
    select
        up1_0.id,
        up1_0.age,
        up1_0.fitness_goal,
        up1_0.user_id,
        up1_0.weight_kg 
    from
        user_profiles up1_0 
    where
        up1_0.user_id=?
2026-05-16 08:49:34 [http-nio-8080-exec-8] DEBUG org.hibernate.SQL - 
    select
        up1_0.id,
        up1_0.age,
        up1_0.fitness_goal,
        up1_0.user_id,
        up1_0.weight_kg 
    from
        user_profiles up1_0 
    where
        up1_0.user_id=?
2026-05-16 08:49:34 [http-nio-8080-exec-8] DEBUG org.hibernate.SQL - 
    select
        up1_0.id,
        up1_0.age,
        up1_0.fitness_goal,
        up1_0.user_id,
        up1_0.weight_kg 
    from
        user_profiles up1_0 
    where
        up1_0.user_id=?
2026-05-16 08:49:34 [http-nio-8080-exec-8] DEBUG org.hibernate.SQL - 
    select
        up1_0.id,
        up1_0.age,
        up1_0.fitness_goal,
        up1_0.user_id,
        up1_0.weight_kg 
    from
        user_profiles up1_0 
    where
        up1_0.user_id=?
2026-05-16 08:49:34 [http-nio-8080-exec-8] DEBUG org.hibernate.SQL - 
    select
        count(u1_0.id) 
    from
        users u1_0
2026-05-16 08:49:43 [http-nio-8080-exec-3] DEBUG org.hibernate.SQL - 
    select
        u1_0.id,
        u1_0.coach_id,
        u1_0.email,
        u1_0.nutrition_plan_id,
        u1_0.password,
        u1_0.role,
        u1_0.username,
        u1_0.workout_group_id 
    from
        users u1_0
2026-05-16 08:49:43 [http-nio-8080-exec-3] DEBUG org.hibernate.SQL - 
    select
        up1_0.id,
        up1_0.age,
        up1_0.fitness_goal,
        up1_0.user_id,
        up1_0.weight_kg 
    from
        user_profiles up1_0 
    where
        up1_0.user_id=?
2026-05-16 08:49:43 [http-nio-8080-exec-3] DEBUG org.hibernate.SQL - 
    select
        up1_0.id,
        up1_0.age,
        up1_0.fitness_goal,
        up1_0.user_id,
        up1_0.weight_kg 
    from
        user_profiles up1_0 
    where
        up1_0.user_id=?
2026-05-16 08:49:43 [http-nio-8080-exec-3] DEBUG org.hibernate.SQL - 
    select
        up1_0.id,
        up1_0.age,
        up1_0.fitness_goal,
        up1_0.user_id,
        up1_0.weight_kg 
    from
        user_profiles up1_0 
    where
        up1_0.user_id=?
2026-05-16 08:49:43 [http-nio-8080-exec-3] DEBUG org.hibernate.SQL - 
    select
        up1_0.id,
        up1_0.age,
        up1_0.fitness_goal,
        up1_0.user_id,
        up1_0.weight_kg 
    from
        user_profiles up1_0 
    where
        up1_0.user_id=?
2026-05-16 08:49:43 [http-nio-8080-exec-3] DEBUG org.hibernate.SQL - 
    select
        up1_0.id,
        up1_0.age,
        up1_0.fitness_goal,
        up1_0.user_id,
        up1_0.weight_kg 
    from
        user_profiles up1_0 
    where
        up1_0.user_id=?
2026-05-16 08:49:43 [http-nio-8080-exec-3] DEBUG org.hibernate.SQL - 
    select
        up1_0.id,
        up1_0.age,
        up1_0.fitness_goal,
        up1_0.user_id,
        up1_0.weight_kg 
    from
        user_profiles up1_0 
    where
        up1_0.user_id=?
2026-05-16 08:49:43 [http-nio-8080-exec-3] DEBUG org.hibernate.SQL - 
    select
        up1_0.id,
        up1_0.age,
        up1_0.fitness_goal,
        up1_0.user_id,
        up1_0.weight_kg 
    from
        user_profiles up1_0 
    where
        up1_0.user_id=?
2026-05-16 08:49:43 [http-nio-8080-exec-2] DEBUG org.hibernate.SQL - 
    select
        u1_0.id,
        u1_0.coach_id,
        u1_0.email,
        u1_0.nutrition_plan_id,
        u1_0.password,
        u1_0.role,
        u1_0.username,
        u1_0.workout_group_id 
    from
        users u1_0 
    order by
        u1_0.username 
    offset
        ? rows 
    fetch
        first ? rows only
2026-05-16 08:49:43 [http-nio-8080-exec-2] DEBUG org.hibernate.SQL - 
    select
        up1_0.id,
        up1_0.age,
        up1_0.fitness_goal,
        up1_0.user_id,
        up1_0.weight_kg 
    from
        user_profiles up1_0 
    where
        up1_0.user_id=?
2026-05-16 08:49:43 [http-nio-8080-exec-2] DEBUG org.hibernate.SQL - 
    select
        up1_0.id,
        up1_0.age,
        up1_0.fitness_goal,
        up1_0.user_id,
        up1_0.weight_kg 
    from
        user_profiles up1_0 
    where
        up1_0.user_id=?
2026-05-16 08:49:43 [http-nio-8080-exec-2] DEBUG org.hibernate.SQL - 
    select
        up1_0.id,
        up1_0.age,
        up1_0.fitness_goal,
        up1_0.user_id,
        up1_0.weight_kg 
    from
        user_profiles up1_0 
    where
        up1_0.user_id=?
2026-05-16 08:49:43 [http-nio-8080-exec-2] DEBUG org.hibernate.SQL - 
    select
        up1_0.id,
        up1_0.age,
        up1_0.fitness_goal,
        up1_0.user_id,
        up1_0.weight_kg 
    from
        user_profiles up1_0 
    where
        up1_0.user_id=?
2026-05-16 08:49:43 [http-nio-8080-exec-2] DEBUG org.hibernate.SQL - 
    select
        up1_0.id,
        up1_0.age,
        up1_0.fitness_goal,
        up1_0.user_id,
        up1_0.weight_kg 
    from
        user_profiles up1_0 
    where
        up1_0.user_id=?
2026-05-16 08:49:43 [http-nio-8080-exec-2] DEBUG org.hibernate.SQL - 
    select
        count(u1_0.id) 
    from
        users u1_0
2026-05-16 08:49:56 [http-nio-8080-exec-5] DEBUG org.hibernate.SQL - 
    select
        up1_0.id,
        up1_0.age,
        up1_0.fitness_goal,
        up1_0.user_id,
        up1_0.weight_kg 
    from
        user_profiles up1_0 
    order by
        up1_0.id 
    offset
        ? rows 
    fetch
        first ? rows only
2026-05-16 08:49:56 [http-nio-8080-exec-5] DEBUG org.hibernate.SQL - 
    select
        u1_0.id,
        c1_0.id,
        c1_0.name,
        c1_0.specialization,
        u1_0.email,
        np1_0.id,
        np1_0.calories,
        np1_0.description,
        np1_0.name,
        u1_0.password,
        p1_0.id,
        p1_0.age,
        p1_0.fitness_goal,
        p1_0.user_id,
        p1_0.weight_kg,
        u1_0.role,
        u1_0.username,
        wg1_0.id,
        wg1_0.category,
        wg1_0.description,
        wg1_0.name 
    from
        users u1_0 
    left join
        coaches c1_0 
            on c1_0.id=u1_0.coach_id 
    left join
        nutrition_plans np1_0 
            on np1_0.id=u1_0.nutrition_plan_id 
    left join
        user_profiles p1_0 
            on u1_0.id=p1_0.user_id 
    left join
        workout_groups wg1_0 
            on wg1_0.id=u1_0.workout_group_id 
    where
        u1_0.id=?
2026-05-16 08:49:57 [http-nio-8080-exec-7] DEBUG org.hibernate.SQL - 
    select
        c1_0.id,
        c1_0.name,
        c1_0.specialization 
    from
        coaches c1_0 
    order by
        c1_0.name 
    offset
        ? rows 
    fetch
        first ? rows only
2026-05-16 08:49:57 [http-nio-8080-exec-8] DEBUG org.hibernate.SQL - 
    select
        wg1_0.id,
        wg1_0.category,
        wg1_0.description,
        wg1_0.name 
    from
        workout_groups wg1_0 
    order by
        wg1_0.name 
    offset
        ? rows 
    fetch
        first ? rows only
2026-05-16 08:49:58 [http-nio-8080-exec-10] DEBUG org.hibernate.SQL - 
    select
        e1_0.id,
        e1_0.description,
        e1_0.duration,
        e1_0.muscle_group,
        e1_0.name,
        e1_0.reps,
        e1_0.sets 
    from
        exercises e1_0
2026-05-16 08:49:58 [http-nio-8080-exec-1] DEBUG org.hibernate.SQL - 
    select
        np1_0.id,
        np1_0.calories,
        np1_0.description,
        np1_0.name 
    from
        nutrition_plans np1_0 
    order by
        np1_0.name 
    offset
        ? rows 
    fetch
        first ? rows only
2026-05-16 08:51:57 [SpringApplicationShutdownHook] INFO  o.s.b.w.e.tomcat.GracefulShutdown - Commencing graceful shutdown. Waiting for active requests to complete
2026-05-16 08:51:57 [tomcat-shutdown] INFO  o.s.b.w.e.tomcat.GracefulShutdown - Graceful shutdown complete
2026-05-16 08:51:57 [SpringApplicationShutdownHook] INFO  o.s.o.j.LocalContainerEntityManagerFactoryBean - Closing JPA EntityManagerFactory for persistence unit 'default'
2026-05-16 08:51:57 [SpringApplicationShutdownHook] INFO  com.zaxxer.hikari.HikariDataSource - HikariPool-1 - Shutdown initiated...
2026-05-16 08:51:57 [SpringApplicationShutdownHook] INFO  com.zaxxer.hikari.HikariDataSource - HikariPool-1 - Shutdown completed.
2026-05-17 07:38:56 [main] INFO  com.fitness.opp.OppApplication - Starting OppApplication using Java 21.0.10 with PID 1584 (C:\Users\Dunduc George\Desktop\fitness\opp\target\classes started by Dunduc George in C:\Users\Dunduc George\Desktop\fitness)
2026-05-17 07:38:56 [main] DEBUG com.fitness.opp.OppApplication - Running with Spring Boot v3.4.1, Spring v6.2.1
2026-05-17 07:38:56 [main] INFO  com.fitness.opp.OppApplication - The following 1 profile is active: "dev"
2026-05-17 07:39:00 [main] INFO  o.s.d.r.c.RepositoryConfigurationDelegate - Bootstrapping Spring Data JPA repositories in DEFAULT mode.
2026-05-17 07:39:00 [main] INFO  o.s.d.r.c.RepositoryConfigurationDelegate - Finished Spring Data repository scanning in 187 ms. Found 6 JPA repository interfaces.
2026-05-17 07:39:03 [main] INFO  o.s.b.w.e.tomcat.TomcatWebServer - Tomcat initialized with port 8080 (http)
2026-05-17 07:39:03 [main] INFO  o.a.catalina.core.StandardService - Starting service [Tomcat]
2026-05-17 07:39:03 [main] INFO  o.a.catalina.core.StandardEngine - Starting Servlet engine: [Apache Tomcat/10.1.34]
2026-05-17 07:39:03 [main] INFO  o.a.c.c.C.[Tomcat].[localhost].[/] - Initializing Spring embedded WebApplicationContext
2026-05-17 07:39:03 [main] INFO  o.s.b.w.s.c.ServletWebServerApplicationContext - Root WebApplicationContext: initialization completed in 7357 ms
2026-05-17 07:39:05 [main] INFO  o.h.jpa.internal.util.LogHelper - HHH000204: Processing PersistenceUnitInfo [name: default]
2026-05-17 07:39:05 [main] INFO  org.hibernate.Version - HHH000412: Hibernate ORM core version 6.6.4.Final
2026-05-17 07:39:05 [main] INFO  o.h.c.i.RegionFactoryInitiator - HHH000026: Second-level cache disabled
2026-05-17 07:39:07 [main] INFO  o.s.o.j.p.SpringPersistenceUnitInfo - No LoadTimeWeaver setup: ignoring JPA class transformer
2026-05-17 07:39:07 [main] INFO  com.zaxxer.hikari.HikariDataSource - HikariPool-1 - Starting...
2026-05-17 07:39:12 [main] INFO  com.zaxxer.hikari.pool.HikariPool - HikariPool-1 - Added connection oracle.jdbc.driver.T4CConnection@177ddd24
2026-05-17 07:39:12 [main] INFO  com.zaxxer.hikari.HikariDataSource - HikariPool-1 - Start completed.
2026-05-17 07:39:13 [main] WARN  org.hibernate.orm.deprecation - HHH90000025: OracleDialect does not need to be specified explicitly using 'hibernate.dialect' (remove the property setting and it will be selected by default)
2026-05-17 07:39:14 [main] INFO  o.hibernate.orm.connections.pooling - HHH10001005: Database info:
	Database JDBC URL [Connecting through datasource 'HikariDataSource (HikariPool-1)']
	Database driver: undefined/unknown
	Database version: 21.3
	Autocommit mode: undefined/unknown
	Isolation level: undefined/unknown
	Minimum pool size: undefined/unknown
	Maximum pool size: undefined/unknown
2026-05-17 07:39:18 [main] INFO  o.h.e.t.j.p.i.JtaPlatformInitiator - HHH000489: No JTA platform available (set 'hibernate.transaction.jta.platform' to enable JTA platform integration)
2026-05-17 07:39:29 [main] INFO  o.s.o.j.LocalContainerEntityManagerFactoryBean - Initialized JPA EntityManagerFactory for persistence unit 'default'
2026-05-17 07:39:30 [main] WARN  o.s.b.a.o.j.JpaBaseConfiguration$JpaWebConfiguration - spring.jpa.open-in-view is enabled by default. Therefore, database queries may be performed during view rendering. Explicitly configure spring.jpa.open-in-view to disable this warning
2026-05-17 07:39:30 [main] INFO  o.s.s.c.a.a.c.InitializeAuthenticationProviderBeanManagerConfigurer$InitializeAuthenticationProviderManagerConfigurer - Global AuthenticationManager configured with AuthenticationProvider bean with name authenticationProvider
2026-05-17 07:39:30 [main] WARN  o.s.s.c.a.a.c.InitializeUserDetailsBeanManagerConfigurer$InitializeUserDetailsManagerConfigurer - Global AuthenticationManager configured with an AuthenticationProvider bean. UserDetailsService beans will not be used by Spring Security for automatically configuring username/password login. Consider removing the AuthenticationProvider bean. Alternatively, consider using the UserDetailsService in a manually instantiated DaoAuthenticationProvider. If the current configuration is intentional, to turn off this warning, increase the logging level of 'org.springframework.security.config.annotation.authentication.configuration.InitializeUserDetailsBeanManagerConfigurer' to ERROR
2026-05-17 07:39:33 [main] INFO  o.s.b.w.e.tomcat.TomcatWebServer - Tomcat started on port 8080 (http) with context path '/'
2026-05-17 07:39:33 [main] INFO  com.fitness.opp.OppApplication - Started OppApplication in 39.694 seconds (process running for 43.654)
2026-05-17 07:39:33 [main] DEBUG org.hibernate.SQL - 
    select
        u1_0.id,
        u1_0.coach_id,
        u1_0.email,
        u1_0.nutrition_plan_id,
        u1_0.password,
        u1_0.role,
        u1_0.username,
        u1_0.workout_group_id 
    from
        users u1_0 
    where
        u1_0.username=?
2026-05-17 07:39:34 [main] DEBUG org.hibernate.SQL - 
    select
        up1_0.id,
        up1_0.age,
        up1_0.fitness_goal,
        up1_0.user_id,
        up1_0.weight_kg 
    from
        user_profiles up1_0 
    where
        up1_0.user_id=?
2026-05-17 07:39:34 [main] DEBUG org.hibernate.SQL - 
    select
        u1_0.id,
        c1_0.id,
        c1_0.name,
        c1_0.specialization,
        u1_0.email,
        np1_0.id,
        np1_0.calories,
        np1_0.description,
        np1_0.name,
        u1_0.password,
        p1_0.id,
        p1_0.age,
        p1_0.fitness_goal,
        p1_0.user_id,
        p1_0.weight_kg,
        u1_0.role,
        u1_0.username,
        wg1_0.id,
        wg1_0.category,
        wg1_0.description,
        wg1_0.name 
    from
        users u1_0 
    left join
        coaches c1_0 
            on c1_0.id=u1_0.coach_id 
    left join
        nutrition_plans np1_0 
            on np1_0.id=u1_0.nutrition_plan_id 
    left join
        user_profiles p1_0 
            on u1_0.id=p1_0.user_id 
    left join
        workout_groups wg1_0 
            on wg1_0.id=u1_0.workout_group_id 
    where
        u1_0.id=?
2026-05-17 07:39:34 [main] DEBUG org.hibernate.SQL - 
    delete 
    from
        users 
    where
        id=?
2026-05-17 07:39:34 [main] DEBUG org.hibernate.SQL - 
    insert 
    into
        users
        (coach_id, email, nutrition_plan_id, password, role, username, workout_group_id, id) 
    values
        (?, ?, ?, ?, ?, ?, ?, default)
2026-05-17 07:40:02 [http-nio-8080-exec-1] INFO  o.a.c.c.C.[Tomcat].[localhost].[/] - Initializing Spring DispatcherServlet 'dispatcherServlet'
2026-05-17 07:40:02 [http-nio-8080-exec-1] INFO  o.s.web.servlet.DispatcherServlet - Initializing Servlet 'dispatcherServlet'
2026-05-17 07:40:02 [http-nio-8080-exec-1] INFO  o.s.web.servlet.DispatcherServlet - Completed initialization in 2 ms
2026-05-17 07:40:07 [http-nio-8080-exec-4] DEBUG org.hibernate.SQL - 
    select
        u1_0.id,
        u1_0.coach_id,
        u1_0.email,
        u1_0.nutrition_plan_id,
        u1_0.password,
        u1_0.role,
        u1_0.username,
        u1_0.workout_group_id 
    from
        users u1_0
2026-05-17 07:40:07 [http-nio-8080-exec-4] DEBUG org.hibernate.SQL - 
    select
        up1_0.id,
        up1_0.age,
        up1_0.fitness_goal,
        up1_0.user_id,
        up1_0.weight_kg 
    from
        user_profiles up1_0 
    where
        up1_0.user_id=?
2026-05-17 07:40:07 [http-nio-8080-exec-4] DEBUG org.hibernate.SQL - 
    select
        up1_0.id,
        up1_0.age,
        up1_0.fitness_goal,
        up1_0.user_id,
        up1_0.weight_kg 
    from
        user_profiles up1_0 
    where
        up1_0.user_id=?
2026-05-17 07:40:07 [http-nio-8080-exec-4] DEBUG org.hibernate.SQL - 
    select
        up1_0.id,
        up1_0.age,
        up1_0.fitness_goal,
        up1_0.user_id,
        up1_0.weight_kg 
    from
        user_profiles up1_0 
    where
        up1_0.user_id=?
2026-05-17 07:40:07 [http-nio-8080-exec-4] DEBUG org.hibernate.SQL - 
    select
        up1_0.id,
        up1_0.age,
        up1_0.fitness_goal,
        up1_0.user_id,
        up1_0.weight_kg 
    from
        user_profiles up1_0 
    where
        up1_0.user_id=?
2026-05-17 07:40:07 [http-nio-8080-exec-4] DEBUG org.hibernate.SQL - 
    select
        up1_0.id,
        up1_0.age,
        up1_0.fitness_goal,
        up1_0.user_id,
        up1_0.weight_kg 
    from
        user_profiles up1_0 
    where
        up1_0.user_id=?
2026-05-17 07:40:07 [http-nio-8080-exec-4] DEBUG org.hibernate.SQL - 
    select
        up1_0.id,
        up1_0.age,
        up1_0.fitness_goal,
        up1_0.user_id,
        up1_0.weight_kg 
    from
        user_profiles up1_0 
    where
        up1_0.user_id=?
2026-05-17 07:40:07 [http-nio-8080-exec-4] DEBUG org.hibernate.SQL - 
    select
        up1_0.id,
        up1_0.age,
        up1_0.fitness_goal,
        up1_0.user_id,
        up1_0.weight_kg 
    from
        user_profiles up1_0 
    where
        up1_0.user_id=?
2026-05-17 07:40:07 [http-nio-8080-exec-4] DEBUG org.hibernate.SQL - 
    select
        u1_0.id,
        u1_0.coach_id,
        u1_0.email,
        u1_0.nutrition_plan_id,
        u1_0.password,
        u1_0.role,
        u1_0.username,
        u1_0.workout_group_id 
    from
        users u1_0
2026-05-17 07:40:07 [http-nio-8080-exec-4] DEBUG org.hibernate.SQL - 
    select
        up1_0.id,
        up1_0.age,
        up1_0.fitness_goal,
        up1_0.user_id,
        up1_0.weight_kg 
    from
        user_profiles up1_0 
    where
        up1_0.user_id=?
2026-05-17 07:40:07 [http-nio-8080-exec-4] DEBUG org.hibernate.SQL - 
    select
        up1_0.id,
        up1_0.age,
        up1_0.fitness_goal,
        up1_0.user_id,
        up1_0.weight_kg 
    from
        user_profiles up1_0 
    where
        up1_0.user_id=?
2026-05-17 07:40:07 [http-nio-8080-exec-4] DEBUG org.hibernate.SQL - 
    select
        up1_0.id,
        up1_0.age,
        up1_0.fitness_goal,
        up1_0.user_id,
        up1_0.weight_kg 
    from
        user_profiles up1_0 
    where
        up1_0.user_id=?
2026-05-17 07:40:07 [http-nio-8080-exec-4] DEBUG org.hibernate.SQL - 
    select
        up1_0.id,
        up1_0.age,
        up1_0.fitness_goal,
        up1_0.user_id,
        up1_0.weight_kg 
    from
        user_profiles up1_0 
    where
        up1_0.user_id=?
2026-05-17 07:40:07 [http-nio-8080-exec-4] DEBUG org.hibernate.SQL - 
    select
        up1_0.id,
        up1_0.age,
        up1_0.fitness_goal,
        up1_0.user_id,
        up1_0.weight_kg 
    from
        user_profiles up1_0 
    where
        up1_0.user_id=?
2026-05-17 07:40:07 [http-nio-8080-exec-4] DEBUG org.hibernate.SQL - 
    select
        up1_0.id,
        up1_0.age,
        up1_0.fitness_goal,
        up1_0.user_id,
        up1_0.weight_kg 
    from
        user_profiles up1_0 
    where
        up1_0.user_id=?
2026-05-17 07:40:07 [http-nio-8080-exec-4] DEBUG org.hibernate.SQL - 
    select
        up1_0.id,
        up1_0.age,
        up1_0.fitness_goal,
        up1_0.user_id,
        up1_0.weight_kg 
    from
        user_profiles up1_0 
    where
        up1_0.user_id=?
2026-05-17 07:40:07 [http-nio-8080-exec-6] DEBUG org.hibernate.SQL - 
    select
        u1_0.id,
        u1_0.coach_id,
        u1_0.email,
        u1_0.nutrition_plan_id,
        u1_0.password,
        u1_0.role,
        u1_0.username,
        u1_0.workout_group_id 
    from
        users u1_0 
    order by
        u1_0.username 
    offset
        ? rows 
    fetch
        first ? rows only
2026-05-17 07:40:07 [http-nio-8080-exec-6] DEBUG org.hibernate.SQL - 
    select
        up1_0.id,
        up1_0.age,
        up1_0.fitness_goal,
        up1_0.user_id,
        up1_0.weight_kg 
    from
        user_profiles up1_0 
    where
        up1_0.user_id=?
2026-05-17 07:40:07 [http-nio-8080-exec-6] DEBUG org.hibernate.SQL - 
    select
        up1_0.id,
        up1_0.age,
        up1_0.fitness_goal,
        up1_0.user_id,
        up1_0.weight_kg 
    from
        user_profiles up1_0 
    where
        up1_0.user_id=?
2026-05-17 07:40:07 [http-nio-8080-exec-6] DEBUG org.hibernate.SQL - 
    select
        up1_0.id,
        up1_0.age,
        up1_0.fitness_goal,
        up1_0.user_id,
        up1_0.weight_kg 
    from
        user_profiles up1_0 
    where
        up1_0.user_id=?
2026-05-17 07:40:07 [http-nio-8080-exec-6] DEBUG org.hibernate.SQL - 
    select
        up1_0.id,
        up1_0.age,
        up1_0.fitness_goal,
        up1_0.user_id,
        up1_0.weight_kg 
    from
        user_profiles up1_0 
    where
        up1_0.user_id=?
2026-05-17 07:40:07 [http-nio-8080-exec-6] DEBUG org.hibernate.SQL - 
    select
        up1_0.id,
        up1_0.age,
        up1_0.fitness_goal,
        up1_0.user_id,
        up1_0.weight_kg 
    from
        user_profiles up1_0 
    where
        up1_0.user_id=?
2026-05-17 07:40:07 [http-nio-8080-exec-6] DEBUG org.hibernate.SQL - 
    select
        count(u1_0.id) 
    from
        users u1_0
2026-05-17 07:40:11 [http-nio-8080-exec-7] DEBUG org.hibernate.SQL - 
    select
        u1_0.id,
        u1_0.coach_id,
        u1_0.email,
        u1_0.nutrition_plan_id,
        u1_0.password,
        u1_0.role,
        u1_0.username,
        u1_0.workout_group_id 
    from
        users u1_0 
    order by
        u1_0.username 
    offset
        ? rows 
    fetch
        first ? rows only
2026-05-17 07:40:11 [http-nio-8080-exec-7] DEBUG org.hibernate.SQL - 
    select
        up1_0.id,
        up1_0.age,
        up1_0.fitness_goal,
        up1_0.user_id,
        up1_0.weight_kg 
    from
        user_profiles up1_0 
    where
        up1_0.user_id=?
2026-05-17 07:40:11 [http-nio-8080-exec-7] DEBUG org.hibernate.SQL - 
    select
        up1_0.id,
        up1_0.age,
        up1_0.fitness_goal,
        up1_0.user_id,
        up1_0.weight_kg 
    from
        user_profiles up1_0 
    where
        up1_0.user_id=?
2026-05-17 07:40:12 [http-nio-8080-exec-9] DEBUG org.hibernate.SQL - 
    select
        u1_0.id,
        u1_0.coach_id,
        u1_0.email,
        u1_0.nutrition_plan_id,
        u1_0.password,
        u1_0.role,
        u1_0.username,
        u1_0.workout_group_id 
    from
        users u1_0 
    order by
        u1_0.username 
    offset
        ? rows 
    fetch
        first ? rows only
2026-05-17 07:40:12 [http-nio-8080-exec-9] DEBUG org.hibernate.SQL - 
    select
        up1_0.id,
        up1_0.age,
        up1_0.fitness_goal,
        up1_0.user_id,
        up1_0.weight_kg 
    from
        user_profiles up1_0 
    where
        up1_0.user_id=?
2026-05-17 07:40:12 [http-nio-8080-exec-9] DEBUG org.hibernate.SQL - 
    select
        up1_0.id,
        up1_0.age,
        up1_0.fitness_goal,
        up1_0.user_id,
        up1_0.weight_kg 
    from
        user_profiles up1_0 
    where
        up1_0.user_id=?
2026-05-17 07:40:12 [http-nio-8080-exec-9] DEBUG org.hibernate.SQL - 
    select
        up1_0.id,
        up1_0.age,
        up1_0.fitness_goal,
        up1_0.user_id,
        up1_0.weight_kg 
    from
        user_profiles up1_0 
    where
        up1_0.user_id=?
2026-05-17 07:40:12 [http-nio-8080-exec-9] DEBUG org.hibernate.SQL - 
    select
        up1_0.id,
        up1_0.age,
        up1_0.fitness_goal,
        up1_0.user_id,
        up1_0.weight_kg 
    from
        user_profiles up1_0 
    where
        up1_0.user_id=?
2026-05-17 07:40:12 [http-nio-8080-exec-9] DEBUG org.hibernate.SQL - 
    select
        up1_0.id,
        up1_0.age,
        up1_0.fitness_goal,
        up1_0.user_id,
        up1_0.weight_kg 
    from
        user_profiles up1_0 
    where
        up1_0.user_id=?
2026-05-17 07:40:12 [http-nio-8080-exec-9] DEBUG org.hibernate.SQL - 
    select
        count(u1_0.id) 
    from
        users u1_0
2026-05-17 07:40:25 [http-nio-8080-exec-10] DEBUG org.hibernate.SQL - 
    insert 
    into
        users
        (coach_id, email, nutrition_plan_id, password, role, username, workout_group_id, id) 
    values
        (?, ?, ?, ?, ?, ?, ?, default)
2026-05-17 07:40:25 [http-nio-8080-exec-1] DEBUG org.hibernate.SQL - 
    select
        u1_0.id,
        u1_0.coach_id,
        u1_0.email,
        u1_0.nutrition_plan_id,
        u1_0.password,
        u1_0.role,
        u1_0.username,
        u1_0.workout_group_id 
    from
        users u1_0 
    order by
        u1_0.username 
    offset
        ? rows 
    fetch
        first ? rows only
2026-05-17 07:40:25 [http-nio-8080-exec-1] DEBUG org.hibernate.SQL - 
    select
        up1_0.id,
        up1_0.age,
        up1_0.fitness_goal,
        up1_0.user_id,
        up1_0.weight_kg 
    from
        user_profiles up1_0 
    where
        up1_0.user_id=?
2026-05-17 07:40:25 [http-nio-8080-exec-1] DEBUG org.hibernate.SQL - 
    select
        up1_0.id,
        up1_0.age,
        up1_0.fitness_goal,
        up1_0.user_id,
        up1_0.weight_kg 
    from
        user_profiles up1_0 
    where
        up1_0.user_id=?
2026-05-17 07:40:25 [http-nio-8080-exec-1] DEBUG org.hibernate.SQL - 
    select
        up1_0.id,
        up1_0.age,
        up1_0.fitness_goal,
        up1_0.user_id,
        up1_0.weight_kg 
    from
        user_profiles up1_0 
    where
        up1_0.user_id=?
2026-05-17 07:40:25 [http-nio-8080-exec-1] DEBUG org.hibernate.SQL - 
    select
        up1_0.id,
        up1_0.age,
        up1_0.fitness_goal,
        up1_0.user_id,
        up1_0.weight_kg 
    from
        user_profiles up1_0 
    where
        up1_0.user_id=?
2026-05-17 07:40:25 [http-nio-8080-exec-1] DEBUG org.hibernate.SQL - 
    select
        up1_0.id,
        up1_0.age,
        up1_0.fitness_goal,
        up1_0.user_id,
        up1_0.weight_kg 
    from
        user_profiles up1_0 
    where
        up1_0.user_id=?
2026-05-17 07:40:25 [http-nio-8080-exec-1] DEBUG org.hibernate.SQL - 
    select
        count(u1_0.id) 
    from
        users u1_0
2026-05-17 07:40:28 [http-nio-8080-exec-3] DEBUG org.hibernate.SQL - 
    select
        u1_0.id,
        u1_0.coach_id,
        u1_0.email,
        u1_0.nutrition_plan_id,
        u1_0.password,
        u1_0.role,
        u1_0.username,
        u1_0.workout_group_id 
    from
        users u1_0 
    order by
        u1_0.username 
    offset
        ? rows 
    fetch
        first ? rows only
2026-05-17 07:40:28 [http-nio-8080-exec-3] DEBUG org.hibernate.SQL - 
    select
        up1_0.id,
        up1_0.age,
        up1_0.fitness_goal,
        up1_0.user_id,
        up1_0.weight_kg 
    from
        user_profiles up1_0 
    where
        up1_0.user_id=?
2026-05-17 07:40:28 [http-nio-8080-exec-3] DEBUG org.hibernate.SQL - 
    select
        up1_0.id,
        up1_0.age,
        up1_0.fitness_goal,
        up1_0.user_id,
        up1_0.weight_kg 
    from
        user_profiles up1_0 
    where
        up1_0.user_id=?
2026-05-17 07:40:28 [http-nio-8080-exec-3] DEBUG org.hibernate.SQL - 
    select
        up1_0.id,
        up1_0.age,
        up1_0.fitness_goal,
        up1_0.user_id,
        up1_0.weight_kg 
    from
        user_profiles up1_0 
    where
        up1_0.user_id=?
2026-05-17 07:40:30 [http-nio-8080-exec-6] DEBUG org.hibernate.SQL - 
    select
        u1_0.id,
        u1_0.coach_id,
        u1_0.email,
        u1_0.nutrition_plan_id,
        u1_0.password,
        u1_0.role,
        u1_0.username,
        u1_0.workout_group_id 
    from
        users u1_0 
    order by
        u1_0.username 
    offset
        ? rows 
    fetch
        first ? rows only
2026-05-17 07:40:30 [http-nio-8080-exec-6] DEBUG org.hibernate.SQL - 
    select
        up1_0.id,
        up1_0.age,
        up1_0.fitness_goal,
        up1_0.user_id,
        up1_0.weight_kg 
    from
        user_profiles up1_0 
    where
        up1_0.user_id=?
2026-05-17 07:40:30 [http-nio-8080-exec-6] DEBUG org.hibernate.SQL - 
    select
        up1_0.id,
        up1_0.age,
        up1_0.fitness_goal,
        up1_0.user_id,
        up1_0.weight_kg 
    from
        user_profiles up1_0 
    where
        up1_0.user_id=?
2026-05-17 07:40:30 [http-nio-8080-exec-6] DEBUG org.hibernate.SQL - 
    select
        up1_0.id,
        up1_0.age,
        up1_0.fitness_goal,
        up1_0.user_id,
        up1_0.weight_kg 
    from
        user_profiles up1_0 
    where
        up1_0.user_id=?
2026-05-17 07:40:30 [http-nio-8080-exec-6] DEBUG org.hibernate.SQL - 
    select
        up1_0.id,
        up1_0.age,
        up1_0.fitness_goal,
        up1_0.user_id,
        up1_0.weight_kg 
    from
        user_profiles up1_0 
    where
        up1_0.user_id=?
2026-05-17 07:40:30 [http-nio-8080-exec-6] DEBUG org.hibernate.SQL - 
    select
        up1_0.id,
        up1_0.age,
        up1_0.fitness_goal,
        up1_0.user_id,
        up1_0.weight_kg 
    from
        user_profiles up1_0 
    where
        up1_0.user_id=?
2026-05-17 07:40:30 [http-nio-8080-exec-6] DEBUG org.hibernate.SQL - 
    select
        count(u1_0.id) 
    from
        users u1_0
2026-05-17 07:40:31 [http-nio-8080-exec-5] DEBUG org.hibernate.SQL - 
    select
        u1_0.id,
        u1_0.coach_id,
        u1_0.email,
        u1_0.nutrition_plan_id,
        u1_0.password,
        u1_0.role,
        u1_0.username,
        u1_0.workout_group_id 
    from
        users u1_0 
    order by
        u1_0.username 
    offset
        ? rows 
    fetch
        first ? rows only
2026-05-17 07:40:31 [http-nio-8080-exec-5] DEBUG org.hibernate.SQL - 
    select
        up1_0.id,
        up1_0.age,
        up1_0.fitness_goal,
        up1_0.user_id,
        up1_0.weight_kg 
    from
        user_profiles up1_0 
    where
        up1_0.user_id=?
2026-05-17 07:40:31 [http-nio-8080-exec-5] DEBUG org.hibernate.SQL - 
    select
        up1_0.id,
        up1_0.age,
        up1_0.fitness_goal,
        up1_0.user_id,
        up1_0.weight_kg 
    from
        user_profiles up1_0 
    where
        up1_0.user_id=?
2026-05-17 07:40:31 [http-nio-8080-exec-5] DEBUG org.hibernate.SQL - 
    select
        up1_0.id,
        up1_0.age,
        up1_0.fitness_goal,
        up1_0.user_id,
        up1_0.weight_kg 
    from
        user_profiles up1_0 
    where
        up1_0.user_id=?
2026-05-17 07:40:32 [http-nio-8080-exec-8] DEBUG org.hibernate.SQL - 
    select
        u1_0.id,
        u1_0.coach_id,
        u1_0.email,
        u1_0.nutrition_plan_id,
        u1_0.password,
        u1_0.role,
        u1_0.username,
        u1_0.workout_group_id 
    from
        users u1_0 
    order by
        u1_0.username 
    offset
        ? rows 
    fetch
        first ? rows only
2026-05-17 07:40:32 [http-nio-8080-exec-8] DEBUG org.hibernate.SQL - 
    select
        up1_0.id,
        up1_0.age,
        up1_0.fitness_goal,
        up1_0.user_id,
        up1_0.weight_kg 
    from
        user_profiles up1_0 
    where
        up1_0.user_id=?
2026-05-17 07:40:32 [http-nio-8080-exec-8] DEBUG org.hibernate.SQL - 
    select
        up1_0.id,
        up1_0.age,
        up1_0.fitness_goal,
        up1_0.user_id,
        up1_0.weight_kg 
    from
        user_profiles up1_0 
    where
        up1_0.user_id=?
2026-05-17 07:40:32 [http-nio-8080-exec-8] DEBUG org.hibernate.SQL - 
    select
        up1_0.id,
        up1_0.age,
        up1_0.fitness_goal,
        up1_0.user_id,
        up1_0.weight_kg 
    from
        user_profiles up1_0 
    where
        up1_0.user_id=?
2026-05-17 07:40:32 [http-nio-8080-exec-8] DEBUG org.hibernate.SQL - 
    select
        up1_0.id,
        up1_0.age,
        up1_0.fitness_goal,
        up1_0.user_id,
        up1_0.weight_kg 
    from
        user_profiles up1_0 
    where
        up1_0.user_id=?
2026-05-17 07:40:32 [http-nio-8080-exec-8] DEBUG org.hibernate.SQL - 
    select
        up1_0.id,
        up1_0.age,
        up1_0.fitness_goal,
        up1_0.user_id,
        up1_0.weight_kg 
    from
        user_profiles up1_0 
    where
        up1_0.user_id=?
2026-05-17 07:40:32 [http-nio-8080-exec-8] DEBUG org.hibernate.SQL - 
    select
        count(u1_0.id) 
    from
        users u1_0
2026-05-17 07:40:34 [http-nio-8080-exec-9] DEBUG org.hibernate.SQL - 
    select
        c1_0.id,
        c1_0.name,
        c1_0.specialization 
    from
        coaches c1_0 
    order by
        c1_0.name 
    offset
        ? rows 
    fetch
        first ? rows only
2026-05-17 07:40:35 [http-nio-8080-exec-10] DEBUG org.hibernate.SQL - 
    select
        u1_0.id,
        u1_0.coach_id,
        u1_0.email,
        u1_0.nutrition_plan_id,
        u1_0.password,
        u1_0.role,
        u1_0.username,
        u1_0.workout_group_id 
    from
        users u1_0 
    order by
        u1_0.username 
    offset
        ? rows 
    fetch
        first ? rows only
2026-05-17 07:40:35 [http-nio-8080-exec-10] DEBUG org.hibernate.SQL - 
    select
        up1_0.id,
        up1_0.age,
        up1_0.fitness_goal,
        up1_0.user_id,
        up1_0.weight_kg 
    from
        user_profiles up1_0 
    where
        up1_0.user_id=?
2026-05-17 07:40:35 [http-nio-8080-exec-10] DEBUG org.hibernate.SQL - 
    select
        up1_0.id,
        up1_0.age,
        up1_0.fitness_goal,
        up1_0.user_id,
        up1_0.weight_kg 
    from
        user_profiles up1_0 
    where
        up1_0.user_id=?
2026-05-17 07:40:35 [http-nio-8080-exec-10] DEBUG org.hibernate.SQL - 
    select
        up1_0.id,
        up1_0.age,
        up1_0.fitness_goal,
        up1_0.user_id,
        up1_0.weight_kg 
    from
        user_profiles up1_0 
    where
        up1_0.user_id=?
2026-05-17 07:40:35 [http-nio-8080-exec-10] DEBUG org.hibernate.SQL - 
    select
        up1_0.id,
        up1_0.age,
        up1_0.fitness_goal,
        up1_0.user_id,
        up1_0.weight_kg 
    from
        user_profiles up1_0 
    where
        up1_0.user_id=?
2026-05-17 07:40:35 [http-nio-8080-exec-10] DEBUG org.hibernate.SQL - 
    select
        up1_0.id,
        up1_0.age,
        up1_0.fitness_goal,
        up1_0.user_id,
        up1_0.weight_kg 
    from
        user_profiles up1_0 
    where
        up1_0.user_id=?
2026-05-17 07:40:35 [http-nio-8080-exec-10] DEBUG org.hibernate.SQL - 
    select
        count(u1_0.id) 
    from
        users u1_0
2026-05-17 07:40:36 [http-nio-8080-exec-1] DEBUG org.hibernate.SQL - 
    select
        u1_0.id,
        u1_0.coach_id,
        u1_0.email,
        u1_0.nutrition_plan_id,
        u1_0.password,
        u1_0.role,
        u1_0.username,
        u1_0.workout_group_id 
    from
        users u1_0 
    order by
        u1_0.username 
    offset
        ? rows 
    fetch
        first ? rows only
2026-05-17 07:40:36 [http-nio-8080-exec-1] DEBUG org.hibernate.SQL - 
    select
        up1_0.id,
        up1_0.age,
        up1_0.fitness_goal,
        up1_0.user_id,
        up1_0.weight_kg 
    from
        user_profiles up1_0 
    where
        up1_0.user_id=?
2026-05-17 07:40:36 [http-nio-8080-exec-1] DEBUG org.hibernate.SQL - 
    select
        up1_0.id,
        up1_0.age,
        up1_0.fitness_goal,
        up1_0.user_id,
        up1_0.weight_kg 
    from
        user_profiles up1_0 
    where
        up1_0.user_id=?
2026-05-17 07:40:36 [http-nio-8080-exec-1] DEBUG org.hibernate.SQL - 
    select
        up1_0.id,
        up1_0.age,
        up1_0.fitness_goal,
        up1_0.user_id,
        up1_0.weight_kg 
    from
        user_profiles up1_0 
    where
        up1_0.user_id=?
2026-05-17 07:40:37 [http-nio-8080-exec-3] DEBUG org.hibernate.SQL - 
    select
        u1_0.id,
        u1_0.coach_id,
        u1_0.email,
        u1_0.nutrition_plan_id,
        u1_0.password,
        u1_0.role,
        u1_0.username,
        u1_0.workout_group_id 
    from
        users u1_0 
    order by
        u1_0.username 
    offset
        ? rows 
    fetch
        first ? rows only
2026-05-17 07:40:37 [http-nio-8080-exec-3] DEBUG org.hibernate.SQL - 
    select
        up1_0.id,
        up1_0.age,
        up1_0.fitness_goal,
        up1_0.user_id,
        up1_0.weight_kg 
    from
        user_profiles up1_0 
    where
        up1_0.user_id=?
2026-05-17 07:40:37 [http-nio-8080-exec-3] DEBUG org.hibernate.SQL - 
    select
        up1_0.id,
        up1_0.age,
        up1_0.fitness_goal,
        up1_0.user_id,
        up1_0.weight_kg 
    from
        user_profiles up1_0 
    where
        up1_0.user_id=?
2026-05-17 07:40:37 [http-nio-8080-exec-3] DEBUG org.hibernate.SQL - 
    select
        up1_0.id,
        up1_0.age,
        up1_0.fitness_goal,
        up1_0.user_id,
        up1_0.weight_kg 
    from
        user_profiles up1_0 
    where
        up1_0.user_id=?
2026-05-17 07:40:37 [http-nio-8080-exec-3] DEBUG org.hibernate.SQL - 
    select
        up1_0.id,
        up1_0.age,
        up1_0.fitness_goal,
        up1_0.user_id,
        up1_0.weight_kg 
    from
        user_profiles up1_0 
    where
        up1_0.user_id=?
2026-05-17 07:40:37 [http-nio-8080-exec-3] DEBUG org.hibernate.SQL - 
    select
        up1_0.id,
        up1_0.age,
        up1_0.fitness_goal,
        up1_0.user_id,
        up1_0.weight_kg 
    from
        user_profiles up1_0 
    where
        up1_0.user_id=?
2026-05-17 07:40:37 [http-nio-8080-exec-3] DEBUG org.hibernate.SQL - 
    select
        count(u1_0.id) 
    from
        users u1_0
2026-05-17 07:40:39 [http-nio-8080-exec-4] DEBUG org.hibernate.SQL - 
    select
        u1_0.id,
        u1_0.coach_id,
        u1_0.email,
        u1_0.nutrition_plan_id,
        u1_0.password,
        u1_0.role,
        u1_0.username,
        u1_0.workout_group_id 
    from
        users u1_0 
    order by
        u1_0.username 
    offset
        ? rows 
    fetch
        first ? rows only
2026-05-17 07:40:39 [http-nio-8080-exec-4] DEBUG org.hibernate.SQL - 
    select
        up1_0.id,
        up1_0.age,
        up1_0.fitness_goal,
        up1_0.user_id,
        up1_0.weight_kg 
    from
        user_profiles up1_0 
    where
        up1_0.user_id=?
2026-05-17 07:40:39 [http-nio-8080-exec-4] DEBUG org.hibernate.SQL - 
    select
        up1_0.id,
        up1_0.age,
        up1_0.fitness_goal,
        up1_0.user_id,
        up1_0.weight_kg 
    from
        user_profiles up1_0 
    where
        up1_0.user_id=?
2026-05-17 07:40:39 [http-nio-8080-exec-4] DEBUG org.hibernate.SQL - 
    select
        up1_0.id,
        up1_0.age,
        up1_0.fitness_goal,
        up1_0.user_id,
        up1_0.weight_kg 
    from
        user_profiles up1_0 
    where
        up1_0.user_id=?
2026-05-17 07:40:40 [http-nio-8080-exec-6] DEBUG org.hibernate.SQL - 
    select
        u1_0.id,
        u1_0.coach_id,
        u1_0.email,
        u1_0.nutrition_plan_id,
        u1_0.password,
        u1_0.role,
        u1_0.username,
        u1_0.workout_group_id 
    from
        users u1_0 
    order by
        u1_0.username 
    offset
        ? rows 
    fetch
        first ? rows only
2026-05-17 07:40:40 [http-nio-8080-exec-6] DEBUG org.hibernate.SQL - 
    select
        up1_0.id,
        up1_0.age,
        up1_0.fitness_goal,
        up1_0.user_id,
        up1_0.weight_kg 
    from
        user_profiles up1_0 
    where
        up1_0.user_id=?
2026-05-17 07:40:40 [http-nio-8080-exec-6] DEBUG org.hibernate.SQL - 
    select
        up1_0.id,
        up1_0.age,
        up1_0.fitness_goal,
        up1_0.user_id,
        up1_0.weight_kg 
    from
        user_profiles up1_0 
    where
        up1_0.user_id=?
2026-05-17 07:40:40 [http-nio-8080-exec-6] DEBUG org.hibernate.SQL - 
    select
        up1_0.id,
        up1_0.age,
        up1_0.fitness_goal,
        up1_0.user_id,
        up1_0.weight_kg 
    from
        user_profiles up1_0 
    where
        up1_0.user_id=?
2026-05-17 07:40:40 [http-nio-8080-exec-6] DEBUG org.hibernate.SQL - 
    select
        up1_0.id,
        up1_0.age,
        up1_0.fitness_goal,
        up1_0.user_id,
        up1_0.weight_kg 
    from
        user_profiles up1_0 
    where
        up1_0.user_id=?
2026-05-17 07:40:40 [http-nio-8080-exec-6] DEBUG org.hibernate.SQL - 
    select
        up1_0.id,
        up1_0.age,
        up1_0.fitness_goal,
        up1_0.user_id,
        up1_0.weight_kg 
    from
        user_profiles up1_0 
    where
        up1_0.user_id=?
2026-05-17 07:40:40 [http-nio-8080-exec-6] DEBUG org.hibernate.SQL - 
    select
        count(u1_0.id) 
    from
        users u1_0
2026-05-17 07:40:41 [http-nio-8080-exec-7] DEBUG org.hibernate.SQL - 
    select
        up1_0.id,
        up1_0.age,
        up1_0.fitness_goal,
        up1_0.user_id,
        up1_0.weight_kg 
    from
        user_profiles up1_0 
    order by
        up1_0.id 
    offset
        ? rows 
    fetch
        first ? rows only
2026-05-17 07:40:41 [http-nio-8080-exec-7] DEBUG org.hibernate.SQL - 
    select
        u1_0.id,
        c1_0.id,
        c1_0.name,
        c1_0.specialization,
        u1_0.email,
        np1_0.id,
        np1_0.calories,
        np1_0.description,
        np1_0.name,
        u1_0.password,
        p1_0.id,
        p1_0.age,
        p1_0.fitness_goal,
        p1_0.user_id,
        p1_0.weight_kg,
        u1_0.role,
        u1_0.username,
        wg1_0.id,
        wg1_0.category,
        wg1_0.description,
        wg1_0.name 
    from
        users u1_0 
    left join
        coaches c1_0 
            on c1_0.id=u1_0.coach_id 
    left join
        nutrition_plans np1_0 
            on np1_0.id=u1_0.nutrition_plan_id 
    left join
        user_profiles p1_0 
            on u1_0.id=p1_0.user_id 
    left join
        workout_groups wg1_0 
            on wg1_0.id=u1_0.workout_group_id 
    where
        u1_0.id=?
2026-05-17 07:40:42 [http-nio-8080-exec-8] DEBUG org.hibernate.SQL - 
    select
        c1_0.id,
        c1_0.name,
        c1_0.specialization 
    from
        coaches c1_0 
    order by
        c1_0.name 
    offset
        ? rows 
    fetch
        first ? rows only
2026-05-17 07:40:52 [http-nio-8080-exec-10] DEBUG org.hibernate.SQL - 
    insert 
    into
        coaches
        (name, specialization, id) 
    values
        (?, ?, default)
2026-05-17 07:40:53 [http-nio-8080-exec-1] DEBUG org.hibernate.SQL - 
    select
        c1_0.id,
        c1_0.name,
        c1_0.specialization 
    from
        coaches c1_0 
    order by
        c1_0.name 
    offset
        ? rows 
    fetch
        first ? rows only
2026-05-17 07:40:55 [http-nio-8080-exec-3] DEBUG org.hibernate.SQL - 
    select
        wg1_0.id,
        wg1_0.category,
        wg1_0.description,
        wg1_0.name 
    from
        workout_groups wg1_0 
    order by
        wg1_0.name 
    offset
        ? rows 
    fetch
        first ? rows only
2026-05-17 07:40:57 [http-nio-8080-exec-4] DEBUG org.hibernate.SQL - 
    select
        e1_0.id,
        e1_0.description,
        e1_0.duration,
        e1_0.muscle_group,
        e1_0.name,
        e1_0.reps,
        e1_0.sets 
    from
        exercises e1_0
2026-05-17 07:40:58 [http-nio-8080-exec-5] DEBUG org.hibernate.SQL - 
    select
        wg1_0.id,
        wg1_0.category,
        wg1_0.description,
        wg1_0.name 
    from
        workout_groups wg1_0 
    order by
        wg1_0.name 
    offset
        ? rows 
    fetch
        first ? rows only
2026-05-17 07:40:59 [http-nio-8080-exec-7] DEBUG org.hibernate.SQL - 
    select
        wg1_0.id,
        wg1_0.category,
        wg1_0.description,
        wg1_0.name 
    from
        workout_groups wg1_0 
    where
        wg1_0.id=?
2026-05-17 07:40:59 [http-nio-8080-exec-7] DEBUG org.hibernate.SQL - 
    select
        e1_0.id,
        e1_0.description,
        e1_0.duration,
        e1_0.muscle_group,
        e1_0.name,
        e1_0.reps,
        e1_0.sets 
    from
        exercises e1_0
2026-05-17 07:41:02 [http-nio-8080-exec-8] DEBUG org.hibernate.SQL - 
    select
        wg1_0.id,
        wg1_0.category,
        wg1_0.description,
        wg1_0.name,
        e1_0.workout_group_id,
        e1_1.id,
        e1_1.description,
        e1_1.duration,
        e1_1.muscle_group,
        e1_1.name,
        e1_1.reps,
        e1_1.sets 
    from
        workout_groups wg1_0 
    left join
        workout_group_exercises e1_0 
            on wg1_0.id=e1_0.workout_group_id 
    left join
        exercises e1_1 
            on e1_1.id=e1_0.exercise_id 
    where
        wg1_0.id=?
2026-05-17 07:41:02 [http-nio-8080-exec-8] DEBUG org.hibernate.SQL - 
    update
        workout_groups 
    set
        category=?,
        description=?,
        name=? 
    where
        id=?
2026-05-17 07:41:02 [http-nio-8080-exec-9] DEBUG org.hibernate.SQL - 
    select
        wg1_0.id,
        wg1_0.category,
        wg1_0.description,
        wg1_0.name 
    from
        workout_groups wg1_0 
    order by
        wg1_0.name 
    offset
        ? rows 
    fetch
        first ? rows only
2026-05-17 07:41:03 [http-nio-8080-exec-1] DEBUG org.hibernate.SQL - 
    select
        wg1_0.id,
        wg1_0.category,
        wg1_0.description,
        wg1_0.name 
    from
        workout_groups wg1_0 
    where
        wg1_0.id=?
2026-05-17 07:41:03 [http-nio-8080-exec-1] DEBUG org.hibernate.SQL - 
    select
        e1_0.id,
        e1_0.description,
        e1_0.duration,
        e1_0.muscle_group,
        e1_0.name,
        e1_0.reps,
        e1_0.sets 
    from
        exercises e1_0
2026-05-17 07:41:06 [http-nio-8080-exec-2] DEBUG org.hibernate.SQL - 
    select
        wg1_0.id,
        wg1_0.category,
        wg1_0.description,
        wg1_0.name,
        e1_0.workout_group_id,
        e1_1.id,
        e1_1.description,
        e1_1.duration,
        e1_1.muscle_group,
        e1_1.name,
        e1_1.reps,
        e1_1.sets 
    from
        workout_groups wg1_0 
    left join
        workout_group_exercises e1_0 
            on wg1_0.id=e1_0.workout_group_id 
    left join
        exercises e1_1 
            on e1_1.id=e1_0.exercise_id 
    where
        wg1_0.id=?
2026-05-17 07:41:06 [http-nio-8080-exec-2] DEBUG org.hibernate.SQL - 
    update
        workout_groups 
    set
        category=?,
        description=?,
        name=? 
    where
        id=?
2026-05-17 07:41:06 [http-nio-8080-exec-3] DEBUG org.hibernate.SQL - 
    select
        wg1_0.id,
        wg1_0.category,
        wg1_0.description,
        wg1_0.name 
    from
        workout_groups wg1_0 
    order by
        wg1_0.name 
    offset
        ? rows 
    fetch
        first ? rows only
2026-05-17 07:41:09 [http-nio-8080-exec-6] DEBUG org.hibernate.SQL - 
    select
        e1_0.id,
        e1_0.description,
        e1_0.duration,
        e1_0.muscle_group,
        e1_0.name,
        e1_0.reps,
        e1_0.sets 
    from
        exercises e1_0
2026-05-17 07:41:11 [http-nio-8080-exec-5] DEBUG org.hibernate.SQL - 
    select
        np1_0.id,
        np1_0.calories,
        np1_0.description,
        np1_0.name 
    from
        nutrition_plans np1_0 
    order by
        np1_0.name 
    offset
        ? rows 
    fetch
        first ? rows only
2026-05-17 07:41:12 [http-nio-8080-exec-8] DEBUG org.hibernate.SQL - 
    select
        e1_0.id,
        e1_0.description,
        e1_0.duration,
        e1_0.muscle_group,
        e1_0.name,
        e1_0.reps,
        e1_0.sets 
    from
        exercises e1_0
2026-05-17 07:41:12 [http-nio-8080-exec-9] DEBUG org.hibernate.SQL - 
    select
        c1_0.id,
        c1_0.name,
        c1_0.specialization 
    from
        coaches c1_0 
    order by
        c1_0.name 
    offset
        ? rows 
    fetch
        first ? rows only
2026-05-17 07:41:13 [http-nio-8080-exec-10] DEBUG org.hibernate.SQL - 
    select
        wg1_0.id,
        wg1_0.category,
        wg1_0.description,
        wg1_0.name 
    from
        workout_groups wg1_0 
    order by
        wg1_0.name 
    offset
        ? rows 
    fetch
        first ? rows only
2026-05-17 07:41:14 [http-nio-8080-exec-1] DEBUG org.hibernate.SQL - 
    select
        up1_0.id,
        up1_0.age,
        up1_0.fitness_goal,
        up1_0.user_id,
        up1_0.weight_kg 
    from
        user_profiles up1_0 
    order by
        up1_0.id 
    offset
        ? rows 
    fetch
        first ? rows only
2026-05-17 07:41:14 [http-nio-8080-exec-1] DEBUG org.hibernate.SQL - 
    select
        u1_0.id,
        c1_0.id,
        c1_0.name,
        c1_0.specialization,
        u1_0.email,
        np1_0.id,
        np1_0.calories,
        np1_0.description,
        np1_0.name,
        u1_0.password,
        p1_0.id,
        p1_0.age,
        p1_0.fitness_goal,
        p1_0.user_id,
        p1_0.weight_kg,
        u1_0.role,
        u1_0.username,
        wg1_0.id,
        wg1_0.category,
        wg1_0.description,
        wg1_0.name 
    from
        users u1_0 
    left join
        coaches c1_0 
            on c1_0.id=u1_0.coach_id 
    left join
        nutrition_plans np1_0 
            on np1_0.id=u1_0.nutrition_plan_id 
    left join
        user_profiles p1_0 
            on u1_0.id=p1_0.user_id 
    left join
        workout_groups wg1_0 
            on wg1_0.id=u1_0.workout_group_id 
    where
        u1_0.id=?
2026-05-17 07:41:16 [http-nio-8080-exec-2] DEBUG org.hibernate.SQL - 
    select
        u1_0.id,
        u1_0.coach_id,
        u1_0.email,
        u1_0.nutrition_plan_id,
        u1_0.password,
        u1_0.role,
        u1_0.username,
        u1_0.workout_group_id 
    from
        users u1_0
2026-05-17 07:41:16 [http-nio-8080-exec-2] DEBUG org.hibernate.SQL - 
    select
        up1_0.id,
        up1_0.age,
        up1_0.fitness_goal,
        up1_0.user_id,
        up1_0.weight_kg 
    from
        user_profiles up1_0 
    where
        up1_0.user_id=?
2026-05-17 07:41:16 [http-nio-8080-exec-2] DEBUG org.hibernate.SQL - 
    select
        up1_0.id,
        up1_0.age,
        up1_0.fitness_goal,
        up1_0.user_id,
        up1_0.weight_kg 
    from
        user_profiles up1_0 
    where
        up1_0.user_id=?
2026-05-17 07:41:16 [http-nio-8080-exec-2] DEBUG org.hibernate.SQL - 
    select
        up1_0.id,
        up1_0.age,
        up1_0.fitness_goal,
        up1_0.user_id,
        up1_0.weight_kg 
    from
        user_profiles up1_0 
    where
        up1_0.user_id=?
2026-05-17 07:41:16 [http-nio-8080-exec-2] DEBUG org.hibernate.SQL - 
    select
        up1_0.id,
        up1_0.age,
        up1_0.fitness_goal,
        up1_0.user_id,
        up1_0.weight_kg 
    from
        user_profiles up1_0 
    where
        up1_0.user_id=?
2026-05-17 07:41:16 [http-nio-8080-exec-2] DEBUG org.hibernate.SQL - 
    select
        up1_0.id,
        up1_0.age,
        up1_0.fitness_goal,
        up1_0.user_id,
        up1_0.weight_kg 
    from
        user_profiles up1_0 
    where
        up1_0.user_id=?
2026-05-17 07:41:16 [http-nio-8080-exec-2] DEBUG org.hibernate.SQL - 
    select
        up1_0.id,
        up1_0.age,
        up1_0.fitness_goal,
        up1_0.user_id,
        up1_0.weight_kg 
    from
        user_profiles up1_0 
    where
        up1_0.user_id=?
2026-05-17 07:41:16 [http-nio-8080-exec-2] DEBUG org.hibernate.SQL - 
    select
        up1_0.id,
        up1_0.age,
        up1_0.fitness_goal,
        up1_0.user_id,
        up1_0.weight_kg 
    from
        user_profiles up1_0 
    where
        up1_0.user_id=?
2026-05-17 07:41:16 [http-nio-8080-exec-2] DEBUG org.hibernate.SQL - 
    select
        up1_0.id,
        up1_0.age,
        up1_0.fitness_goal,
        up1_0.user_id,
        up1_0.weight_kg 
    from
        user_profiles up1_0 
    where
        up1_0.user_id=?
2026-05-17 07:41:28 [http-nio-8080-exec-3] DEBUG org.hibernate.SQL - 
    insert 
    into
        user_profiles
        (age, fitness_goal, user_id, weight_kg, id) 
    values
        (?, ?, ?, ?, default)
2026-05-17 07:41:28 [http-nio-8080-exec-4] DEBUG org.hibernate.SQL - 
    select
        up1_0.id,
        up1_0.age,
        up1_0.fitness_goal,
        up1_0.user_id,
        up1_0.weight_kg 
    from
        user_profiles up1_0 
    order by
        up1_0.id 
    offset
        ? rows 
    fetch
        first ? rows only
2026-05-17 07:41:28 [http-nio-8080-exec-4] DEBUG org.hibernate.SQL - 
    select
        u1_0.id,
        c1_0.id,
        c1_0.name,
        c1_0.specialization,
        u1_0.email,
        np1_0.id,
        np1_0.calories,
        np1_0.description,
        np1_0.name,
        u1_0.password,
        p1_0.id,
        p1_0.age,
        p1_0.fitness_goal,
        p1_0.user_id,
        p1_0.weight_kg,
        u1_0.role,
        u1_0.username,
        wg1_0.id,
        wg1_0.category,
        wg1_0.description,
        wg1_0.name 
    from
        users u1_0 
    left join
        coaches c1_0 
            on c1_0.id=u1_0.coach_id 
    left join
        nutrition_plans np1_0 
            on np1_0.id=u1_0.nutrition_plan_id 
    left join
        user_profiles p1_0 
            on u1_0.id=p1_0.user_id 
    left join
        workout_groups wg1_0 
            on wg1_0.id=u1_0.workout_group_id 
    where
        u1_0.id=?
2026-05-17 07:41:28 [http-nio-8080-exec-4] DEBUG org.hibernate.SQL - 
    select
        u1_0.id,
        c1_0.id,
        c1_0.name,
        c1_0.specialization,
        u1_0.email,
        np1_0.id,
        np1_0.calories,
        np1_0.description,
        np1_0.name,
        u1_0.password,
        p1_0.id,
        p1_0.age,
        p1_0.fitness_goal,
        p1_0.user_id,
        p1_0.weight_kg,
        u1_0.role,
        u1_0.username,
        wg1_0.id,
        wg1_0.category,
        wg1_0.description,
        wg1_0.name 
    from
        users u1_0 
    left join
        coaches c1_0 
            on c1_0.id=u1_0.coach_id 
    left join
        nutrition_plans np1_0 
            on np1_0.id=u1_0.nutrition_plan_id 
    left join
        user_profiles p1_0 
            on u1_0.id=p1_0.user_id 
    left join
        workout_groups wg1_0 
            on wg1_0.id=u1_0.workout_group_id 
    where
        u1_0.id=?
2026-05-17 07:41:32 [http-nio-8080-exec-5] DEBUG org.hibernate.SQL - 
    select
        u1_0.id,
        u1_0.coach_id,
        u1_0.email,
        u1_0.nutrition_plan_id,
        u1_0.password,
        u1_0.role,
        u1_0.username,
        u1_0.workout_group_id 
    from
        users u1_0 
    order by
        u1_0.username 
    offset
        ? rows 
    fetch
        first ? rows only
2026-05-17 07:41:32 [http-nio-8080-exec-5] DEBUG org.hibernate.SQL - 
    select
        up1_0.id,
        up1_0.age,
        up1_0.fitness_goal,
        up1_0.user_id,
        up1_0.weight_kg 
    from
        user_profiles up1_0 
    where
        up1_0.user_id=?
2026-05-17 07:41:32 [http-nio-8080-exec-5] DEBUG org.hibernate.SQL - 
    select
        up1_0.id,
        up1_0.age,
        up1_0.fitness_goal,
        up1_0.user_id,
        up1_0.weight_kg 
    from
        user_profiles up1_0 
    where
        up1_0.user_id=?
2026-05-17 07:41:32 [http-nio-8080-exec-5] DEBUG org.hibernate.SQL - 
    select
        up1_0.id,
        up1_0.age,
        up1_0.fitness_goal,
        up1_0.user_id,
        up1_0.weight_kg 
    from
        user_profiles up1_0 
    where
        up1_0.user_id=?
2026-05-17 07:41:32 [http-nio-8080-exec-5] DEBUG org.hibernate.SQL - 
    select
        up1_0.id,
        up1_0.age,
        up1_0.fitness_goal,
        up1_0.user_id,
        up1_0.weight_kg 
    from
        user_profiles up1_0 
    where
        up1_0.user_id=?
2026-05-17 07:41:32 [http-nio-8080-exec-5] DEBUG org.hibernate.SQL - 
    select
        up1_0.id,
        up1_0.age,
        up1_0.fitness_goal,
        up1_0.user_id,
        up1_0.weight_kg 
    from
        user_profiles up1_0 
    where
        up1_0.user_id=?
2026-05-17 07:41:32 [http-nio-8080-exec-5] DEBUG org.hibernate.SQL - 
    select
        count(u1_0.id) 
    from
        users u1_0
2026-05-17 07:41:33 [http-nio-8080-exec-8] DEBUG org.hibernate.SQL - 
    select
        c1_0.id,
        c1_0.name,
        c1_0.specialization 
    from
        coaches c1_0 
    order by
        c1_0.name 
    offset
        ? rows 
    fetch
        first ? rows only
2026-05-17 07:41:37 [http-nio-8080-exec-10] DEBUG org.hibernate.SQL - 
    select
        wg1_0.id,
        wg1_0.category,
        wg1_0.description,
        wg1_0.name 
    from
        workout_groups wg1_0 
    order by
        wg1_0.name 
    offset
        ? rows 
    fetch
        first ? rows only
2026-05-17 07:41:40 [http-nio-8080-exec-2] DEBUG org.hibernate.SQL - 
    select
        e1_0.id,
        e1_0.description,
        e1_0.duration,
        e1_0.muscle_group,
        e1_0.name,
        e1_0.reps,
        e1_0.sets 
    from
        exercises e1_0
2026-05-17 07:41:43 [http-nio-8080-exec-3] DEBUG org.hibernate.SQL - 
    select
        c1_0.id,
        c1_0.name,
        c1_0.specialization 
    from
        coaches c1_0 
    order by
        c1_0.name 
    offset
        ? rows 
    fetch
        first ? rows only
2026-05-17 07:41:45 [http-nio-8080-exec-6] DEBUG org.hibernate.SQL - 
    select
        wg1_0.id,
        wg1_0.category,
        wg1_0.description,
        wg1_0.name 
    from
        workout_groups wg1_0 
    order by
        wg1_0.name 
    offset
        ? rows 
    fetch
        first ? rows only
2026-05-17 07:41:46 [http-nio-8080-exec-7] DEBUG org.hibernate.SQL - 
    select
        up1_0.id,
        up1_0.age,
        up1_0.fitness_goal,
        up1_0.user_id,
        up1_0.weight_kg 
    from
        user_profiles up1_0 
    order by
        up1_0.id 
    offset
        ? rows 
    fetch
        first ? rows only
2026-05-17 07:41:46 [http-nio-8080-exec-7] DEBUG org.hibernate.SQL - 
    select
        u1_0.id,
        c1_0.id,
        c1_0.name,
        c1_0.specialization,
        u1_0.email,
        np1_0.id,
        np1_0.calories,
        np1_0.description,
        np1_0.name,
        u1_0.password,
        p1_0.id,
        p1_0.age,
        p1_0.fitness_goal,
        p1_0.user_id,
        p1_0.weight_kg,
        u1_0.role,
        u1_0.username,
        wg1_0.id,
        wg1_0.category,
        wg1_0.description,
        wg1_0.name 
    from
        users u1_0 
    left join
        coaches c1_0 
            on c1_0.id=u1_0.coach_id 
    left join
        nutrition_plans np1_0 
            on np1_0.id=u1_0.nutrition_plan_id 
    left join
        user_profiles p1_0 
            on u1_0.id=p1_0.user_id 
    left join
        workout_groups wg1_0 
            on wg1_0.id=u1_0.workout_group_id 
    where
        u1_0.id=?
2026-05-17 07:41:46 [http-nio-8080-exec-7] DEBUG org.hibernate.SQL - 
    select
        u1_0.id,
        c1_0.id,
        c1_0.name,
        c1_0.specialization,
        u1_0.email,
        np1_0.id,
        np1_0.calories,
        np1_0.description,
        np1_0.name,
        u1_0.password,
        p1_0.id,
        p1_0.age,
        p1_0.fitness_goal,
        p1_0.user_id,
        p1_0.weight_kg,
        u1_0.role,
        u1_0.username,
        wg1_0.id,
        wg1_0.category,
        wg1_0.description,
        wg1_0.name 
    from
        users u1_0 
    left join
        coaches c1_0 
            on c1_0.id=u1_0.coach_id 
    left join
        nutrition_plans np1_0 
            on np1_0.id=u1_0.nutrition_plan_id 
    left join
        user_profiles p1_0 
            on u1_0.id=p1_0.user_id 
    left join
        workout_groups wg1_0 
            on wg1_0.id=u1_0.workout_group_id 
    where
        u1_0.id=?
2026-05-17 07:41:48 [http-nio-8080-exec-8] DEBUG org.hibernate.SQL - 
    select
        u1_0.id,
        u1_0.coach_id,
        u1_0.email,
        u1_0.nutrition_plan_id,
        u1_0.password,
        u1_0.role,
        u1_0.username,
        u1_0.workout_group_id 
    from
        users u1_0 
    order by
        u1_0.username 
    offset
        ? rows 
    fetch
        first ? rows only
2026-05-17 07:41:48 [http-nio-8080-exec-8] DEBUG org.hibernate.SQL - 
    select
        up1_0.id,
        up1_0.age,
        up1_0.fitness_goal,
        up1_0.user_id,
        up1_0.weight_kg 
    from
        user_profiles up1_0 
    where
        up1_0.user_id=?
2026-05-17 07:41:48 [http-nio-8080-exec-8] DEBUG org.hibernate.SQL - 
    select
        up1_0.id,
        up1_0.age,
        up1_0.fitness_goal,
        up1_0.user_id,
        up1_0.weight_kg 
    from
        user_profiles up1_0 
    where
        up1_0.user_id=?
2026-05-17 07:41:48 [http-nio-8080-exec-8] DEBUG org.hibernate.SQL - 
    select
        up1_0.id,
        up1_0.age,
        up1_0.fitness_goal,
        up1_0.user_id,
        up1_0.weight_kg 
    from
        user_profiles up1_0 
    where
        up1_0.user_id=?
2026-05-17 07:41:48 [http-nio-8080-exec-8] DEBUG org.hibernate.SQL - 
    select
        up1_0.id,
        up1_0.age,
        up1_0.fitness_goal,
        up1_0.user_id,
        up1_0.weight_kg 
    from
        user_profiles up1_0 
    where
        up1_0.user_id=?
2026-05-17 07:41:48 [http-nio-8080-exec-8] DEBUG org.hibernate.SQL - 
    select
        up1_0.id,
        up1_0.age,
        up1_0.fitness_goal,
        up1_0.user_id,
        up1_0.weight_kg 
    from
        user_profiles up1_0 
    where
        up1_0.user_id=?
2026-05-17 07:41:48 [http-nio-8080-exec-8] DEBUG org.hibernate.SQL - 
    select
        count(u1_0.id) 
    from
        users u1_0
2026-05-17 07:41:57 [http-nio-8080-exec-9] DEBUG org.hibernate.SQL - 
    select
        u1_0.id,
        u1_0.coach_id,
        u1_0.email,
        u1_0.nutrition_plan_id,
        u1_0.password,
        u1_0.role,
        u1_0.username,
        u1_0.workout_group_id 
    from
        users u1_0 
    order by
        u1_0.username 
    offset
        ? rows 
    fetch
        first ? rows only
2026-05-17 07:41:57 [http-nio-8080-exec-9] DEBUG org.hibernate.SQL - 
    select
        up1_0.id,
        up1_0.age,
        up1_0.fitness_goal,
        up1_0.user_id,
        up1_0.weight_kg 
    from
        user_profiles up1_0 
    where
        up1_0.user_id=?
2026-05-17 07:41:57 [http-nio-8080-exec-9] DEBUG org.hibernate.SQL - 
    select
        up1_0.id,
        up1_0.age,
        up1_0.fitness_goal,
        up1_0.user_id,
        up1_0.weight_kg 
    from
        user_profiles up1_0 
    where
        up1_0.user_id=?
2026-05-17 07:41:57 [http-nio-8080-exec-9] DEBUG org.hibernate.SQL - 
    select
        up1_0.id,
        up1_0.age,
        up1_0.fitness_goal,
        up1_0.user_id,
        up1_0.weight_kg 
    from
        user_profiles up1_0 
    where
        up1_0.user_id=?
2026-05-17 07:42:05 [http-nio-8080-exec-3] DEBUG org.hibernate.SQL - 
    select
        u1_0.id,
        u1_0.coach_id,
        u1_0.email,
        u1_0.nutrition_plan_id,
        u1_0.password,
        u1_0.role,
        u1_0.username,
        u1_0.workout_group_id 
    from
        users u1_0
2026-05-17 07:42:05 [http-nio-8080-exec-3] DEBUG org.hibernate.SQL - 
    select
        up1_0.id,
        up1_0.age,
        up1_0.fitness_goal,
        up1_0.user_id,
        up1_0.weight_kg 
    from
        user_profiles up1_0 
    where
        up1_0.user_id=?
2026-05-17 07:42:05 [http-nio-8080-exec-3] DEBUG org.hibernate.SQL - 
    select
        up1_0.id,
        up1_0.age,
        up1_0.fitness_goal,
        up1_0.user_id,
        up1_0.weight_kg 
    from
        user_profiles up1_0 
    where
        up1_0.user_id=?
2026-05-17 07:42:05 [http-nio-8080-exec-3] DEBUG org.hibernate.SQL - 
    select
        up1_0.id,
        up1_0.age,
        up1_0.fitness_goal,
        up1_0.user_id,
        up1_0.weight_kg 
    from
        user_profiles up1_0 
    where
        up1_0.user_id=?
2026-05-17 07:42:05 [http-nio-8080-exec-3] DEBUG org.hibernate.SQL - 
    select
        up1_0.id,
        up1_0.age,
        up1_0.fitness_goal,
        up1_0.user_id,
        up1_0.weight_kg 
    from
        user_profiles up1_0 
    where
        up1_0.user_id=?
2026-05-17 07:42:05 [http-nio-8080-exec-3] DEBUG org.hibernate.SQL - 
    select
        up1_0.id,
        up1_0.age,
        up1_0.fitness_goal,
        up1_0.user_id,
        up1_0.weight_kg 
    from
        user_profiles up1_0 
    where
        up1_0.user_id=?
2026-05-17 07:42:05 [http-nio-8080-exec-3] DEBUG org.hibernate.SQL - 
    select
        up1_0.id,
        up1_0.age,
        up1_0.fitness_goal,
        up1_0.user_id,
        up1_0.weight_kg 
    from
        user_profiles up1_0 
    where
        up1_0.user_id=?
2026-05-17 07:42:05 [http-nio-8080-exec-3] DEBUG org.hibernate.SQL - 
    select
        up1_0.id,
        up1_0.age,
        up1_0.fitness_goal,
        up1_0.user_id,
        up1_0.weight_kg 
    from
        user_profiles up1_0 
    where
        up1_0.user_id=?
2026-05-17 07:42:05 [http-nio-8080-exec-3] DEBUG org.hibernate.SQL - 
    select
        up1_0.id,
        up1_0.age,
        up1_0.fitness_goal,
        up1_0.user_id,
        up1_0.weight_kg 
    from
        user_profiles up1_0 
    where
        up1_0.user_id=?
2026-05-17 07:42:13 [http-nio-8080-exec-7] DEBUG org.hibernate.SQL - 
    select
        u1_0.id,
        u1_0.coach_id,
        u1_0.email,
        u1_0.nutrition_plan_id,
        u1_0.password,
        u1_0.role,
        u1_0.username,
        u1_0.workout_group_id 
    from
        users u1_0
2026-05-17 07:42:13 [http-nio-8080-exec-7] DEBUG org.hibernate.SQL - 
    select
        up1_0.id,
        up1_0.age,
        up1_0.fitness_goal,
        up1_0.user_id,
        up1_0.weight_kg 
    from
        user_profiles up1_0 
    where
        up1_0.user_id=?
2026-05-17 07:42:13 [http-nio-8080-exec-7] DEBUG org.hibernate.SQL - 
    select
        up1_0.id,
        up1_0.age,
        up1_0.fitness_goal,
        up1_0.user_id,
        up1_0.weight_kg 
    from
        user_profiles up1_0 
    where
        up1_0.user_id=?
2026-05-17 07:42:13 [http-nio-8080-exec-7] DEBUG org.hibernate.SQL - 
    select
        up1_0.id,
        up1_0.age,
        up1_0.fitness_goal,
        up1_0.user_id,
        up1_0.weight_kg 
    from
        user_profiles up1_0 
    where
        up1_0.user_id=?
2026-05-17 07:42:13 [http-nio-8080-exec-7] DEBUG org.hibernate.SQL - 
    select
        up1_0.id,
        up1_0.age,
        up1_0.fitness_goal,
        up1_0.user_id,
        up1_0.weight_kg 
    from
        user_profiles up1_0 
    where
        up1_0.user_id=?
2026-05-17 07:42:13 [http-nio-8080-exec-7] DEBUG org.hibernate.SQL - 
    select
        up1_0.id,
        up1_0.age,
        up1_0.fitness_goal,
        up1_0.user_id,
        up1_0.weight_kg 
    from
        user_profiles up1_0 
    where
        up1_0.user_id=?
2026-05-17 07:42:13 [http-nio-8080-exec-7] DEBUG org.hibernate.SQL - 
    select
        up1_0.id,
        up1_0.age,
        up1_0.fitness_goal,
        up1_0.user_id,
        up1_0.weight_kg 
    from
        user_profiles up1_0 
    where
        up1_0.user_id=?
2026-05-17 07:42:13 [http-nio-8080-exec-7] DEBUG org.hibernate.SQL - 
    select
        up1_0.id,
        up1_0.age,
        up1_0.fitness_goal,
        up1_0.user_id,
        up1_0.weight_kg 
    from
        user_profiles up1_0 
    where
        up1_0.user_id=?
2026-05-17 07:42:13 [http-nio-8080-exec-7] DEBUG org.hibernate.SQL - 
    select
        up1_0.id,
        up1_0.age,
        up1_0.fitness_goal,
        up1_0.user_id,
        up1_0.weight_kg 
    from
        user_profiles up1_0 
    where
        up1_0.user_id=?
2026-05-17 07:42:13 [http-nio-8080-exec-8] DEBUG org.hibernate.SQL - 
    select
        u1_0.id,
        u1_0.coach_id,
        u1_0.email,
        u1_0.nutrition_plan_id,
        u1_0.password,
        u1_0.role,
        u1_0.username,
        u1_0.workout_group_id 
    from
        users u1_0 
    order by
        u1_0.username 
    offset
        ? rows 
    fetch
        first ? rows only
2026-05-17 07:42:13 [http-nio-8080-exec-8] DEBUG org.hibernate.SQL - 
    select
        up1_0.id,
        up1_0.age,
        up1_0.fitness_goal,
        up1_0.user_id,
        up1_0.weight_kg 
    from
        user_profiles up1_0 
    where
        up1_0.user_id=?
2026-05-17 07:42:13 [http-nio-8080-exec-8] DEBUG org.hibernate.SQL - 
    select
        up1_0.id,
        up1_0.age,
        up1_0.fitness_goal,
        up1_0.user_id,
        up1_0.weight_kg 
    from
        user_profiles up1_0 
    where
        up1_0.user_id=?
2026-05-17 07:42:13 [http-nio-8080-exec-8] DEBUG org.hibernate.SQL - 
    select
        up1_0.id,
        up1_0.age,
        up1_0.fitness_goal,
        up1_0.user_id,
        up1_0.weight_kg 
    from
        user_profiles up1_0 
    where
        up1_0.user_id=?
2026-05-17 07:42:13 [http-nio-8080-exec-8] DEBUG org.hibernate.SQL - 
    select
        up1_0.id,
        up1_0.age,
        up1_0.fitness_goal,
        up1_0.user_id,
        up1_0.weight_kg 
    from
        user_profiles up1_0 
    where
        up1_0.user_id=?
2026-05-17 07:42:13 [http-nio-8080-exec-8] DEBUG org.hibernate.SQL - 
    select
        up1_0.id,
        up1_0.age,
        up1_0.fitness_goal,
        up1_0.user_id,
        up1_0.weight_kg 
    from
        user_profiles up1_0 
    where
        up1_0.user_id=?
2026-05-17 07:42:13 [http-nio-8080-exec-8] DEBUG org.hibernate.SQL - 
    select
        count(u1_0.id) 
    from
        users u1_0
2026-05-17 07:42:16 [http-nio-8080-exec-10] DEBUG org.hibernate.SQL - 
    select
        u1_0.id,
        u1_0.coach_id,
        u1_0.email,
        u1_0.nutrition_plan_id,
        u1_0.password,
        u1_0.role,
        u1_0.username,
        u1_0.workout_group_id 
    from
        users u1_0 
    order by
        u1_0.username 
    offset
        ? rows 
    fetch
        first ? rows only
2026-05-17 07:42:16 [http-nio-8080-exec-10] DEBUG org.hibernate.SQL - 
    select
        up1_0.id,
        up1_0.age,
        up1_0.fitness_goal,
        up1_0.user_id,
        up1_0.weight_kg 
    from
        user_profiles up1_0 
    where
        up1_0.user_id=?
2026-05-17 07:42:16 [http-nio-8080-exec-10] DEBUG org.hibernate.SQL - 
    select
        up1_0.id,
        up1_0.age,
        up1_0.fitness_goal,
        up1_0.user_id,
        up1_0.weight_kg 
    from
        user_profiles up1_0 
    where
        up1_0.user_id=?
2026-05-17 07:42:16 [http-nio-8080-exec-10] DEBUG org.hibernate.SQL - 
    select
        up1_0.id,
        up1_0.age,
        up1_0.fitness_goal,
        up1_0.user_id,
        up1_0.weight_kg 
    from
        user_profiles up1_0 
    where
        up1_0.user_id=?
2026-05-17 07:42:18 [http-nio-8080-exec-1] DEBUG org.hibernate.SQL - 
    select
        u1_0.id,
        c1_0.id,
        c1_0.name,
        c1_0.specialization,
        u1_0.email,
        np1_0.id,
        np1_0.calories,
        np1_0.description,
        np1_0.name,
        u1_0.password,
        p1_0.id,
        p1_0.age,
        p1_0.fitness_goal,
        p1_0.user_id,
        p1_0.weight_kg,
        u1_0.role,
        u1_0.username,
        wg1_0.id,
        wg1_0.category,
        wg1_0.description,
        wg1_0.name 
    from
        users u1_0 
    left join
        coaches c1_0 
            on c1_0.id=u1_0.coach_id 
    left join
        nutrition_plans np1_0 
            on np1_0.id=u1_0.nutrition_plan_id 
    left join
        user_profiles p1_0 
            on u1_0.id=p1_0.user_id 
    left join
        workout_groups wg1_0 
            on wg1_0.id=u1_0.workout_group_id 
    where
        u1_0.id=?
2026-05-17 07:42:18 [http-nio-8080-exec-1] DEBUG org.hibernate.SQL - 
    delete 
    from
        users 
    where
        id=?
2026-05-17 07:42:18 [http-nio-8080-exec-2] DEBUG org.hibernate.SQL - 
    select
        u1_0.id,
        u1_0.coach_id,
        u1_0.email,
        u1_0.nutrition_plan_id,
        u1_0.password,
        u1_0.role,
        u1_0.username,
        u1_0.workout_group_id 
    from
        users u1_0 
    order by
        u1_0.username 
    offset
        ? rows 
    fetch
        first ? rows only
2026-05-17 07:42:18 [http-nio-8080-exec-2] DEBUG org.hibernate.SQL - 
    select
        up1_0.id,
        up1_0.age,
        up1_0.fitness_goal,
        up1_0.user_id,
        up1_0.weight_kg 
    from
        user_profiles up1_0 
    where
        up1_0.user_id=?
2026-05-17 07:42:18 [http-nio-8080-exec-2] DEBUG org.hibernate.SQL - 
    select
        up1_0.id,
        up1_0.age,
        up1_0.fitness_goal,
        up1_0.user_id,
        up1_0.weight_kg 
    from
        user_profiles up1_0 
    where
        up1_0.user_id=?
2026-05-17 07:42:18 [http-nio-8080-exec-2] DEBUG org.hibernate.SQL - 
    select
        up1_0.id,
        up1_0.age,
        up1_0.fitness_goal,
        up1_0.user_id,
        up1_0.weight_kg 
    from
        user_profiles up1_0 
    where
        up1_0.user_id=?
2026-05-17 07:42:18 [http-nio-8080-exec-2] DEBUG org.hibernate.SQL - 
    select
        up1_0.id,
        up1_0.age,
        up1_0.fitness_goal,
        up1_0.user_id,
        up1_0.weight_kg 
    from
        user_profiles up1_0 
    where
        up1_0.user_id=?
2026-05-17 07:42:18 [http-nio-8080-exec-2] DEBUG org.hibernate.SQL - 
    select
        up1_0.id,
        up1_0.age,
        up1_0.fitness_goal,
        up1_0.user_id,
        up1_0.weight_kg 
    from
        user_profiles up1_0 
    where
        up1_0.user_id=?
2026-05-17 07:42:18 [http-nio-8080-exec-2] DEBUG org.hibernate.SQL - 
    select
        count(u1_0.id) 
    from
        users u1_0
2026-05-17 07:42:19 [http-nio-8080-exec-4] DEBUG org.hibernate.SQL - 
    select
        c1_0.id,
        c1_0.name,
        c1_0.specialization 
    from
        coaches c1_0 
    order by
        c1_0.name 
    offset
        ? rows 
    fetch
        first ? rows only
2026-05-17 07:42:21 [http-nio-8080-exec-6] DEBUG org.hibernate.SQL - 
    select
        c1_0.id,
        c1_0.name,
        c1_0.specialization 
    from
        coaches c1_0 
    where
        c1_0.id=?
2026-05-17 07:42:21 [http-nio-8080-exec-6] DEBUG org.hibernate.SQL - 
    delete 
    from
        coaches 
    where
        id=?
2026-05-17 07:42:21 [http-nio-8080-exec-5] DEBUG org.hibernate.SQL - 
    select
        c1_0.id,
        c1_0.name,
        c1_0.specialization 
    from
        coaches c1_0 
    order by
        c1_0.name 
    offset
        ? rows 
    fetch
        first ? rows only
2026-05-17 07:42:22 [http-nio-8080-exec-7] DEBUG org.hibernate.SQL - 
    select
        up1_0.id,
        up1_0.age,
        up1_0.fitness_goal,
        up1_0.user_id,
        up1_0.weight_kg 
    from
        user_profiles up1_0 
    order by
        up1_0.id 
    offset
        ? rows 
    fetch
        first ? rows only
2026-05-17 07:42:22 [http-nio-8080-exec-7] DEBUG org.hibernate.SQL - 
    select
        u1_0.id,
        c1_0.id,
        c1_0.name,
        c1_0.specialization,
        u1_0.email,
        np1_0.id,
        np1_0.calories,
        np1_0.description,
        np1_0.name,
        u1_0.password,
        p1_0.id,
        p1_0.age,
        p1_0.fitness_goal,
        p1_0.user_id,
        p1_0.weight_kg,
        u1_0.role,
        u1_0.username,
        wg1_0.id,
        wg1_0.category,
        wg1_0.description,
        wg1_0.name 
    from
        users u1_0 
    left join
        coaches c1_0 
            on c1_0.id=u1_0.coach_id 
    left join
        nutrition_plans np1_0 
            on np1_0.id=u1_0.nutrition_plan_id 
    left join
        user_profiles p1_0 
            on u1_0.id=p1_0.user_id 
    left join
        workout_groups wg1_0 
            on wg1_0.id=u1_0.workout_group_id 
    where
        u1_0.id=?
2026-05-17 07:42:22 [http-nio-8080-exec-7] DEBUG org.hibernate.SQL - 
    select
        u1_0.id,
        c1_0.id,
        c1_0.name,
        c1_0.specialization,
        u1_0.email,
        np1_0.id,
        np1_0.calories,
        np1_0.description,
        np1_0.name,
        u1_0.password,
        p1_0.id,
        p1_0.age,
        p1_0.fitness_goal,
        p1_0.user_id,
        p1_0.weight_kg,
        u1_0.role,
        u1_0.username,
        wg1_0.id,
        wg1_0.category,
        wg1_0.description,
        wg1_0.name 
    from
        users u1_0 
    left join
        coaches c1_0 
            on c1_0.id=u1_0.coach_id 
    left join
        nutrition_plans np1_0 
            on np1_0.id=u1_0.nutrition_plan_id 
    left join
        user_profiles p1_0 
            on u1_0.id=p1_0.user_id 
    left join
        workout_groups wg1_0 
            on wg1_0.id=u1_0.workout_group_id 
    where
        u1_0.id=?
2026-05-17 07:42:23 [http-nio-8080-exec-8] DEBUG org.hibernate.SQL - 
    select
        u1_0.id,
        u1_0.coach_id,
        u1_0.email,
        u1_0.nutrition_plan_id,
        u1_0.password,
        u1_0.role,
        u1_0.username,
        u1_0.workout_group_id 
    from
        users u1_0 
    order by
        u1_0.username 
    offset
        ? rows 
    fetch
        first ? rows only
2026-05-17 07:42:23 [http-nio-8080-exec-8] DEBUG org.hibernate.SQL - 
    select
        up1_0.id,
        up1_0.age,
        up1_0.fitness_goal,
        up1_0.user_id,
        up1_0.weight_kg 
    from
        user_profiles up1_0 
    where
        up1_0.user_id=?
2026-05-17 07:42:23 [http-nio-8080-exec-8] DEBUG org.hibernate.SQL - 
    select
        up1_0.id,
        up1_0.age,
        up1_0.fitness_goal,
        up1_0.user_id,
        up1_0.weight_kg 
    from
        user_profiles up1_0 
    where
        up1_0.user_id=?
2026-05-17 07:42:23 [http-nio-8080-exec-8] DEBUG org.hibernate.SQL - 
    select
        up1_0.id,
        up1_0.age,
        up1_0.fitness_goal,
        up1_0.user_id,
        up1_0.weight_kg 
    from
        user_profiles up1_0 
    where
        up1_0.user_id=?
2026-05-17 07:42:23 [http-nio-8080-exec-8] DEBUG org.hibernate.SQL - 
    select
        up1_0.id,
        up1_0.age,
        up1_0.fitness_goal,
        up1_0.user_id,
        up1_0.weight_kg 
    from
        user_profiles up1_0 
    where
        up1_0.user_id=?
2026-05-17 07:42:23 [http-nio-8080-exec-8] DEBUG org.hibernate.SQL - 
    select
        up1_0.id,
        up1_0.age,
        up1_0.fitness_goal,
        up1_0.user_id,
        up1_0.weight_kg 
    from
        user_profiles up1_0 
    where
        up1_0.user_id=?
2026-05-17 07:42:23 [http-nio-8080-exec-8] DEBUG org.hibernate.SQL - 
    select
        count(u1_0.id) 
    from
        users u1_0
2026-05-17 07:42:41 [http-nio-8080-exec-9] DEBUG org.hibernate.SQL - 
    insert 
    into
        users
        (coach_id, email, nutrition_plan_id, password, role, username, workout_group_id, id) 
    values
        (?, ?, ?, ?, ?, ?, ?, default)
2026-05-17 07:42:41 [http-nio-8080-exec-10] DEBUG org.hibernate.SQL - 
    select
        u1_0.id,
        u1_0.coach_id,
        u1_0.email,
        u1_0.nutrition_plan_id,
        u1_0.password,
        u1_0.role,
        u1_0.username,
        u1_0.workout_group_id 
    from
        users u1_0 
    order by
        u1_0.username 
    offset
        ? rows 
    fetch
        first ? rows only
2026-05-17 07:42:41 [http-nio-8080-exec-10] DEBUG org.hibernate.SQL - 
    select
        up1_0.id,
        up1_0.age,
        up1_0.fitness_goal,
        up1_0.user_id,
        up1_0.weight_kg 
    from
        user_profiles up1_0 
    where
        up1_0.user_id=?
2026-05-17 07:42:41 [http-nio-8080-exec-10] DEBUG org.hibernate.SQL - 
    select
        up1_0.id,
        up1_0.age,
        up1_0.fitness_goal,
        up1_0.user_id,
        up1_0.weight_kg 
    from
        user_profiles up1_0 
    where
        up1_0.user_id=?
2026-05-17 07:42:41 [http-nio-8080-exec-10] DEBUG org.hibernate.SQL - 
    select
        up1_0.id,
        up1_0.age,
        up1_0.fitness_goal,
        up1_0.user_id,
        up1_0.weight_kg 
    from
        user_profiles up1_0 
    where
        up1_0.user_id=?
2026-05-17 07:42:41 [http-nio-8080-exec-10] DEBUG org.hibernate.SQL - 
    select
        up1_0.id,
        up1_0.age,
        up1_0.fitness_goal,
        up1_0.user_id,
        up1_0.weight_kg 
    from
        user_profiles up1_0 
    where
        up1_0.user_id=?
2026-05-17 07:42:41 [http-nio-8080-exec-10] DEBUG org.hibernate.SQL - 
    select
        up1_0.id,
        up1_0.age,
        up1_0.fitness_goal,
        up1_0.user_id,
        up1_0.weight_kg 
    from
        user_profiles up1_0 
    where
        up1_0.user_id=?
2026-05-17 07:42:41 [http-nio-8080-exec-10] DEBUG org.hibernate.SQL - 
    select
        count(u1_0.id) 
    from
        users u1_0
2026-05-17 07:42:45 [http-nio-8080-exec-2] DEBUG org.hibernate.SQL - 
    select
        up1_0.id,
        up1_0.age,
        up1_0.fitness_goal,
        up1_0.user_id,
        up1_0.weight_kg 
    from
        user_profiles up1_0 
    order by
        up1_0.id 
    offset
        ? rows 
    fetch
        first ? rows only
2026-05-17 07:42:45 [http-nio-8080-exec-2] DEBUG org.hibernate.SQL - 
    select
        u1_0.id,
        c1_0.id,
        c1_0.name,
        c1_0.specialization,
        u1_0.email,
        np1_0.id,
        np1_0.calories,
        np1_0.description,
        np1_0.name,
        u1_0.password,
        p1_0.id,
        p1_0.age,
        p1_0.fitness_goal,
        p1_0.user_id,
        p1_0.weight_kg,
        u1_0.role,
        u1_0.username,
        wg1_0.id,
        wg1_0.category,
        wg1_0.description,
        wg1_0.name 
    from
        users u1_0 
    left join
        coaches c1_0 
            on c1_0.id=u1_0.coach_id 
    left join
        nutrition_plans np1_0 
            on np1_0.id=u1_0.nutrition_plan_id 
    left join
        user_profiles p1_0 
            on u1_0.id=p1_0.user_id 
    left join
        workout_groups wg1_0 
            on wg1_0.id=u1_0.workout_group_id 
    where
        u1_0.id=?
2026-05-17 07:42:45 [http-nio-8080-exec-2] DEBUG org.hibernate.SQL - 
    select
        u1_0.id,
        c1_0.id,
        c1_0.name,
        c1_0.specialization,
        u1_0.email,
        np1_0.id,
        np1_0.calories,
        np1_0.description,
        np1_0.name,
        u1_0.password,
        p1_0.id,
        p1_0.age,
        p1_0.fitness_goal,
        p1_0.user_id,
        p1_0.weight_kg,
        u1_0.role,
        u1_0.username,
        wg1_0.id,
        wg1_0.category,
        wg1_0.description,
        wg1_0.name 
    from
        users u1_0 
    left join
        coaches c1_0 
            on c1_0.id=u1_0.coach_id 
    left join
        nutrition_plans np1_0 
            on np1_0.id=u1_0.nutrition_plan_id 
    left join
        user_profiles p1_0 
            on u1_0.id=p1_0.user_id 
    left join
        workout_groups wg1_0 
            on wg1_0.id=u1_0.workout_group_id 
    where
        u1_0.id=?
2026-05-17 07:42:45 [http-nio-8080-exec-4] DEBUG org.hibernate.SQL - 
    select
        c1_0.id,
        c1_0.name,
        c1_0.specialization 
    from
        coaches c1_0 
    order by
        c1_0.name 
    offset
        ? rows 
    fetch
        first ? rows only
2026-05-17 07:42:54 [http-nio-8080-exec-5] DEBUG org.hibernate.SQL - 
    insert 
    into
        coaches
        (name, specialization, id) 
    values
        (?, ?, default)
2026-05-17 07:42:54 [http-nio-8080-exec-7] DEBUG org.hibernate.SQL - 
    select
        c1_0.id,
        c1_0.name,
        c1_0.specialization 
    from
        coaches c1_0 
    order by
        c1_0.name 
    offset
        ? rows 
    fetch
        first ? rows only
2026-05-17 07:42:56 [http-nio-8080-exec-9] DEBUG org.hibernate.SQL - 
    select
        wg1_0.id,
        wg1_0.category,
        wg1_0.description,
        wg1_0.name 
    from
        workout_groups wg1_0 
    order by
        wg1_0.name 
    offset
        ? rows 
    fetch
        first ? rows only
2026-05-17 07:42:59 [http-nio-8080-exec-10] DEBUG org.hibernate.SQL - 
    select
        e1_0.id,
        e1_0.description,
        e1_0.duration,
        e1_0.muscle_group,
        e1_0.name,
        e1_0.reps,
        e1_0.sets 
    from
        exercises e1_0
2026-05-17 07:43:01 [http-nio-8080-exec-1] DEBUG org.hibernate.SQL - 
    select
        np1_0.id,
        np1_0.calories,
        np1_0.description,
        np1_0.name 
    from
        nutrition_plans np1_0 
    order by
        np1_0.name 
    offset
        ? rows 
    fetch
        first ? rows only
2026-05-17 07:43:03 [http-nio-8080-exec-3] DEBUG org.hibernate.SQL - 
    select
        u1_0.id,
        u1_0.coach_id,
        u1_0.email,
        u1_0.nutrition_plan_id,
        u1_0.password,
        u1_0.role,
        u1_0.username,
        u1_0.workout_group_id 
    from
        users u1_0 
    order by
        u1_0.username 
    offset
        ? rows 
    fetch
        first ? rows only
2026-05-17 07:43:03 [http-nio-8080-exec-3] DEBUG org.hibernate.SQL - 
    select
        up1_0.id,
        up1_0.age,
        up1_0.fitness_goal,
        up1_0.user_id,
        up1_0.weight_kg 
    from
        user_profiles up1_0 
    where
        up1_0.user_id=?
2026-05-17 07:43:03 [http-nio-8080-exec-3] DEBUG org.hibernate.SQL - 
    select
        up1_0.id,
        up1_0.age,
        up1_0.fitness_goal,
        up1_0.user_id,
        up1_0.weight_kg 
    from
        user_profiles up1_0 
    where
        up1_0.user_id=?
2026-05-17 07:43:03 [http-nio-8080-exec-3] DEBUG org.hibernate.SQL - 
    select
        up1_0.id,
        up1_0.age,
        up1_0.fitness_goal,
        up1_0.user_id,
        up1_0.weight_kg 
    from
        user_profiles up1_0 
    where
        up1_0.user_id=?
2026-05-17 07:43:03 [http-nio-8080-exec-3] DEBUG org.hibernate.SQL - 
    select
        up1_0.id,
        up1_0.age,
        up1_0.fitness_goal,
        up1_0.user_id,
        up1_0.weight_kg 
    from
        user_profiles up1_0 
    where
        up1_0.user_id=?
2026-05-17 07:43:03 [http-nio-8080-exec-3] DEBUG org.hibernate.SQL - 
    select
        up1_0.id,
        up1_0.age,
        up1_0.fitness_goal,
        up1_0.user_id,
        up1_0.weight_kg 
    from
        user_profiles up1_0 
    where
        up1_0.user_id=?
2026-05-17 07:43:03 [http-nio-8080-exec-3] DEBUG org.hibernate.SQL - 
    select
        count(u1_0.id) 
    from
        users u1_0
2026-05-17 07:43:11 [http-nio-8080-exec-8] DEBUG org.hibernate.SQL - 
    select
        u1_0.id,
        u1_0.coach_id,
        u1_0.email,
        u1_0.nutrition_plan_id,
        u1_0.password,
        u1_0.role,
        u1_0.username,
        u1_0.workout_group_id 
    from
        users u1_0
2026-05-17 07:43:11 [http-nio-8080-exec-8] DEBUG org.hibernate.SQL - 
    select
        up1_0.id,
        up1_0.age,
        up1_0.fitness_goal,
        up1_0.user_id,
        up1_0.weight_kg 
    from
        user_profiles up1_0 
    where
        up1_0.user_id=?
2026-05-17 07:43:11 [http-nio-8080-exec-8] DEBUG org.hibernate.SQL - 
    select
        up1_0.id,
        up1_0.age,
        up1_0.fitness_goal,
        up1_0.user_id,
        up1_0.weight_kg 
    from
        user_profiles up1_0 
    where
        up1_0.user_id=?
2026-05-17 07:43:11 [http-nio-8080-exec-8] DEBUG org.hibernate.SQL - 
    select
        up1_0.id,
        up1_0.age,
        up1_0.fitness_goal,
        up1_0.user_id,
        up1_0.weight_kg 
    from
        user_profiles up1_0 
    where
        up1_0.user_id=?
2026-05-17 07:43:11 [http-nio-8080-exec-8] DEBUG org.hibernate.SQL - 
    select
        up1_0.id,
        up1_0.age,
        up1_0.fitness_goal,
        up1_0.user_id,
        up1_0.weight_kg 
    from
        user_profiles up1_0 
    where
        up1_0.user_id=?
2026-05-17 07:43:11 [http-nio-8080-exec-8] DEBUG org.hibernate.SQL - 
    select
        up1_0.id,
        up1_0.age,
        up1_0.fitness_goal,
        up1_0.user_id,
        up1_0.weight_kg 
    from
        user_profiles up1_0 
    where
        up1_0.user_id=?
2026-05-17 07:43:11 [http-nio-8080-exec-8] DEBUG org.hibernate.SQL - 
    select
        up1_0.id,
        up1_0.age,
        up1_0.fitness_goal,
        up1_0.user_id,
        up1_0.weight_kg 
    from
        user_profiles up1_0 
    where
        up1_0.user_id=?
2026-05-17 07:43:11 [http-nio-8080-exec-8] DEBUG org.hibernate.SQL - 
    select
        up1_0.id,
        up1_0.age,
        up1_0.fitness_goal,
        up1_0.user_id,
        up1_0.weight_kg 
    from
        user_profiles up1_0 
    where
        up1_0.user_id=?
2026-05-17 07:43:11 [http-nio-8080-exec-8] DEBUG org.hibernate.SQL - 
    select
        up1_0.id,
        up1_0.age,
        up1_0.fitness_goal,
        up1_0.user_id,
        up1_0.weight_kg 
    from
        user_profiles up1_0 
    where
        up1_0.user_id=?
2026-05-17 07:43:11 [http-nio-8080-exec-8] DEBUG org.hibernate.SQL - 
    select
        u1_0.id,
        u1_0.coach_id,
        u1_0.email,
        u1_0.nutrition_plan_id,
        u1_0.password,
        u1_0.role,
        u1_0.username,
        u1_0.workout_group_id 
    from
        users u1_0
2026-05-17 07:43:11 [http-nio-8080-exec-8] DEBUG org.hibernate.SQL - 
    select
        up1_0.id,
        up1_0.age,
        up1_0.fitness_goal,
        up1_0.user_id,
        up1_0.weight_kg 
    from
        user_profiles up1_0 
    where
        up1_0.user_id=?
2026-05-17 07:43:11 [http-nio-8080-exec-8] DEBUG org.hibernate.SQL - 
    select
        up1_0.id,
        up1_0.age,
        up1_0.fitness_goal,
        up1_0.user_id,
        up1_0.weight_kg 
    from
        user_profiles up1_0 
    where
        up1_0.user_id=?
2026-05-17 07:43:11 [http-nio-8080-exec-8] DEBUG org.hibernate.SQL - 
    select
        up1_0.id,
        up1_0.age,
        up1_0.fitness_goal,
        up1_0.user_id,
        up1_0.weight_kg 
    from
        user_profiles up1_0 
    where
        up1_0.user_id=?
2026-05-17 07:43:11 [http-nio-8080-exec-8] DEBUG org.hibernate.SQL - 
    select
        up1_0.id,
        up1_0.age,
        up1_0.fitness_goal,
        up1_0.user_id,
        up1_0.weight_kg 
    from
        user_profiles up1_0 
    where
        up1_0.user_id=?
2026-05-17 07:43:11 [http-nio-8080-exec-8] DEBUG org.hibernate.SQL - 
    select
        up1_0.id,
        up1_0.age,
        up1_0.fitness_goal,
        up1_0.user_id,
        up1_0.weight_kg 
    from
        user_profiles up1_0 
    where
        up1_0.user_id=?
2026-05-17 07:43:11 [http-nio-8080-exec-8] DEBUG org.hibernate.SQL - 
    select
        up1_0.id,
        up1_0.age,
        up1_0.fitness_goal,
        up1_0.user_id,
        up1_0.weight_kg 
    from
        user_profiles up1_0 
    where
        up1_0.user_id=?
2026-05-17 07:43:11 [http-nio-8080-exec-8] DEBUG org.hibernate.SQL - 
    select
        up1_0.id,
        up1_0.age,
        up1_0.fitness_goal,
        up1_0.user_id,
        up1_0.weight_kg 
    from
        user_profiles up1_0 
    where
        up1_0.user_id=?
2026-05-17 07:43:11 [http-nio-8080-exec-8] DEBUG org.hibernate.SQL - 
    select
        up1_0.id,
        up1_0.age,
        up1_0.fitness_goal,
        up1_0.user_id,
        up1_0.weight_kg 
    from
        user_profiles up1_0 
    where
        up1_0.user_id=?
2026-05-17 07:43:11 [http-nio-8080-exec-9] DEBUG org.hibernate.SQL - 
    select
        u1_0.id,
        u1_0.coach_id,
        u1_0.email,
        u1_0.nutrition_plan_id,
        u1_0.password,
        u1_0.role,
        u1_0.username,
        u1_0.workout_group_id 
    from
        users u1_0 
    order by
        u1_0.username 
    offset
        ? rows 
    fetch
        first ? rows only
2026-05-17 07:43:11 [http-nio-8080-exec-9] DEBUG org.hibernate.SQL - 
    select
        up1_0.id,
        up1_0.age,
        up1_0.fitness_goal,
        up1_0.user_id,
        up1_0.weight_kg 
    from
        user_profiles up1_0 
    where
        up1_0.user_id=?
2026-05-17 07:43:11 [http-nio-8080-exec-9] DEBUG org.hibernate.SQL - 
    select
        up1_0.id,
        up1_0.age,
        up1_0.fitness_goal,
        up1_0.user_id,
        up1_0.weight_kg 
    from
        user_profiles up1_0 
    where
        up1_0.user_id=?
2026-05-17 07:43:11 [http-nio-8080-exec-9] DEBUG org.hibernate.SQL - 
    select
        up1_0.id,
        up1_0.age,
        up1_0.fitness_goal,
        up1_0.user_id,
        up1_0.weight_kg 
    from
        user_profiles up1_0 
    where
        up1_0.user_id=?
2026-05-17 07:43:11 [http-nio-8080-exec-9] DEBUG org.hibernate.SQL - 
    select
        up1_0.id,
        up1_0.age,
        up1_0.fitness_goal,
        up1_0.user_id,
        up1_0.weight_kg 
    from
        user_profiles up1_0 
    where
        up1_0.user_id=?
2026-05-17 07:43:11 [http-nio-8080-exec-9] DEBUG org.hibernate.SQL - 
    select
        up1_0.id,
        up1_0.age,
        up1_0.fitness_goal,
        up1_0.user_id,
        up1_0.weight_kg 
    from
        user_profiles up1_0 
    where
        up1_0.user_id=?
2026-05-17 07:43:11 [http-nio-8080-exec-9] DEBUG org.hibernate.SQL - 
    select
        count(u1_0.id) 
    from
        users u1_0
2026-05-17 07:43:14 [http-nio-8080-exec-1] DEBUG org.hibernate.SQL - 
    select
        up1_0.id,
        up1_0.age,
        up1_0.fitness_goal,
        up1_0.user_id,
        up1_0.weight_kg 
    from
        user_profiles up1_0 
    order by
        up1_0.id 
    offset
        ? rows 
    fetch
        first ? rows only
2026-05-17 07:43:14 [http-nio-8080-exec-1] DEBUG org.hibernate.SQL - 
    select
        u1_0.id,
        c1_0.id,
        c1_0.name,
        c1_0.specialization,
        u1_0.email,
        np1_0.id,
        np1_0.calories,
        np1_0.description,
        np1_0.name,
        u1_0.password,
        p1_0.id,
        p1_0.age,
        p1_0.fitness_goal,
        p1_0.user_id,
        p1_0.weight_kg,
        u1_0.role,
        u1_0.username,
        wg1_0.id,
        wg1_0.category,
        wg1_0.description,
        wg1_0.name 
    from
        users u1_0 
    left join
        coaches c1_0 
            on c1_0.id=u1_0.coach_id 
    left join
        nutrition_plans np1_0 
            on np1_0.id=u1_0.nutrition_plan_id 
    left join
        user_profiles p1_0 
            on u1_0.id=p1_0.user_id 
    left join
        workout_groups wg1_0 
            on wg1_0.id=u1_0.workout_group_id 
    where
        u1_0.id=?
2026-05-17 07:43:14 [http-nio-8080-exec-1] DEBUG org.hibernate.SQL - 
    select
        u1_0.id,
        c1_0.id,
        c1_0.name,
        c1_0.specialization,
        u1_0.email,
        np1_0.id,
        np1_0.calories,
        np1_0.description,
        np1_0.name,
        u1_0.password,
        p1_0.id,
        p1_0.age,
        p1_0.fitness_goal,
        p1_0.user_id,
        p1_0.weight_kg,
        u1_0.role,
        u1_0.username,
        wg1_0.id,
        wg1_0.category,
        wg1_0.description,
        wg1_0.name 
    from
        users u1_0 
    left join
        coaches c1_0 
            on c1_0.id=u1_0.coach_id 
    left join
        nutrition_plans np1_0 
            on np1_0.id=u1_0.nutrition_plan_id 
    left join
        user_profiles p1_0 
            on u1_0.id=p1_0.user_id 
    left join
        workout_groups wg1_0 
            on wg1_0.id=u1_0.workout_group_id 
    where
        u1_0.id=?
2026-05-17 07:43:15 [http-nio-8080-exec-2] DEBUG org.hibernate.SQL - 
    select
        c1_0.id,
        c1_0.name,
        c1_0.specialization 
    from
        coaches c1_0 
    order by
        c1_0.name 
    offset
        ? rows 
    fetch
        first ? rows only
2026-05-17 07:43:16 [http-nio-8080-exec-4] DEBUG org.hibernate.SQL - 
    select
        wg1_0.id,
        wg1_0.category,
        wg1_0.description,
        wg1_0.name 
    from
        workout_groups wg1_0 
    order by
        wg1_0.name 
    offset
        ? rows 
    fetch
        first ? rows only
2026-05-17 07:43:17 [http-nio-8080-exec-6] DEBUG org.hibernate.SQL - 
    select
        e1_0.id,
        e1_0.description,
        e1_0.duration,
        e1_0.muscle_group,
        e1_0.name,
        e1_0.reps,
        e1_0.sets 
    from
        exercises e1_0
2026-05-17 07:43:18 [http-nio-8080-exec-5] DEBUG org.hibernate.SQL - 
    select
        np1_0.id,
        np1_0.calories,
        np1_0.description,
        np1_0.name 
    from
        nutrition_plans np1_0 
    order by
        np1_0.name 
    offset
        ? rows 
    fetch
        first ? rows only
2026-05-17 07:43:22 [http-nio-8080-exec-7] DEBUG org.hibernate.SQL - 
    select
        u1_0.id,
        u1_0.coach_id,
        u1_0.email,
        u1_0.nutrition_plan_id,
        u1_0.password,
        u1_0.role,
        u1_0.username,
        u1_0.workout_group_id 
    from
        users u1_0 
    order by
        u1_0.username 
    offset
        ? rows 
    fetch
        first ? rows only
2026-05-17 07:43:22 [http-nio-8080-exec-7] DEBUG org.hibernate.SQL - 
    select
        up1_0.id,
        up1_0.age,
        up1_0.fitness_goal,
        up1_0.user_id,
        up1_0.weight_kg 
    from
        user_profiles up1_0 
    where
        up1_0.user_id=?
2026-05-17 07:43:22 [http-nio-8080-exec-7] DEBUG org.hibernate.SQL - 
    select
        up1_0.id,
        up1_0.age,
        up1_0.fitness_goal,
        up1_0.user_id,
        up1_0.weight_kg 
    from
        user_profiles up1_0 
    where
        up1_0.user_id=?
2026-05-17 07:43:22 [http-nio-8080-exec-7] DEBUG org.hibernate.SQL - 
    select
        up1_0.id,
        up1_0.age,
        up1_0.fitness_goal,
        up1_0.user_id,
        up1_0.weight_kg 
    from
        user_profiles up1_0 
    where
        up1_0.user_id=?
2026-05-17 07:43:22 [http-nio-8080-exec-7] DEBUG org.hibernate.SQL - 
    select
        up1_0.id,
        up1_0.age,
        up1_0.fitness_goal,
        up1_0.user_id,
        up1_0.weight_kg 
    from
        user_profiles up1_0 
    where
        up1_0.user_id=?
2026-05-17 07:43:22 [http-nio-8080-exec-7] DEBUG org.hibernate.SQL - 
    select
        up1_0.id,
        up1_0.age,
        up1_0.fitness_goal,
        up1_0.user_id,
        up1_0.weight_kg 
    from
        user_profiles up1_0 
    where
        up1_0.user_id=?
2026-05-17 07:43:22 [http-nio-8080-exec-7] DEBUG org.hibernate.SQL - 
    select
        count(u1_0.id) 
    from
        users u1_0
2026-05-17 07:43:29 [http-nio-8080-exec-3] DEBUG org.hibernate.SQL - 
    select
        u1_0.id,
        u1_0.coach_id,
        u1_0.email,
        u1_0.nutrition_plan_id,
        u1_0.password,
        u1_0.role,
        u1_0.username,
        u1_0.workout_group_id 
    from
        users u1_0
2026-05-17 07:43:29 [http-nio-8080-exec-3] DEBUG org.hibernate.SQL - 
    select
        up1_0.id,
        up1_0.age,
        up1_0.fitness_goal,
        up1_0.user_id,
        up1_0.weight_kg 
    from
        user_profiles up1_0 
    where
        up1_0.user_id=?
2026-05-17 07:43:29 [http-nio-8080-exec-3] DEBUG org.hibernate.SQL - 
    select
        up1_0.id,
        up1_0.age,
        up1_0.fitness_goal,
        up1_0.user_id,
        up1_0.weight_kg 
    from
        user_profiles up1_0 
    where
        up1_0.user_id=?
2026-05-17 07:43:29 [http-nio-8080-exec-3] DEBUG org.hibernate.SQL - 
    select
        up1_0.id,
        up1_0.age,
        up1_0.fitness_goal,
        up1_0.user_id,
        up1_0.weight_kg 
    from
        user_profiles up1_0 
    where
        up1_0.user_id=?
2026-05-17 07:43:29 [http-nio-8080-exec-3] DEBUG org.hibernate.SQL - 
    select
        up1_0.id,
        up1_0.age,
        up1_0.fitness_goal,
        up1_0.user_id,
        up1_0.weight_kg 
    from
        user_profiles up1_0 
    where
        up1_0.user_id=?
2026-05-17 07:43:29 [http-nio-8080-exec-3] DEBUG org.hibernate.SQL - 
    select
        up1_0.id,
        up1_0.age,
        up1_0.fitness_goal,
        up1_0.user_id,
        up1_0.weight_kg 
    from
        user_profiles up1_0 
    where
        up1_0.user_id=?
2026-05-17 07:43:29 [http-nio-8080-exec-3] DEBUG org.hibernate.SQL - 
    select
        up1_0.id,
        up1_0.age,
        up1_0.fitness_goal,
        up1_0.user_id,
        up1_0.weight_kg 
    from
        user_profiles up1_0 
    where
        up1_0.user_id=?
2026-05-17 07:43:29 [http-nio-8080-exec-3] DEBUG org.hibernate.SQL - 
    select
        up1_0.id,
        up1_0.age,
        up1_0.fitness_goal,
        up1_0.user_id,
        up1_0.weight_kg 
    from
        user_profiles up1_0 
    where
        up1_0.user_id=?
2026-05-17 07:43:29 [http-nio-8080-exec-3] DEBUG org.hibernate.SQL - 
    select
        up1_0.id,
        up1_0.age,
        up1_0.fitness_goal,
        up1_0.user_id,
        up1_0.weight_kg 
    from
        user_profiles up1_0 
    where
        up1_0.user_id=?
2026-05-17 07:43:29 [http-nio-8080-exec-4] DEBUG org.hibernate.SQL - 
    select
        u1_0.id,
        u1_0.coach_id,
        u1_0.email,
        u1_0.nutrition_plan_id,
        u1_0.password,
        u1_0.role,
        u1_0.username,
        u1_0.workout_group_id 
    from
        users u1_0 
    order by
        u1_0.username 
    offset
        ? rows 
    fetch
        first ? rows only
2026-05-17 07:43:29 [http-nio-8080-exec-4] DEBUG org.hibernate.SQL - 
    select
        up1_0.id,
        up1_0.age,
        up1_0.fitness_goal,
        up1_0.user_id,
        up1_0.weight_kg 
    from
        user_profiles up1_0 
    where
        up1_0.user_id=?
2026-05-17 07:43:29 [http-nio-8080-exec-4] DEBUG org.hibernate.SQL - 
    select
        up1_0.id,
        up1_0.age,
        up1_0.fitness_goal,
        up1_0.user_id,
        up1_0.weight_kg 
    from
        user_profiles up1_0 
    where
        up1_0.user_id=?
2026-05-17 07:43:29 [http-nio-8080-exec-4] DEBUG org.hibernate.SQL - 
    select
        up1_0.id,
        up1_0.age,
        up1_0.fitness_goal,
        up1_0.user_id,
        up1_0.weight_kg 
    from
        user_profiles up1_0 
    where
        up1_0.user_id=?
2026-05-17 07:43:29 [http-nio-8080-exec-4] DEBUG org.hibernate.SQL - 
    select
        up1_0.id,
        up1_0.age,
        up1_0.fitness_goal,
        up1_0.user_id,
        up1_0.weight_kg 
    from
        user_profiles up1_0 
    where
        up1_0.user_id=?
2026-05-17 07:43:29 [http-nio-8080-exec-4] DEBUG org.hibernate.SQL - 
    select
        up1_0.id,
        up1_0.age,
        up1_0.fitness_goal,
        up1_0.user_id,
        up1_0.weight_kg 
    from
        user_profiles up1_0 
    where
        up1_0.user_id=?
2026-05-17 07:43:29 [http-nio-8080-exec-4] DEBUG org.hibernate.SQL - 
    select
        count(u1_0.id) 
    from
        users u1_0
2026-05-17 07:43:47 [http-nio-8080-exec-5] DEBUG org.hibernate.SQL - 
    insert 
    into
        users
        (coach_id, email, nutrition_plan_id, password, role, username, workout_group_id, id) 
    values
        (?, ?, ?, ?, ?, ?, ?, default)
2026-05-17 07:43:47 [http-nio-8080-exec-7] DEBUG org.hibernate.SQL - 
    select
        u1_0.id,
        u1_0.coach_id,
        u1_0.email,
        u1_0.nutrition_plan_id,
        u1_0.password,
        u1_0.role,
        u1_0.username,
        u1_0.workout_group_id 
    from
        users u1_0 
    order by
        u1_0.username 
    offset
        ? rows 
    fetch
        first ? rows only
2026-05-17 07:43:47 [http-nio-8080-exec-7] DEBUG org.hibernate.SQL - 
    select
        up1_0.id,
        up1_0.age,
        up1_0.fitness_goal,
        up1_0.user_id,
        up1_0.weight_kg 
    from
        user_profiles up1_0 
    where
        up1_0.user_id=?
2026-05-17 07:43:47 [http-nio-8080-exec-7] DEBUG org.hibernate.SQL - 
    select
        up1_0.id,
        up1_0.age,
        up1_0.fitness_goal,
        up1_0.user_id,
        up1_0.weight_kg 
    from
        user_profiles up1_0 
    where
        up1_0.user_id=?
2026-05-17 07:43:47 [http-nio-8080-exec-7] DEBUG org.hibernate.SQL - 
    select
        up1_0.id,
        up1_0.age,
        up1_0.fitness_goal,
        up1_0.user_id,
        up1_0.weight_kg 
    from
        user_profiles up1_0 
    where
        up1_0.user_id=?
2026-05-17 07:43:47 [http-nio-8080-exec-7] DEBUG org.hibernate.SQL - 
    select
        up1_0.id,
        up1_0.age,
        up1_0.fitness_goal,
        up1_0.user_id,
        up1_0.weight_kg 
    from
        user_profiles up1_0 
    where
        up1_0.user_id=?
2026-05-17 07:43:47 [http-nio-8080-exec-7] DEBUG org.hibernate.SQL - 
    select
        up1_0.id,
        up1_0.age,
        up1_0.fitness_goal,
        up1_0.user_id,
        up1_0.weight_kg 
    from
        user_profiles up1_0 
    where
        up1_0.user_id=?
2026-05-17 07:43:47 [http-nio-8080-exec-7] DEBUG org.hibernate.SQL - 
    select
        count(u1_0.id) 
    from
        users u1_0
2026-05-17 07:43:53 [http-nio-8080-exec-1] DEBUG org.hibernate.SQL - 
    select
        u1_0.id,
        u1_0.coach_id,
        u1_0.email,
        u1_0.nutrition_plan_id,
        u1_0.password,
        u1_0.role,
        u1_0.username,
        u1_0.workout_group_id 
    from
        users u1_0
2026-05-17 07:43:53 [http-nio-8080-exec-1] DEBUG org.hibernate.SQL - 
    select
        up1_0.id,
        up1_0.age,
        up1_0.fitness_goal,
        up1_0.user_id,
        up1_0.weight_kg 
    from
        user_profiles up1_0 
    where
        up1_0.user_id=?
2026-05-17 07:43:53 [http-nio-8080-exec-1] DEBUG org.hibernate.SQL - 
    select
        up1_0.id,
        up1_0.age,
        up1_0.fitness_goal,
        up1_0.user_id,
        up1_0.weight_kg 
    from
        user_profiles up1_0 
    where
        up1_0.user_id=?
2026-05-17 07:43:53 [http-nio-8080-exec-1] DEBUG org.hibernate.SQL - 
    select
        up1_0.id,
        up1_0.age,
        up1_0.fitness_goal,
        up1_0.user_id,
        up1_0.weight_kg 
    from
        user_profiles up1_0 
    where
        up1_0.user_id=?
2026-05-17 07:43:53 [http-nio-8080-exec-1] DEBUG org.hibernate.SQL - 
    select
        up1_0.id,
        up1_0.age,
        up1_0.fitness_goal,
        up1_0.user_id,
        up1_0.weight_kg 
    from
        user_profiles up1_0 
    where
        up1_0.user_id=?
2026-05-17 07:43:53 [http-nio-8080-exec-1] DEBUG org.hibernate.SQL - 
    select
        up1_0.id,
        up1_0.age,
        up1_0.fitness_goal,
        up1_0.user_id,
        up1_0.weight_kg 
    from
        user_profiles up1_0 
    where
        up1_0.user_id=?
2026-05-17 07:43:53 [http-nio-8080-exec-1] DEBUG org.hibernate.SQL - 
    select
        up1_0.id,
        up1_0.age,
        up1_0.fitness_goal,
        up1_0.user_id,
        up1_0.weight_kg 
    from
        user_profiles up1_0 
    where
        up1_0.user_id=?
2026-05-17 07:43:53 [http-nio-8080-exec-1] DEBUG org.hibernate.SQL - 
    select
        up1_0.id,
        up1_0.age,
        up1_0.fitness_goal,
        up1_0.user_id,
        up1_0.weight_kg 
    from
        user_profiles up1_0 
    where
        up1_0.user_id=?
2026-05-17 07:43:53 [http-nio-8080-exec-1] DEBUG org.hibernate.SQL - 
    select
        up1_0.id,
        up1_0.age,
        up1_0.fitness_goal,
        up1_0.user_id,
        up1_0.weight_kg 
    from
        user_profiles up1_0 
    where
        up1_0.user_id=?
2026-05-17 07:43:53 [http-nio-8080-exec-1] DEBUG org.hibernate.SQL - 
    select
        up1_0.id,
        up1_0.age,
        up1_0.fitness_goal,
        up1_0.user_id,
        up1_0.weight_kg 
    from
        user_profiles up1_0 
    where
        up1_0.user_id=?
2026-05-17 07:43:53 [http-nio-8080-exec-1] DEBUG org.hibernate.SQL - 
    select
        u1_0.id,
        u1_0.coach_id,
        u1_0.email,
        u1_0.nutrition_plan_id,
        u1_0.password,
        u1_0.role,
        u1_0.username,
        u1_0.workout_group_id 
    from
        users u1_0
2026-05-17 07:43:53 [http-nio-8080-exec-1] DEBUG org.hibernate.SQL - 
    select
        up1_0.id,
        up1_0.age,
        up1_0.fitness_goal,
        up1_0.user_id,
        up1_0.weight_kg 
    from
        user_profiles up1_0 
    where
        up1_0.user_id=?
2026-05-17 07:43:53 [http-nio-8080-exec-1] DEBUG org.hibernate.SQL - 
    select
        up1_0.id,
        up1_0.age,
        up1_0.fitness_goal,
        up1_0.user_id,
        up1_0.weight_kg 
    from
        user_profiles up1_0 
    where
        up1_0.user_id=?
2026-05-17 07:43:53 [http-nio-8080-exec-1] DEBUG org.hibernate.SQL - 
    select
        up1_0.id,
        up1_0.age,
        up1_0.fitness_goal,
        up1_0.user_id,
        up1_0.weight_kg 
    from
        user_profiles up1_0 
    where
        up1_0.user_id=?
2026-05-17 07:43:53 [http-nio-8080-exec-1] DEBUG org.hibernate.SQL - 
    select
        up1_0.id,
        up1_0.age,
        up1_0.fitness_goal,
        up1_0.user_id,
        up1_0.weight_kg 
    from
        user_profiles up1_0 
    where
        up1_0.user_id=?
2026-05-17 07:43:53 [http-nio-8080-exec-1] DEBUG org.hibernate.SQL - 
    select
        up1_0.id,
        up1_0.age,
        up1_0.fitness_goal,
        up1_0.user_id,
        up1_0.weight_kg 
    from
        user_profiles up1_0 
    where
        up1_0.user_id=?
2026-05-17 07:43:53 [http-nio-8080-exec-1] DEBUG org.hibernate.SQL - 
    select
        up1_0.id,
        up1_0.age,
        up1_0.fitness_goal,
        up1_0.user_id,
        up1_0.weight_kg 
    from
        user_profiles up1_0 
    where
        up1_0.user_id=?
2026-05-17 07:43:53 [http-nio-8080-exec-1] DEBUG org.hibernate.SQL - 
    select
        up1_0.id,
        up1_0.age,
        up1_0.fitness_goal,
        up1_0.user_id,
        up1_0.weight_kg 
    from
        user_profiles up1_0 
    where
        up1_0.user_id=?
2026-05-17 07:43:53 [http-nio-8080-exec-1] DEBUG org.hibernate.SQL - 
    select
        up1_0.id,
        up1_0.age,
        up1_0.fitness_goal,
        up1_0.user_id,
        up1_0.weight_kg 
    from
        user_profiles up1_0 
    where
        up1_0.user_id=?
2026-05-17 07:43:53 [http-nio-8080-exec-1] DEBUG org.hibernate.SQL - 
    select
        up1_0.id,
        up1_0.age,
        up1_0.fitness_goal,
        up1_0.user_id,
        up1_0.weight_kg 
    from
        user_profiles up1_0 
    where
        up1_0.user_id=?
2026-05-17 07:43:53 [http-nio-8080-exec-2] DEBUG org.hibernate.SQL - 
    select
        u1_0.id,
        u1_0.coach_id,
        u1_0.email,
        u1_0.nutrition_plan_id,
        u1_0.password,
        u1_0.role,
        u1_0.username,
        u1_0.workout_group_id 
    from
        users u1_0 
    order by
        u1_0.username 
    offset
        ? rows 
    fetch
        first ? rows only
2026-05-17 07:43:53 [http-nio-8080-exec-2] DEBUG org.hibernate.SQL - 
    select
        up1_0.id,
        up1_0.age,
        up1_0.fitness_goal,
        up1_0.user_id,
        up1_0.weight_kg 
    from
        user_profiles up1_0 
    where
        up1_0.user_id=?
2026-05-17 07:43:53 [http-nio-8080-exec-2] DEBUG org.hibernate.SQL - 
    select
        up1_0.id,
        up1_0.age,
        up1_0.fitness_goal,
        up1_0.user_id,
        up1_0.weight_kg 
    from
        user_profiles up1_0 
    where
        up1_0.user_id=?
2026-05-17 07:43:53 [http-nio-8080-exec-2] DEBUG org.hibernate.SQL - 
    select
        up1_0.id,
        up1_0.age,
        up1_0.fitness_goal,
        up1_0.user_id,
        up1_0.weight_kg 
    from
        user_profiles up1_0 
    where
        up1_0.user_id=?
2026-05-17 07:43:53 [http-nio-8080-exec-2] DEBUG org.hibernate.SQL - 
    select
        up1_0.id,
        up1_0.age,
        up1_0.fitness_goal,
        up1_0.user_id,
        up1_0.weight_kg 
    from
        user_profiles up1_0 
    where
        up1_0.user_id=?
2026-05-17 07:43:53 [http-nio-8080-exec-2] DEBUG org.hibernate.SQL - 
    select
        up1_0.id,
        up1_0.age,
        up1_0.fitness_goal,
        up1_0.user_id,
        up1_0.weight_kg 
    from
        user_profiles up1_0 
    where
        up1_0.user_id=?
2026-05-17 07:43:53 [http-nio-8080-exec-2] DEBUG org.hibernate.SQL - 
    select
        count(u1_0.id) 
    from
        users u1_0
2026-05-17 07:43:54 [http-nio-8080-exec-4] DEBUG org.hibernate.SQL - 
    select
        u1_0.id,
        u1_0.coach_id,
        u1_0.email,
        u1_0.nutrition_plan_id,
        u1_0.password,
        u1_0.role,
        u1_0.username,
        u1_0.workout_group_id 
    from
        users u1_0 
    order by
        u1_0.username 
    offset
        ? rows 
    fetch
        first ? rows only
2026-05-17 07:43:54 [http-nio-8080-exec-4] DEBUG org.hibernate.SQL - 
    select
        up1_0.id,
        up1_0.age,
        up1_0.fitness_goal,
        up1_0.user_id,
        up1_0.weight_kg 
    from
        user_profiles up1_0 
    where
        up1_0.user_id=?
2026-05-17 07:43:54 [http-nio-8080-exec-4] DEBUG org.hibernate.SQL - 
    select
        up1_0.id,
        up1_0.age,
        up1_0.fitness_goal,
        up1_0.user_id,
        up1_0.weight_kg 
    from
        user_profiles up1_0 
    where
        up1_0.user_id=?
2026-05-17 07:43:54 [http-nio-8080-exec-4] DEBUG org.hibernate.SQL - 
    select
        up1_0.id,
        up1_0.age,
        up1_0.fitness_goal,
        up1_0.user_id,
        up1_0.weight_kg 
    from
        user_profiles up1_0 
    where
        up1_0.user_id=?
2026-05-17 07:43:54 [http-nio-8080-exec-4] DEBUG org.hibernate.SQL - 
    select
        up1_0.id,
        up1_0.age,
        up1_0.fitness_goal,
        up1_0.user_id,
        up1_0.weight_kg 
    from
        user_profiles up1_0 
    where
        up1_0.user_id=?
2026-05-17 07:43:55 [http-nio-8080-exec-6] DEBUG org.hibernate.SQL - 
    select
        u1_0.id,
        u1_0.coach_id,
        u1_0.email,
        u1_0.nutrition_plan_id,
        u1_0.password,
        u1_0.role,
        u1_0.username,
        u1_0.workout_group_id 
    from
        users u1_0 
    order by
        u1_0.username 
    offset
        ? rows 
    fetch
        first ? rows only
2026-05-17 07:43:55 [http-nio-8080-exec-6] DEBUG org.hibernate.SQL - 
    select
        up1_0.id,
        up1_0.age,
        up1_0.fitness_goal,
        up1_0.user_id,
        up1_0.weight_kg 
    from
        user_profiles up1_0 
    where
        up1_0.user_id=?
2026-05-17 07:43:55 [http-nio-8080-exec-6] DEBUG org.hibernate.SQL - 
    select
        up1_0.id,
        up1_0.age,
        up1_0.fitness_goal,
        up1_0.user_id,
        up1_0.weight_kg 
    from
        user_profiles up1_0 
    where
        up1_0.user_id=?
2026-05-17 07:43:55 [http-nio-8080-exec-6] DEBUG org.hibernate.SQL - 
    select
        up1_0.id,
        up1_0.age,
        up1_0.fitness_goal,
        up1_0.user_id,
        up1_0.weight_kg 
    from
        user_profiles up1_0 
    where
        up1_0.user_id=?
2026-05-17 07:43:55 [http-nio-8080-exec-6] DEBUG org.hibernate.SQL - 
    select
        up1_0.id,
        up1_0.age,
        up1_0.fitness_goal,
        up1_0.user_id,
        up1_0.weight_kg 
    from
        user_profiles up1_0 
    where
        up1_0.user_id=?
2026-05-17 07:43:55 [http-nio-8080-exec-6] DEBUG org.hibernate.SQL - 
    select
        up1_0.id,
        up1_0.age,
        up1_0.fitness_goal,
        up1_0.user_id,
        up1_0.weight_kg 
    from
        user_profiles up1_0 
    where
        up1_0.user_id=?
2026-05-17 07:43:55 [http-nio-8080-exec-6] DEBUG org.hibernate.SQL - 
    select
        count(u1_0.id) 
    from
        users u1_0
2026-05-17 07:43:56 [http-nio-8080-exec-5] DEBUG org.hibernate.SQL - 
    select
        up1_0.id,
        up1_0.age,
        up1_0.fitness_goal,
        up1_0.user_id,
        up1_0.weight_kg 
    from
        user_profiles up1_0 
    order by
        up1_0.id 
    offset
        ? rows 
    fetch
        first ? rows only
2026-05-17 07:43:56 [http-nio-8080-exec-5] DEBUG org.hibernate.SQL - 
    select
        u1_0.id,
        c1_0.id,
        c1_0.name,
        c1_0.specialization,
        u1_0.email,
        np1_0.id,
        np1_0.calories,
        np1_0.description,
        np1_0.name,
        u1_0.password,
        p1_0.id,
        p1_0.age,
        p1_0.fitness_goal,
        p1_0.user_id,
        p1_0.weight_kg,
        u1_0.role,
        u1_0.username,
        wg1_0.id,
        wg1_0.category,
        wg1_0.description,
        wg1_0.name 
    from
        users u1_0 
    left join
        coaches c1_0 
            on c1_0.id=u1_0.coach_id 
    left join
        nutrition_plans np1_0 
            on np1_0.id=u1_0.nutrition_plan_id 
    left join
        user_profiles p1_0 
            on u1_0.id=p1_0.user_id 
    left join
        workout_groups wg1_0 
            on wg1_0.id=u1_0.workout_group_id 
    where
        u1_0.id=?
2026-05-17 07:43:56 [http-nio-8080-exec-5] DEBUG org.hibernate.SQL - 
    select
        u1_0.id,
        c1_0.id,
        c1_0.name,
        c1_0.specialization,
        u1_0.email,
        np1_0.id,
        np1_0.calories,
        np1_0.description,
        np1_0.name,
        u1_0.password,
        p1_0.id,
        p1_0.age,
        p1_0.fitness_goal,
        p1_0.user_id,
        p1_0.weight_kg,
        u1_0.role,
        u1_0.username,
        wg1_0.id,
        wg1_0.category,
        wg1_0.description,
        wg1_0.name 
    from
        users u1_0 
    left join
        coaches c1_0 
            on c1_0.id=u1_0.coach_id 
    left join
        nutrition_plans np1_0 
            on np1_0.id=u1_0.nutrition_plan_id 
    left join
        user_profiles p1_0 
            on u1_0.id=p1_0.user_id 
    left join
        workout_groups wg1_0 
            on wg1_0.id=u1_0.workout_group_id 
    where
        u1_0.id=?
2026-05-17 07:43:57 [http-nio-8080-exec-7] DEBUG org.hibernate.SQL - 
    select
        c1_0.id,
        c1_0.name,
        c1_0.specialization 
    from
        coaches c1_0 
    order by
        c1_0.name 
    offset
        ? rows 
    fetch
        first ? rows only
2026-05-17 07:43:58 [http-nio-8080-exec-8] DEBUG org.hibernate.SQL - 
    select
        wg1_0.id,
        wg1_0.category,
        wg1_0.description,
        wg1_0.name 
    from
        workout_groups wg1_0 
    order by
        wg1_0.name 
    offset
        ? rows 
    fetch
        first ? rows only
2026-05-17 07:43:59 [http-nio-8080-exec-9] DEBUG org.hibernate.SQL - 
    select
        e1_0.id,
        e1_0.description,
        e1_0.duration,
        e1_0.muscle_group,
        e1_0.name,
        e1_0.reps,
        e1_0.sets 
    from
        exercises e1_0
2026-05-17 07:44:01 [http-nio-8080-exec-10] DEBUG org.hibernate.SQL - 
    select
        np1_0.id,
        np1_0.calories,
        np1_0.description,
        np1_0.name 
    from
        nutrition_plans np1_0 
    order by
        np1_0.name 
    offset
        ? rows 
    fetch
        first ? rows only
2026-05-17 07:44:02 [http-nio-8080-exec-2] DEBUG org.hibernate.SQL - 
    select
        u1_0.id,
        u1_0.coach_id,
        u1_0.email,
        u1_0.nutrition_plan_id,
        u1_0.password,
        u1_0.role,
        u1_0.username,
        u1_0.workout_group_id 
    from
        users u1_0 
    order by
        u1_0.username 
    offset
        ? rows 
    fetch
        first ? rows only
2026-05-17 07:44:02 [http-nio-8080-exec-2] DEBUG org.hibernate.SQL - 
    select
        up1_0.id,
        up1_0.age,
        up1_0.fitness_goal,
        up1_0.user_id,
        up1_0.weight_kg 
    from
        user_profiles up1_0 
    where
        up1_0.user_id=?
2026-05-17 07:44:02 [http-nio-8080-exec-2] DEBUG org.hibernate.SQL - 
    select
        up1_0.id,
        up1_0.age,
        up1_0.fitness_goal,
        up1_0.user_id,
        up1_0.weight_kg 
    from
        user_profiles up1_0 
    where
        up1_0.user_id=?
2026-05-17 07:44:02 [http-nio-8080-exec-2] DEBUG org.hibernate.SQL - 
    select
        up1_0.id,
        up1_0.age,
        up1_0.fitness_goal,
        up1_0.user_id,
        up1_0.weight_kg 
    from
        user_profiles up1_0 
    where
        up1_0.user_id=?
2026-05-17 07:44:02 [http-nio-8080-exec-2] DEBUG org.hibernate.SQL - 
    select
        up1_0.id,
        up1_0.age,
        up1_0.fitness_goal,
        up1_0.user_id,
        up1_0.weight_kg 
    from
        user_profiles up1_0 
    where
        up1_0.user_id=?
2026-05-17 07:44:02 [http-nio-8080-exec-2] DEBUG org.hibernate.SQL - 
    select
        up1_0.id,
        up1_0.age,
        up1_0.fitness_goal,
        up1_0.user_id,
        up1_0.weight_kg 
    from
        user_profiles up1_0 
    where
        up1_0.user_id=?
2026-05-17 07:44:02 [http-nio-8080-exec-2] DEBUG org.hibernate.SQL - 
    select
        count(u1_0.id) 
    from
        users u1_0
2026-05-17 07:44:10 [SpringApplicationShutdownHook] INFO  o.s.b.w.e.tomcat.GracefulShutdown - Commencing graceful shutdown. Waiting for active requests to complete
2026-05-17 07:44:10 [tomcat-shutdown] INFO  o.s.b.w.e.tomcat.GracefulShutdown - Graceful shutdown complete
2026-05-17 07:44:10 [SpringApplicationShutdownHook] INFO  o.s.o.j.LocalContainerEntityManagerFactoryBean - Closing JPA EntityManagerFactory for persistence unit 'default'
2026-05-17 07:44:10 [SpringApplicationShutdownHook] INFO  com.zaxxer.hikari.HikariDataSource - HikariPool-1 - Shutdown initiated...
2026-05-17 07:44:10 [SpringApplicationShutdownHook] INFO  com.zaxxer.hikari.HikariDataSource - HikariPool-1 - Shutdown completed.
2026-05-17 08:33:41 [main] INFO  com.fitness.opp.OppApplication - Starting OppApplication using Java 21.0.10 with PID 11060 (C:\Users\Dunduc George\Desktop\fitness\opp\target\classes started by Dunduc George in C:\Users\Dunduc George\Desktop\fitness)
2026-05-17 08:33:41 [main] DEBUG com.fitness.opp.OppApplication - Running with Spring Boot v3.4.1, Spring v6.2.1
2026-05-17 08:33:41 [main] INFO  com.fitness.opp.OppApplication - The following 1 profile is active: "dev"
2026-05-17 08:33:42 [main] INFO  o.s.d.r.c.RepositoryConfigurationDelegate - Bootstrapping Spring Data JPA repositories in DEFAULT mode.
2026-05-17 08:33:42 [main] INFO  o.s.d.r.c.RepositoryConfigurationDelegate - Finished Spring Data repository scanning in 68 ms. Found 6 JPA repository interfaces.
2026-05-17 08:33:43 [main] INFO  o.s.b.w.e.tomcat.TomcatWebServer - Tomcat initialized with port 8080 (http)
2026-05-17 08:33:43 [main] INFO  o.a.catalina.core.StandardService - Starting service [Tomcat]
2026-05-17 08:33:43 [main] INFO  o.a.catalina.core.StandardEngine - Starting Servlet engine: [Apache Tomcat/10.1.34]
2026-05-17 08:33:43 [main] INFO  o.a.c.c.C.[Tomcat].[localhost].[/] - Initializing Spring embedded WebApplicationContext
2026-05-17 08:33:43 [main] INFO  o.s.b.w.s.c.ServletWebServerApplicationContext - Root WebApplicationContext: initialization completed in 1425 ms
2026-05-17 08:33:43 [main] INFO  o.h.jpa.internal.util.LogHelper - HHH000204: Processing PersistenceUnitInfo [name: default]
2026-05-17 08:33:43 [main] INFO  org.hibernate.Version - HHH000412: Hibernate ORM core version 6.6.4.Final
2026-05-17 08:33:43 [main] INFO  o.h.c.i.RegionFactoryInitiator - HHH000026: Second-level cache disabled
2026-05-17 08:33:43 [main] INFO  o.s.o.j.p.SpringPersistenceUnitInfo - No LoadTimeWeaver setup: ignoring JPA class transformer
2026-05-17 08:33:43 [main] INFO  com.zaxxer.hikari.HikariDataSource - HikariPool-1 - Starting...
2026-05-17 08:33:44 [main] INFO  com.zaxxer.hikari.pool.HikariPool - HikariPool-1 - Added connection oracle.jdbc.driver.T4CConnection@23321be7
2026-05-17 08:33:44 [main] INFO  com.zaxxer.hikari.HikariDataSource - HikariPool-1 - Start completed.
2026-05-17 08:33:44 [main] WARN  org.hibernate.orm.deprecation - HHH90000025: OracleDialect does not need to be specified explicitly using 'hibernate.dialect' (remove the property setting and it will be selected by default)
2026-05-17 08:33:44 [main] INFO  o.hibernate.orm.connections.pooling - HHH10001005: Database info:
	Database JDBC URL [Connecting through datasource 'HikariDataSource (HikariPool-1)']
	Database driver: undefined/unknown
	Database version: 21.3
	Autocommit mode: undefined/unknown
	Isolation level: undefined/unknown
	Minimum pool size: undefined/unknown
	Maximum pool size: undefined/unknown
2026-05-17 08:33:45 [main] INFO  o.h.e.t.j.p.i.JtaPlatformInitiator - HHH000489: No JTA platform available (set 'hibernate.transaction.jta.platform' to enable JTA platform integration)
2026-05-17 08:33:46 [main] INFO  o.s.o.j.LocalContainerEntityManagerFactoryBean - Initialized JPA EntityManagerFactory for persistence unit 'default'
2026-05-17 08:33:46 [main] WARN  o.s.b.a.o.j.JpaBaseConfiguration$JpaWebConfiguration - spring.jpa.open-in-view is enabled by default. Therefore, database queries may be performed during view rendering. Explicitly configure spring.jpa.open-in-view to disable this warning
2026-05-17 08:33:46 [main] INFO  o.s.s.c.a.a.c.InitializeAuthenticationProviderBeanManagerConfigurer$InitializeAuthenticationProviderManagerConfigurer - Global AuthenticationManager configured with AuthenticationProvider bean with name authenticationProvider
2026-05-17 08:33:46 [main] WARN  o.s.s.c.a.a.c.InitializeUserDetailsBeanManagerConfigurer$InitializeUserDetailsManagerConfigurer - Global AuthenticationManager configured with an AuthenticationProvider bean. UserDetailsService beans will not be used by Spring Security for automatically configuring username/password login. Consider removing the AuthenticationProvider bean. Alternatively, consider using the UserDetailsService in a manually instantiated DaoAuthenticationProvider. If the current configuration is intentional, to turn off this warning, increase the logging level of 'org.springframework.security.config.annotation.authentication.configuration.InitializeUserDetailsBeanManagerConfigurer' to ERROR
2026-05-17 08:33:47 [main] INFO  o.s.b.w.e.tomcat.TomcatWebServer - Tomcat started on port 8080 (http) with context path '/'
2026-05-17 08:33:47 [main] INFO  com.fitness.opp.OppApplication - Started OppApplication in 5.918 seconds (process running for 6.366)
2026-05-17 08:33:47 [main] DEBUG org.hibernate.SQL - 
    select
        u1_0.id,
        u1_0.coach_id,
        u1_0.email,
        u1_0.nutrition_plan_id,
        u1_0.password,
        u1_0.role,
        u1_0.username,
        u1_0.workout_group_id 
    from
        users u1_0 
    where
        u1_0.username=?
2026-05-17 08:33:47 [main] DEBUG org.hibernate.SQL - 
    select
        up1_0.id,
        up1_0.age,
        up1_0.fitness_goal,
        up1_0.user_id,
        up1_0.weight_kg 
    from
        user_profiles up1_0 
    where
        up1_0.user_id=?
2026-05-17 08:33:47 [main] DEBUG org.hibernate.SQL - 
    select
        u1_0.id,
        c1_0.id,
        c1_0.name,
        c1_0.specialization,
        u1_0.email,
        np1_0.id,
        np1_0.calories,
        np1_0.description,
        np1_0.name,
        u1_0.password,
        p1_0.id,
        p1_0.age,
        p1_0.fitness_goal,
        p1_0.user_id,
        p1_0.weight_kg,
        u1_0.role,
        u1_0.username,
        wg1_0.id,
        wg1_0.category,
        wg1_0.description,
        wg1_0.name 
    from
        users u1_0 
    left join
        coaches c1_0 
            on c1_0.id=u1_0.coach_id 
    left join
        nutrition_plans np1_0 
            on np1_0.id=u1_0.nutrition_plan_id 
    left join
        user_profiles p1_0 
            on u1_0.id=p1_0.user_id 
    left join
        workout_groups wg1_0 
            on wg1_0.id=u1_0.workout_group_id 
    where
        u1_0.id=?
2026-05-17 08:33:47 [main] DEBUG org.hibernate.SQL - 
    delete 
    from
        users 
    where
        id=?
2026-05-17 08:33:47 [main] DEBUG org.hibernate.SQL - 
    insert 
    into
        users
        (coach_id, email, nutrition_plan_id, password, role, username, workout_group_id, id) 
    values
        (?, ?, ?, ?, ?, ?, ?, default)
2026-05-17 08:33:52 [http-nio-8080-exec-1] INFO  o.a.c.c.C.[Tomcat].[localhost].[/] - Initializing Spring DispatcherServlet 'dispatcherServlet'
2026-05-17 08:33:52 [http-nio-8080-exec-1] INFO  o.s.web.servlet.DispatcherServlet - Initializing Servlet 'dispatcherServlet'
2026-05-17 08:33:52 [http-nio-8080-exec-1] INFO  o.s.web.servlet.DispatcherServlet - Completed initialization in 1 ms
2026-05-17 08:33:57 [http-nio-8080-exec-4] DEBUG org.hibernate.SQL - 
    select
        u1_0.id,
        u1_0.coach_id,
        u1_0.email,
        u1_0.nutrition_plan_id,
        u1_0.password,
        u1_0.role,
        u1_0.username,
        u1_0.workout_group_id 
    from
        users u1_0
2026-05-17 08:33:57 [http-nio-8080-exec-4] DEBUG org.hibernate.SQL - 
    select
        up1_0.id,
        up1_0.age,
        up1_0.fitness_goal,
        up1_0.user_id,
        up1_0.weight_kg 
    from
        user_profiles up1_0 
    where
        up1_0.user_id=?
2026-05-17 08:33:57 [http-nio-8080-exec-4] DEBUG org.hibernate.SQL - 
    select
        up1_0.id,
        up1_0.age,
        up1_0.fitness_goal,
        up1_0.user_id,
        up1_0.weight_kg 
    from
        user_profiles up1_0 
    where
        up1_0.user_id=?
2026-05-17 08:33:57 [http-nio-8080-exec-4] DEBUG org.hibernate.SQL - 
    select
        up1_0.id,
        up1_0.age,
        up1_0.fitness_goal,
        up1_0.user_id,
        up1_0.weight_kg 
    from
        user_profiles up1_0 
    where
        up1_0.user_id=?
2026-05-17 08:33:57 [http-nio-8080-exec-4] DEBUG org.hibernate.SQL - 
    select
        up1_0.id,
        up1_0.age,
        up1_0.fitness_goal,
        up1_0.user_id,
        up1_0.weight_kg 
    from
        user_profiles up1_0 
    where
        up1_0.user_id=?
2026-05-17 08:33:57 [http-nio-8080-exec-4] DEBUG org.hibernate.SQL - 
    select
        up1_0.id,
        up1_0.age,
        up1_0.fitness_goal,
        up1_0.user_id,
        up1_0.weight_kg 
    from
        user_profiles up1_0 
    where
        up1_0.user_id=?
2026-05-17 08:33:57 [http-nio-8080-exec-4] DEBUG org.hibernate.SQL - 
    select
        up1_0.id,
        up1_0.age,
        up1_0.fitness_goal,
        up1_0.user_id,
        up1_0.weight_kg 
    from
        user_profiles up1_0 
    where
        up1_0.user_id=?
2026-05-17 08:33:57 [http-nio-8080-exec-4] DEBUG org.hibernate.SQL - 
    select
        up1_0.id,
        up1_0.age,
        up1_0.fitness_goal,
        up1_0.user_id,
        up1_0.weight_kg 
    from
        user_profiles up1_0 
    where
        up1_0.user_id=?
2026-05-17 08:33:57 [http-nio-8080-exec-4] DEBUG org.hibernate.SQL - 
    select
        up1_0.id,
        up1_0.age,
        up1_0.fitness_goal,
        up1_0.user_id,
        up1_0.weight_kg 
    from
        user_profiles up1_0 
    where
        up1_0.user_id=?
2026-05-17 08:33:57 [http-nio-8080-exec-4] DEBUG org.hibernate.SQL - 
    select
        up1_0.id,
        up1_0.age,
        up1_0.fitness_goal,
        up1_0.user_id,
        up1_0.weight_kg 
    from
        user_profiles up1_0 
    where
        up1_0.user_id=?
2026-05-17 08:33:58 [http-nio-8080-exec-6] DEBUG org.hibernate.SQL - 
    select
        u1_0.id,
        u1_0.coach_id,
        u1_0.email,
        u1_0.nutrition_plan_id,
        u1_0.password,
        u1_0.role,
        u1_0.username,
        u1_0.workout_group_id 
    from
        users u1_0 
    order by
        u1_0.username 
    offset
        ? rows 
    fetch
        first ? rows only
2026-05-17 08:33:58 [http-nio-8080-exec-6] DEBUG org.hibernate.SQL - 
    select
        up1_0.id,
        up1_0.age,
        up1_0.fitness_goal,
        up1_0.user_id,
        up1_0.weight_kg 
    from
        user_profiles up1_0 
    where
        up1_0.user_id=?
2026-05-17 08:33:58 [http-nio-8080-exec-6] DEBUG org.hibernate.SQL - 
    select
        up1_0.id,
        up1_0.age,
        up1_0.fitness_goal,
        up1_0.user_id,
        up1_0.weight_kg 
    from
        user_profiles up1_0 
    where
        up1_0.user_id=?
2026-05-17 08:33:58 [http-nio-8080-exec-6] DEBUG org.hibernate.SQL - 
    select
        up1_0.id,
        up1_0.age,
        up1_0.fitness_goal,
        up1_0.user_id,
        up1_0.weight_kg 
    from
        user_profiles up1_0 
    where
        up1_0.user_id=?
2026-05-17 08:33:58 [http-nio-8080-exec-6] DEBUG org.hibernate.SQL - 
    select
        up1_0.id,
        up1_0.age,
        up1_0.fitness_goal,
        up1_0.user_id,
        up1_0.weight_kg 
    from
        user_profiles up1_0 
    where
        up1_0.user_id=?
2026-05-17 08:33:58 [http-nio-8080-exec-6] DEBUG org.hibernate.SQL - 
    select
        up1_0.id,
        up1_0.age,
        up1_0.fitness_goal,
        up1_0.user_id,
        up1_0.weight_kg 
    from
        user_profiles up1_0 
    where
        up1_0.user_id=?
2026-05-17 08:33:58 [http-nio-8080-exec-6] DEBUG org.hibernate.SQL - 
    select
        count(u1_0.id) 
    from
        users u1_0
2026-05-17 08:33:59 [http-nio-8080-exec-7] DEBUG org.hibernate.SQL - 
    select
        u1_0.id,
        u1_0.coach_id,
        u1_0.email,
        u1_0.nutrition_plan_id,
        u1_0.password,
        u1_0.role,
        u1_0.username,
        u1_0.workout_group_id 
    from
        users u1_0 
    order by
        u1_0.username 
    offset
        ? rows 
    fetch
        first ? rows only
2026-05-17 08:33:59 [http-nio-8080-exec-7] DEBUG org.hibernate.SQL - 
    select
        up1_0.id,
        up1_0.age,
        up1_0.fitness_goal,
        up1_0.user_id,
        up1_0.weight_kg 
    from
        user_profiles up1_0 
    where
        up1_0.user_id=?
2026-05-17 08:33:59 [http-nio-8080-exec-7] DEBUG org.hibernate.SQL - 
    select
        up1_0.id,
        up1_0.age,
        up1_0.fitness_goal,
        up1_0.user_id,
        up1_0.weight_kg 
    from
        user_profiles up1_0 
    where
        up1_0.user_id=?
2026-05-17 08:33:59 [http-nio-8080-exec-7] DEBUG org.hibernate.SQL - 
    select
        up1_0.id,
        up1_0.age,
        up1_0.fitness_goal,
        up1_0.user_id,
        up1_0.weight_kg 
    from
        user_profiles up1_0 
    where
        up1_0.user_id=?
2026-05-17 08:33:59 [http-nio-8080-exec-7] DEBUG org.hibernate.SQL - 
    select
        up1_0.id,
        up1_0.age,
        up1_0.fitness_goal,
        up1_0.user_id,
        up1_0.weight_kg 
    from
        user_profiles up1_0 
    where
        up1_0.user_id=?
2026-05-17 08:34:00 [http-nio-8080-exec-8] DEBUG org.hibernate.SQL - 
    select
        u1_0.id,
        u1_0.coach_id,
        u1_0.email,
        u1_0.nutrition_plan_id,
        u1_0.password,
        u1_0.role,
        u1_0.username,
        u1_0.workout_group_id 
    from
        users u1_0 
    order by
        u1_0.username 
    offset
        ? rows 
    fetch
        first ? rows only
2026-05-17 08:34:00 [http-nio-8080-exec-8] DEBUG org.hibernate.SQL - 
    select
        up1_0.id,
        up1_0.age,
        up1_0.fitness_goal,
        up1_0.user_id,
        up1_0.weight_kg 
    from
        user_profiles up1_0 
    where
        up1_0.user_id=?
2026-05-17 08:34:00 [http-nio-8080-exec-8] DEBUG org.hibernate.SQL - 
    select
        up1_0.id,
        up1_0.age,
        up1_0.fitness_goal,
        up1_0.user_id,
        up1_0.weight_kg 
    from
        user_profiles up1_0 
    where
        up1_0.user_id=?
2026-05-17 08:34:00 [http-nio-8080-exec-8] DEBUG org.hibernate.SQL - 
    select
        up1_0.id,
        up1_0.age,
        up1_0.fitness_goal,
        up1_0.user_id,
        up1_0.weight_kg 
    from
        user_profiles up1_0 
    where
        up1_0.user_id=?
2026-05-17 08:34:00 [http-nio-8080-exec-8] DEBUG org.hibernate.SQL - 
    select
        up1_0.id,
        up1_0.age,
        up1_0.fitness_goal,
        up1_0.user_id,
        up1_0.weight_kg 
    from
        user_profiles up1_0 
    where
        up1_0.user_id=?
2026-05-17 08:34:00 [http-nio-8080-exec-8] DEBUG org.hibernate.SQL - 
    select
        up1_0.id,
        up1_0.age,
        up1_0.fitness_goal,
        up1_0.user_id,
        up1_0.weight_kg 
    from
        user_profiles up1_0 
    where
        up1_0.user_id=?
2026-05-17 08:34:00 [http-nio-8080-exec-8] DEBUG org.hibernate.SQL - 
    select
        count(u1_0.id) 
    from
        users u1_0
2026-05-17 08:34:01 [http-nio-8080-exec-10] DEBUG org.hibernate.SQL - 
    select
        up1_0.id,
        up1_0.age,
        up1_0.fitness_goal,
        up1_0.user_id,
        up1_0.weight_kg 
    from
        user_profiles up1_0 
    order by
        up1_0.id 
    offset
        ? rows 
    fetch
        first ? rows only
2026-05-17 08:34:01 [http-nio-8080-exec-10] DEBUG org.hibernate.SQL - 
    select
        u1_0.id,
        c1_0.id,
        c1_0.name,
        c1_0.specialization,
        u1_0.email,
        np1_0.id,
        np1_0.calories,
        np1_0.description,
        np1_0.name,
        u1_0.password,
        p1_0.id,
        p1_0.age,
        p1_0.fitness_goal,
        p1_0.user_id,
        p1_0.weight_kg,
        u1_0.role,
        u1_0.username,
        wg1_0.id,
        wg1_0.category,
        wg1_0.description,
        wg1_0.name 
    from
        users u1_0 
    left join
        coaches c1_0 
            on c1_0.id=u1_0.coach_id 
    left join
        nutrition_plans np1_0 
            on np1_0.id=u1_0.nutrition_plan_id 
    left join
        user_profiles p1_0 
            on u1_0.id=p1_0.user_id 
    left join
        workout_groups wg1_0 
            on wg1_0.id=u1_0.workout_group_id 
    where
        u1_0.id=?
2026-05-17 08:34:01 [http-nio-8080-exec-10] DEBUG org.hibernate.SQL - 
    select
        u1_0.id,
        c1_0.id,
        c1_0.name,
        c1_0.specialization,
        u1_0.email,
        np1_0.id,
        np1_0.calories,
        np1_0.description,
        np1_0.name,
        u1_0.password,
        p1_0.id,
        p1_0.age,
        p1_0.fitness_goal,
        p1_0.user_id,
        p1_0.weight_kg,
        u1_0.role,
        u1_0.username,
        wg1_0.id,
        wg1_0.category,
        wg1_0.description,
        wg1_0.name 
    from
        users u1_0 
    left join
        coaches c1_0 
            on c1_0.id=u1_0.coach_id 
    left join
        nutrition_plans np1_0 
            on np1_0.id=u1_0.nutrition_plan_id 
    left join
        user_profiles p1_0 
            on u1_0.id=p1_0.user_id 
    left join
        workout_groups wg1_0 
            on wg1_0.id=u1_0.workout_group_id 
    where
        u1_0.id=?
2026-05-17 08:34:02 [http-nio-8080-exec-1] DEBUG org.hibernate.SQL - 
    select
        c1_0.id,
        c1_0.name,
        c1_0.specialization 
    from
        coaches c1_0 
    order by
        c1_0.name 
    offset
        ? rows 
    fetch
        first ? rows only
2026-05-17 08:34:03 [http-nio-8080-exec-2] DEBUG org.hibernate.SQL - 
    select
        wg1_0.id,
        wg1_0.category,
        wg1_0.description,
        wg1_0.name 
    from
        workout_groups wg1_0 
    order by
        wg1_0.name 
    offset
        ? rows 
    fetch
        first ? rows only
2026-05-17 08:34:03 [http-nio-8080-exec-3] DEBUG org.hibernate.SQL - 
    select
        e1_0.id,
        e1_0.description,
        e1_0.duration,
        e1_0.muscle_group,
        e1_0.name,
        e1_0.reps,
        e1_0.sets 
    from
        exercises e1_0
2026-05-17 08:34:04 [http-nio-8080-exec-4] DEBUG org.hibernate.SQL - 
    select
        np1_0.id,
        np1_0.calories,
        np1_0.description,
        np1_0.name 
    from
        nutrition_plans np1_0 
    order by
        np1_0.name 
    offset
        ? rows 
    fetch
        first ? rows only
2026-05-17 08:34:06 [http-nio-8080-exec-5] DEBUG org.hibernate.SQL - 
    select
        u1_0.id,
        u1_0.coach_id,
        u1_0.email,
        u1_0.nutrition_plan_id,
        u1_0.password,
        u1_0.role,
        u1_0.username,
        u1_0.workout_group_id 
    from
        users u1_0 
    order by
        u1_0.username 
    offset
        ? rows 
    fetch
        first ? rows only
2026-05-17 08:34:06 [http-nio-8080-exec-5] DEBUG org.hibernate.SQL - 
    select
        up1_0.id,
        up1_0.age,
        up1_0.fitness_goal,
        up1_0.user_id,
        up1_0.weight_kg 
    from
        user_profiles up1_0 
    where
        up1_0.user_id=?
2026-05-17 08:34:06 [http-nio-8080-exec-5] DEBUG org.hibernate.SQL - 
    select
        up1_0.id,
        up1_0.age,
        up1_0.fitness_goal,
        up1_0.user_id,
        up1_0.weight_kg 
    from
        user_profiles up1_0 
    where
        up1_0.user_id=?
2026-05-17 08:34:06 [http-nio-8080-exec-5] DEBUG org.hibernate.SQL - 
    select
        up1_0.id,
        up1_0.age,
        up1_0.fitness_goal,
        up1_0.user_id,
        up1_0.weight_kg 
    from
        user_profiles up1_0 
    where
        up1_0.user_id=?
2026-05-17 08:34:06 [http-nio-8080-exec-5] DEBUG org.hibernate.SQL - 
    select
        up1_0.id,
        up1_0.age,
        up1_0.fitness_goal,
        up1_0.user_id,
        up1_0.weight_kg 
    from
        user_profiles up1_0 
    where
        up1_0.user_id=?
2026-05-17 08:34:06 [http-nio-8080-exec-5] DEBUG org.hibernate.SQL - 
    select
        up1_0.id,
        up1_0.age,
        up1_0.fitness_goal,
        up1_0.user_id,
        up1_0.weight_kg 
    from
        user_profiles up1_0 
    where
        up1_0.user_id=?
2026-05-17 08:34:06 [http-nio-8080-exec-5] DEBUG org.hibernate.SQL - 
    select
        count(u1_0.id) 
    from
        users u1_0
2026-05-17 08:35:07 [SpringApplicationShutdownHook] INFO  o.s.b.w.e.tomcat.GracefulShutdown - Commencing graceful shutdown. Waiting for active requests to complete
2026-05-17 08:35:07 [tomcat-shutdown] INFO  o.s.b.w.e.tomcat.GracefulShutdown - Graceful shutdown complete
2026-05-17 08:35:07 [SpringApplicationShutdownHook] INFO  o.s.o.j.LocalContainerEntityManagerFactoryBean - Closing JPA EntityManagerFactory for persistence unit 'default'
2026-05-17 08:35:07 [SpringApplicationShutdownHook] INFO  com.zaxxer.hikari.HikariDataSource - HikariPool-1 - Shutdown initiated...
2026-05-17 08:35:07 [SpringApplicationShutdownHook] INFO  com.zaxxer.hikari.HikariDataSource - HikariPool-1 - Shutdown completed.
2026-05-17 08:41:23 [main] INFO  com.fitness.opp.OppApplication - Starting OppApplication using Java 21.0.10 with PID 12828 (C:\Users\Dunduc George\Desktop\fitness\opp\target\classes started by Dunduc George in C:\Users\Dunduc George\Desktop\fitness)
2026-05-17 08:41:23 [main] DEBUG com.fitness.opp.OppApplication - Running with Spring Boot v3.4.1, Spring v6.2.1
2026-05-17 08:41:23 [main] INFO  com.fitness.opp.OppApplication - The following 1 profile is active: "dev"
2026-05-17 08:41:24 [main] INFO  o.s.d.r.c.RepositoryConfigurationDelegate - Bootstrapping Spring Data JPA repositories in DEFAULT mode.
2026-05-17 08:41:24 [main] INFO  o.s.d.r.c.RepositoryConfigurationDelegate - Finished Spring Data repository scanning in 100 ms. Found 6 JPA repository interfaces.
2026-05-17 08:41:25 [main] INFO  o.s.b.w.e.tomcat.TomcatWebServer - Tomcat initialized with port 8080 (http)
2026-05-17 08:41:25 [main] INFO  o.a.catalina.core.StandardService - Starting service [Tomcat]
2026-05-17 08:41:25 [main] INFO  o.a.catalina.core.StandardEngine - Starting Servlet engine: [Apache Tomcat/10.1.34]
2026-05-17 08:41:25 [main] INFO  o.a.c.c.C.[Tomcat].[localhost].[/] - Initializing Spring embedded WebApplicationContext
2026-05-17 08:41:25 [main] INFO  o.s.b.w.s.c.ServletWebServerApplicationContext - Root WebApplicationContext: initialization completed in 1771 ms
2026-05-17 08:41:25 [main] INFO  o.h.jpa.internal.util.LogHelper - HHH000204: Processing PersistenceUnitInfo [name: default]
2026-05-17 08:41:25 [main] INFO  org.hibernate.Version - HHH000412: Hibernate ORM core version 6.6.4.Final
2026-05-17 08:41:25 [main] INFO  o.h.c.i.RegionFactoryInitiator - HHH000026: Second-level cache disabled
2026-05-17 08:41:26 [main] INFO  o.s.o.j.p.SpringPersistenceUnitInfo - No LoadTimeWeaver setup: ignoring JPA class transformer
2026-05-17 08:41:26 [main] INFO  com.zaxxer.hikari.HikariDataSource - HikariPool-1 - Starting...
2026-05-17 08:41:26 [main] INFO  com.zaxxer.hikari.pool.HikariPool - HikariPool-1 - Added connection oracle.jdbc.driver.T4CConnection@7d4d65f5
2026-05-17 08:41:26 [main] INFO  com.zaxxer.hikari.HikariDataSource - HikariPool-1 - Start completed.
2026-05-17 08:41:26 [main] WARN  org.hibernate.orm.deprecation - HHH90000025: OracleDialect does not need to be specified explicitly using 'hibernate.dialect' (remove the property setting and it will be selected by default)
2026-05-17 08:41:26 [main] INFO  o.hibernate.orm.connections.pooling - HHH10001005: Database info:
	Database JDBC URL [Connecting through datasource 'HikariDataSource (HikariPool-1)']
	Database driver: undefined/unknown
	Database version: 21.3
	Autocommit mode: undefined/unknown
	Isolation level: undefined/unknown
	Minimum pool size: undefined/unknown
	Maximum pool size: undefined/unknown
2026-05-17 08:41:28 [main] INFO  o.h.e.t.j.p.i.JtaPlatformInitiator - HHH000489: No JTA platform available (set 'hibernate.transaction.jta.platform' to enable JTA platform integration)
2026-05-17 08:41:28 [main] INFO  o.s.o.j.LocalContainerEntityManagerFactoryBean - Initialized JPA EntityManagerFactory for persistence unit 'default'
2026-05-17 08:41:28 [main] WARN  o.s.b.a.o.j.JpaBaseConfiguration$JpaWebConfiguration - spring.jpa.open-in-view is enabled by default. Therefore, database queries may be performed during view rendering. Explicitly configure spring.jpa.open-in-view to disable this warning
2026-05-17 08:41:28 [main] INFO  o.s.s.c.a.a.c.InitializeAuthenticationProviderBeanManagerConfigurer$InitializeAuthenticationProviderManagerConfigurer - Global AuthenticationManager configured with AuthenticationProvider bean with name authenticationProvider
2026-05-17 08:41:28 [main] WARN  o.s.s.c.a.a.c.InitializeUserDetailsBeanManagerConfigurer$InitializeUserDetailsManagerConfigurer - Global AuthenticationManager configured with an AuthenticationProvider bean. UserDetailsService beans will not be used by Spring Security for automatically configuring username/password login. Consider removing the AuthenticationProvider bean. Alternatively, consider using the UserDetailsService in a manually instantiated DaoAuthenticationProvider. If the current configuration is intentional, to turn off this warning, increase the logging level of 'org.springframework.security.config.annotation.authentication.configuration.InitializeUserDetailsBeanManagerConfigurer' to ERROR
2026-05-17 08:41:29 [main] INFO  o.s.b.w.e.tomcat.TomcatWebServer - Tomcat started on port 8080 (http) with context path '/'
2026-05-17 08:41:29 [main] INFO  com.fitness.opp.OppApplication - Started OppApplication in 6.974 seconds (process running for 7.584)
2026-05-17 08:41:29 [main] DEBUG org.hibernate.SQL - 
    select
        u1_0.id,
        u1_0.coach_id,
        u1_0.email,
        u1_0.nutrition_plan_id,
        u1_0.password,
        u1_0.role,
        u1_0.username,
        u1_0.workout_group_id 
    from
        users u1_0 
    where
        u1_0.username=?
2026-05-17 08:41:29 [main] DEBUG org.hibernate.SQL - 
    select
        up1_0.id,
        up1_0.age,
        up1_0.fitness_goal,
        up1_0.user_id,
        up1_0.weight_kg 
    from
        user_profiles up1_0 
    where
        up1_0.user_id=?
2026-05-17 08:41:29 [main] DEBUG org.hibernate.SQL - 
    select
        u1_0.id,
        c1_0.id,
        c1_0.name,
        c1_0.specialization,
        u1_0.email,
        np1_0.id,
        np1_0.calories,
        np1_0.description,
        np1_0.name,
        u1_0.password,
        p1_0.id,
        p1_0.age,
        p1_0.fitness_goal,
        p1_0.user_id,
        p1_0.weight_kg,
        u1_0.role,
        u1_0.username,
        wg1_0.id,
        wg1_0.category,
        wg1_0.description,
        wg1_0.name 
    from
        users u1_0 
    left join
        coaches c1_0 
            on c1_0.id=u1_0.coach_id 
    left join
        nutrition_plans np1_0 
            on np1_0.id=u1_0.nutrition_plan_id 
    left join
        user_profiles p1_0 
            on u1_0.id=p1_0.user_id 
    left join
        workout_groups wg1_0 
            on wg1_0.id=u1_0.workout_group_id 
    where
        u1_0.id=?
2026-05-17 08:41:29 [main] DEBUG org.hibernate.SQL - 
    delete 
    from
        users 
    where
        id=?
2026-05-17 08:41:30 [main] DEBUG org.hibernate.SQL - 
    insert 
    into
        users
        (coach_id, email, nutrition_plan_id, password, role, username, workout_group_id, id) 
    values
        (?, ?, ?, ?, ?, ?, ?, default)
2026-05-17 08:42:30 [SpringApplicationShutdownHook] INFO  o.s.b.w.e.tomcat.GracefulShutdown - Commencing graceful shutdown. Waiting for active requests to complete
2026-05-17 08:42:30 [tomcat-shutdown] INFO  o.s.b.w.e.tomcat.GracefulShutdown - Graceful shutdown complete
2026-05-17 08:42:30 [SpringApplicationShutdownHook] INFO  o.s.o.j.LocalContainerEntityManagerFactoryBean - Closing JPA EntityManagerFactory for persistence unit 'default'
2026-05-17 08:42:30 [SpringApplicationShutdownHook] INFO  com.zaxxer.hikari.HikariDataSource - HikariPool-1 - Shutdown initiated...
2026-05-17 08:42:30 [SpringApplicationShutdownHook] INFO  com.zaxxer.hikari.HikariDataSource - HikariPool-1 - Shutdown completed.
2026-05-17 08:44:12 [main] INFO  com.fitness.opp.OppApplication - Starting OppApplication using Java 21.0.10 with PID 10572 (C:\Users\Dunduc George\Desktop\fitness\opp\target\classes started by Dunduc George in C:\Users\Dunduc George\Desktop\fitness)
2026-05-17 08:44:12 [main] DEBUG com.fitness.opp.OppApplication - Running with Spring Boot v3.4.1, Spring v6.2.1
2026-05-17 08:44:12 [main] INFO  com.fitness.opp.OppApplication - The following 1 profile is active: "dev"
2026-05-17 08:44:13 [main] INFO  o.s.d.r.c.RepositoryConfigurationDelegate - Bootstrapping Spring Data JPA repositories in DEFAULT mode.
2026-05-17 08:44:13 [main] INFO  o.s.d.r.c.RepositoryConfigurationDelegate - Finished Spring Data repository scanning in 75 ms. Found 6 JPA repository interfaces.
2026-05-17 08:44:14 [main] INFO  o.s.b.w.e.tomcat.TomcatWebServer - Tomcat initialized with port 8080 (http)
2026-05-17 08:44:14 [main] INFO  o.a.catalina.core.StandardService - Starting service [Tomcat]
2026-05-17 08:44:14 [main] INFO  o.a.catalina.core.StandardEngine - Starting Servlet engine: [Apache Tomcat/10.1.34]
2026-05-17 08:44:14 [main] INFO  o.a.c.c.C.[Tomcat].[localhost].[/] - Initializing Spring embedded WebApplicationContext
2026-05-17 08:44:14 [main] INFO  o.s.b.w.s.c.ServletWebServerApplicationContext - Root WebApplicationContext: initialization completed in 1583 ms
2026-05-17 08:44:14 [main] INFO  o.h.jpa.internal.util.LogHelper - HHH000204: Processing PersistenceUnitInfo [name: default]
2026-05-17 08:44:14 [main] INFO  org.hibernate.Version - HHH000412: Hibernate ORM core version 6.6.4.Final
2026-05-17 08:44:14 [main] INFO  o.h.c.i.RegionFactoryInitiator - HHH000026: Second-level cache disabled
2026-05-17 08:44:15 [main] INFO  o.s.o.j.p.SpringPersistenceUnitInfo - No LoadTimeWeaver setup: ignoring JPA class transformer
2026-05-17 08:44:15 [main] INFO  com.zaxxer.hikari.HikariDataSource - HikariPool-1 - Starting...
2026-05-17 08:44:15 [main] INFO  com.zaxxer.hikari.pool.HikariPool - HikariPool-1 - Added connection oracle.jdbc.driver.T4CConnection@312f3050
2026-05-17 08:44:15 [main] INFO  com.zaxxer.hikari.HikariDataSource - HikariPool-1 - Start completed.
2026-05-17 08:44:15 [main] WARN  org.hibernate.orm.deprecation - HHH90000025: OracleDialect does not need to be specified explicitly using 'hibernate.dialect' (remove the property setting and it will be selected by default)
2026-05-17 08:44:16 [main] INFO  o.hibernate.orm.connections.pooling - HHH10001005: Database info:
	Database JDBC URL [Connecting through datasource 'HikariDataSource (HikariPool-1)']
	Database driver: undefined/unknown
	Database version: 21.3
	Autocommit mode: undefined/unknown
	Isolation level: undefined/unknown
	Minimum pool size: undefined/unknown
	Maximum pool size: undefined/unknown
2026-05-17 08:44:17 [main] INFO  o.h.e.t.j.p.i.JtaPlatformInitiator - HHH000489: No JTA platform available (set 'hibernate.transaction.jta.platform' to enable JTA platform integration)
2026-05-17 08:44:17 [main] INFO  o.s.o.j.LocalContainerEntityManagerFactoryBean - Initialized JPA EntityManagerFactory for persistence unit 'default'
2026-05-17 08:44:18 [main] WARN  o.s.b.a.o.j.JpaBaseConfiguration$JpaWebConfiguration - spring.jpa.open-in-view is enabled by default. Therefore, database queries may be performed during view rendering. Explicitly configure spring.jpa.open-in-view to disable this warning
2026-05-17 08:44:18 [main] INFO  o.s.s.c.a.a.c.InitializeAuthenticationProviderBeanManagerConfigurer$InitializeAuthenticationProviderManagerConfigurer - Global AuthenticationManager configured with AuthenticationProvider bean with name authenticationProvider
2026-05-17 08:44:18 [main] WARN  o.s.s.c.a.a.c.InitializeUserDetailsBeanManagerConfigurer$InitializeUserDetailsManagerConfigurer - Global AuthenticationManager configured with an AuthenticationProvider bean. UserDetailsService beans will not be used by Spring Security for automatically configuring username/password login. Consider removing the AuthenticationProvider bean. Alternatively, consider using the UserDetailsService in a manually instantiated DaoAuthenticationProvider. If the current configuration is intentional, to turn off this warning, increase the logging level of 'org.springframework.security.config.annotation.authentication.configuration.InitializeUserDetailsBeanManagerConfigurer' to ERROR
2026-05-17 08:44:18 [main] INFO  o.s.b.w.e.tomcat.TomcatWebServer - Tomcat started on port 8080 (http) with context path '/'
2026-05-17 08:44:18 [main] INFO  com.fitness.opp.OppApplication - Started OppApplication in 6.23 seconds (process running for 6.683)
2026-05-17 08:44:18 [main] DEBUG org.hibernate.SQL - 
    select
        u1_0.id,
        u1_0.coach_id,
        u1_0.email,
        u1_0.nutrition_plan_id,
        u1_0.password,
        u1_0.role,
        u1_0.username,
        u1_0.workout_group_id 
    from
        users u1_0 
    where
        u1_0.username=?
2026-05-17 08:44:18 [main] DEBUG org.hibernate.SQL - 
    select
        up1_0.id,
        up1_0.age,
        up1_0.fitness_goal,
        up1_0.user_id,
        up1_0.weight_kg 
    from
        user_profiles up1_0 
    where
        up1_0.user_id=?
2026-05-17 08:44:18 [main] DEBUG org.hibernate.SQL - 
    select
        u1_0.id,
        c1_0.id,
        c1_0.name,
        c1_0.specialization,
        u1_0.email,
        np1_0.id,
        np1_0.calories,
        np1_0.description,
        np1_0.name,
        u1_0.password,
        p1_0.id,
        p1_0.age,
        p1_0.fitness_goal,
        p1_0.user_id,
        p1_0.weight_kg,
        u1_0.role,
        u1_0.username,
        wg1_0.id,
        wg1_0.category,
        wg1_0.description,
        wg1_0.name 
    from
        users u1_0 
    left join
        coaches c1_0 
            on c1_0.id=u1_0.coach_id 
    left join
        nutrition_plans np1_0 
            on np1_0.id=u1_0.nutrition_plan_id 
    left join
        user_profiles p1_0 
            on u1_0.id=p1_0.user_id 
    left join
        workout_groups wg1_0 
            on wg1_0.id=u1_0.workout_group_id 
    where
        u1_0.id=?
2026-05-17 08:44:18 [main] DEBUG org.hibernate.SQL - 
    delete 
    from
        users 
    where
        id=?
2026-05-17 08:44:18 [main] DEBUG org.hibernate.SQL - 
    insert 
    into
        users
        (coach_id, email, nutrition_plan_id, password, role, username, workout_group_id, id) 
    values
        (?, ?, ?, ?, ?, ?, ?, default)
2026-05-17 08:44:23 [http-nio-8080-exec-1] INFO  o.a.c.c.C.[Tomcat].[localhost].[/] - Initializing Spring DispatcherServlet 'dispatcherServlet'
2026-05-17 08:44:23 [http-nio-8080-exec-1] INFO  o.s.web.servlet.DispatcherServlet - Initializing Servlet 'dispatcherServlet'
2026-05-17 08:44:23 [http-nio-8080-exec-1] INFO  o.s.web.servlet.DispatcherServlet - Completed initialization in 1 ms
2026-05-17 08:44:27 [http-nio-8080-exec-4] DEBUG org.hibernate.SQL - 
    select
        u1_0.id,
        u1_0.coach_id,
        u1_0.email,
        u1_0.nutrition_plan_id,
        u1_0.password,
        u1_0.role,
        u1_0.username,
        u1_0.workout_group_id 
    from
        users u1_0
2026-05-17 08:44:27 [http-nio-8080-exec-4] DEBUG org.hibernate.SQL - 
    select
        up1_0.id,
        up1_0.age,
        up1_0.fitness_goal,
        up1_0.user_id,
        up1_0.weight_kg 
    from
        user_profiles up1_0 
    where
        up1_0.user_id=?
2026-05-17 08:44:27 [http-nio-8080-exec-4] DEBUG org.hibernate.SQL - 
    select
        up1_0.id,
        up1_0.age,
        up1_0.fitness_goal,
        up1_0.user_id,
        up1_0.weight_kg 
    from
        user_profiles up1_0 
    where
        up1_0.user_id=?
2026-05-17 08:44:27 [http-nio-8080-exec-4] DEBUG org.hibernate.SQL - 
    select
        up1_0.id,
        up1_0.age,
        up1_0.fitness_goal,
        up1_0.user_id,
        up1_0.weight_kg 
    from
        user_profiles up1_0 
    where
        up1_0.user_id=?
2026-05-17 08:44:27 [http-nio-8080-exec-4] DEBUG org.hibernate.SQL - 
    select
        up1_0.id,
        up1_0.age,
        up1_0.fitness_goal,
        up1_0.user_id,
        up1_0.weight_kg 
    from
        user_profiles up1_0 
    where
        up1_0.user_id=?
2026-05-17 08:44:27 [http-nio-8080-exec-4] DEBUG org.hibernate.SQL - 
    select
        up1_0.id,
        up1_0.age,
        up1_0.fitness_goal,
        up1_0.user_id,
        up1_0.weight_kg 
    from
        user_profiles up1_0 
    where
        up1_0.user_id=?
2026-05-17 08:44:27 [http-nio-8080-exec-4] DEBUG org.hibernate.SQL - 
    select
        up1_0.id,
        up1_0.age,
        up1_0.fitness_goal,
        up1_0.user_id,
        up1_0.weight_kg 
    from
        user_profiles up1_0 
    where
        up1_0.user_id=?
2026-05-17 08:44:27 [http-nio-8080-exec-4] DEBUG org.hibernate.SQL - 
    select
        up1_0.id,
        up1_0.age,
        up1_0.fitness_goal,
        up1_0.user_id,
        up1_0.weight_kg 
    from
        user_profiles up1_0 
    where
        up1_0.user_id=?
2026-05-17 08:44:27 [http-nio-8080-exec-4] DEBUG org.hibernate.SQL - 
    select
        up1_0.id,
        up1_0.age,
        up1_0.fitness_goal,
        up1_0.user_id,
        up1_0.weight_kg 
    from
        user_profiles up1_0 
    where
        up1_0.user_id=?
2026-05-17 08:44:27 [http-nio-8080-exec-4] DEBUG org.hibernate.SQL - 
    select
        up1_0.id,
        up1_0.age,
        up1_0.fitness_goal,
        up1_0.user_id,
        up1_0.weight_kg 
    from
        user_profiles up1_0 
    where
        up1_0.user_id=?
2026-05-17 08:44:27 [http-nio-8080-exec-5] DEBUG org.hibernate.SQL - 
    select
        u1_0.id,
        u1_0.coach_id,
        u1_0.email,
        u1_0.nutrition_plan_id,
        u1_0.password,
        u1_0.role,
        u1_0.username,
        u1_0.workout_group_id 
    from
        users u1_0 
    order by
        u1_0.username 
    offset
        ? rows 
    fetch
        first ? rows only
2026-05-17 08:44:27 [http-nio-8080-exec-5] DEBUG org.hibernate.SQL - 
    select
        up1_0.id,
        up1_0.age,
        up1_0.fitness_goal,
        up1_0.user_id,
        up1_0.weight_kg 
    from
        user_profiles up1_0 
    where
        up1_0.user_id=?
2026-05-17 08:44:27 [http-nio-8080-exec-5] DEBUG org.hibernate.SQL - 
    select
        up1_0.id,
        up1_0.age,
        up1_0.fitness_goal,
        up1_0.user_id,
        up1_0.weight_kg 
    from
        user_profiles up1_0 
    where
        up1_0.user_id=?
2026-05-17 08:44:27 [http-nio-8080-exec-5] DEBUG org.hibernate.SQL - 
    select
        up1_0.id,
        up1_0.age,
        up1_0.fitness_goal,
        up1_0.user_id,
        up1_0.weight_kg 
    from
        user_profiles up1_0 
    where
        up1_0.user_id=?
2026-05-17 08:44:27 [http-nio-8080-exec-5] DEBUG org.hibernate.SQL - 
    select
        up1_0.id,
        up1_0.age,
        up1_0.fitness_goal,
        up1_0.user_id,
        up1_0.weight_kg 
    from
        user_profiles up1_0 
    where
        up1_0.user_id=?
2026-05-17 08:44:27 [http-nio-8080-exec-5] DEBUG org.hibernate.SQL - 
    select
        up1_0.id,
        up1_0.age,
        up1_0.fitness_goal,
        up1_0.user_id,
        up1_0.weight_kg 
    from
        user_profiles up1_0 
    where
        up1_0.user_id=?
2026-05-17 08:44:27 [http-nio-8080-exec-5] DEBUG org.hibernate.SQL - 
    select
        count(u1_0.id) 
    from
        users u1_0
2026-05-17 08:44:44 [http-nio-8080-exec-7] DEBUG org.hibernate.SQL - 
    select
        u1_0.id,
        c1_0.id,
        c1_0.name,
        c1_0.specialization,
        u1_0.email,
        np1_0.id,
        np1_0.calories,
        np1_0.description,
        np1_0.name,
        u1_0.password,
        p1_0.id,
        p1_0.age,
        p1_0.fitness_goal,
        p1_0.user_id,
        p1_0.weight_kg,
        u1_0.role,
        u1_0.username,
        wg1_0.id,
        wg1_0.category,
        wg1_0.description,
        wg1_0.name 
    from
        users u1_0 
    left join
        coaches c1_0 
            on c1_0.id=u1_0.coach_id 
    left join
        nutrition_plans np1_0 
            on np1_0.id=u1_0.nutrition_plan_id 
    left join
        user_profiles p1_0 
            on u1_0.id=p1_0.user_id 
    left join
        workout_groups wg1_0 
            on wg1_0.id=u1_0.workout_group_id 
    where
        u1_0.id=?
2026-05-17 08:44:44 [http-nio-8080-exec-7] DEBUG org.hibernate.SQL - 
    delete 
    from
        user_profiles 
    where
        id=?
2026-05-17 08:44:44 [http-nio-8080-exec-8] DEBUG org.hibernate.SQL - 
    select
        u1_0.id,
        u1_0.coach_id,
        u1_0.email,
        u1_0.nutrition_plan_id,
        u1_0.password,
        u1_0.role,
        u1_0.username,
        u1_0.workout_group_id 
    from
        users u1_0 
    order by
        u1_0.username 
    offset
        ? rows 
    fetch
        first ? rows only
2026-05-17 08:44:44 [http-nio-8080-exec-8] DEBUG org.hibernate.SQL - 
    select
        up1_0.id,
        up1_0.age,
        up1_0.fitness_goal,
        up1_0.user_id,
        up1_0.weight_kg 
    from
        user_profiles up1_0 
    where
        up1_0.user_id=?
2026-05-17 08:44:44 [http-nio-8080-exec-8] DEBUG org.hibernate.SQL - 
    select
        up1_0.id,
        up1_0.age,
        up1_0.fitness_goal,
        up1_0.user_id,
        up1_0.weight_kg 
    from
        user_profiles up1_0 
    where
        up1_0.user_id=?
2026-05-17 08:44:44 [http-nio-8080-exec-8] DEBUG org.hibernate.SQL - 
    select
        up1_0.id,
        up1_0.age,
        up1_0.fitness_goal,
        up1_0.user_id,
        up1_0.weight_kg 
    from
        user_profiles up1_0 
    where
        up1_0.user_id=?
2026-05-17 08:44:44 [http-nio-8080-exec-8] DEBUG org.hibernate.SQL - 
    select
        up1_0.id,
        up1_0.age,
        up1_0.fitness_goal,
        up1_0.user_id,
        up1_0.weight_kg 
    from
        user_profiles up1_0 
    where
        up1_0.user_id=?
2026-05-17 08:44:44 [http-nio-8080-exec-8] DEBUG org.hibernate.SQL - 
    select
        up1_0.id,
        up1_0.age,
        up1_0.fitness_goal,
        up1_0.user_id,
        up1_0.weight_kg 
    from
        user_profiles up1_0 
    where
        up1_0.user_id=?
2026-05-17 08:44:44 [http-nio-8080-exec-8] DEBUG org.hibernate.SQL - 
    select
        count(u1_0.id) 
    from
        users u1_0
2026-05-17 08:45:04 [http-nio-8080-exec-9] DEBUG org.hibernate.SQL - 
    insert 
    into
        users
        (coach_id, email, nutrition_plan_id, password, role, username, workout_group_id, id) 
    values
        (?, ?, ?, ?, ?, ?, ?, default)
2026-05-17 08:45:04 [http-nio-8080-exec-10] DEBUG org.hibernate.SQL - 
    select
        u1_0.id,
        u1_0.coach_id,
        u1_0.email,
        u1_0.nutrition_plan_id,
        u1_0.password,
        u1_0.role,
        u1_0.username,
        u1_0.workout_group_id 
    from
        users u1_0 
    order by
        u1_0.username 
    offset
        ? rows 
    fetch
        first ? rows only
2026-05-17 08:45:04 [http-nio-8080-exec-10] DEBUG org.hibernate.SQL - 
    select
        up1_0.id,
        up1_0.age,
        up1_0.fitness_goal,
        up1_0.user_id,
        up1_0.weight_kg 
    from
        user_profiles up1_0 
    where
        up1_0.user_id=?
2026-05-17 08:45:04 [http-nio-8080-exec-10] DEBUG org.hibernate.SQL - 
    select
        up1_0.id,
        up1_0.age,
        up1_0.fitness_goal,
        up1_0.user_id,
        up1_0.weight_kg 
    from
        user_profiles up1_0 
    where
        up1_0.user_id=?
2026-05-17 08:45:04 [http-nio-8080-exec-10] DEBUG org.hibernate.SQL - 
    select
        up1_0.id,
        up1_0.age,
        up1_0.fitness_goal,
        up1_0.user_id,
        up1_0.weight_kg 
    from
        user_profiles up1_0 
    where
        up1_0.user_id=?
2026-05-17 08:45:04 [http-nio-8080-exec-10] DEBUG org.hibernate.SQL - 
    select
        up1_0.id,
        up1_0.age,
        up1_0.fitness_goal,
        up1_0.user_id,
        up1_0.weight_kg 
    from
        user_profiles up1_0 
    where
        up1_0.user_id=?
2026-05-17 08:45:04 [http-nio-8080-exec-10] DEBUG org.hibernate.SQL - 
    select
        up1_0.id,
        up1_0.age,
        up1_0.fitness_goal,
        up1_0.user_id,
        up1_0.weight_kg 
    from
        user_profiles up1_0 
    where
        up1_0.user_id=?
2026-05-17 08:45:04 [http-nio-8080-exec-10] DEBUG org.hibernate.SQL - 
    select
        count(u1_0.id) 
    from
        users u1_0
2026-05-17 08:45:20 [http-nio-8080-exec-2] DEBUG org.hibernate.SQL - 
    insert 
    into
        users
        (coach_id, email, nutrition_plan_id, password, role, username, workout_group_id, id) 
    values
        (?, ?, ?, ?, ?, ?, ?, default)
2026-05-17 08:45:20 [http-nio-8080-exec-3] DEBUG org.hibernate.SQL - 
    select
        u1_0.id,
        u1_0.coach_id,
        u1_0.email,
        u1_0.nutrition_plan_id,
        u1_0.password,
        u1_0.role,
        u1_0.username,
        u1_0.workout_group_id 
    from
        users u1_0 
    order by
        u1_0.username 
    offset
        ? rows 
    fetch
        first ? rows only
2026-05-17 08:45:20 [http-nio-8080-exec-3] DEBUG org.hibernate.SQL - 
    select
        up1_0.id,
        up1_0.age,
        up1_0.fitness_goal,
        up1_0.user_id,
        up1_0.weight_kg 
    from
        user_profiles up1_0 
    where
        up1_0.user_id=?
2026-05-17 08:45:20 [http-nio-8080-exec-3] DEBUG org.hibernate.SQL - 
    select
        up1_0.id,
        up1_0.age,
        up1_0.fitness_goal,
        up1_0.user_id,
        up1_0.weight_kg 
    from
        user_profiles up1_0 
    where
        up1_0.user_id=?
2026-05-17 08:45:20 [http-nio-8080-exec-3] DEBUG org.hibernate.SQL - 
    select
        up1_0.id,
        up1_0.age,
        up1_0.fitness_goal,
        up1_0.user_id,
        up1_0.weight_kg 
    from
        user_profiles up1_0 
    where
        up1_0.user_id=?
2026-05-17 08:45:20 [http-nio-8080-exec-3] DEBUG org.hibernate.SQL - 
    select
        up1_0.id,
        up1_0.age,
        up1_0.fitness_goal,
        up1_0.user_id,
        up1_0.weight_kg 
    from
        user_profiles up1_0 
    where
        up1_0.user_id=?
2026-05-17 08:45:20 [http-nio-8080-exec-3] DEBUG org.hibernate.SQL - 
    select
        up1_0.id,
        up1_0.age,
        up1_0.fitness_goal,
        up1_0.user_id,
        up1_0.weight_kg 
    from
        user_profiles up1_0 
    where
        up1_0.user_id=?
2026-05-17 08:45:20 [http-nio-8080-exec-3] DEBUG org.hibernate.SQL - 
    select
        count(u1_0.id) 
    from
        users u1_0
2026-05-17 08:45:25 [http-nio-8080-exec-5] DEBUG org.hibernate.SQL - 
    select
        up1_0.id,
        up1_0.age,
        up1_0.fitness_goal,
        up1_0.user_id,
        up1_0.weight_kg 
    from
        user_profiles up1_0 
    order by
        up1_0.id 
    offset
        ? rows 
    fetch
        first ? rows only
2026-05-17 08:45:25 [http-nio-8080-exec-5] DEBUG org.hibernate.SQL - 
    select
        u1_0.id,
        c1_0.id,
        c1_0.name,
        c1_0.specialization,
        u1_0.email,
        np1_0.id,
        np1_0.calories,
        np1_0.description,
        np1_0.name,
        u1_0.password,
        p1_0.id,
        p1_0.age,
        p1_0.fitness_goal,
        p1_0.user_id,
        p1_0.weight_kg,
        u1_0.role,
        u1_0.username,
        wg1_0.id,
        wg1_0.category,
        wg1_0.description,
        wg1_0.name 
    from
        users u1_0 
    left join
        coaches c1_0 
            on c1_0.id=u1_0.coach_id 
    left join
        nutrition_plans np1_0 
            on np1_0.id=u1_0.nutrition_plan_id 
    left join
        user_profiles p1_0 
            on u1_0.id=p1_0.user_id 
    left join
        workout_groups wg1_0 
            on wg1_0.id=u1_0.workout_group_id 
    where
        u1_0.id=?
2026-05-17 08:45:26 [http-nio-8080-exec-7] DEBUG org.hibernate.SQL - 
    select
        c1_0.id,
        c1_0.name,
        c1_0.specialization 
    from
        coaches c1_0 
    order by
        c1_0.name 
    offset
        ? rows 
    fetch
        first ? rows only
2026-05-17 08:45:27 [http-nio-8080-exec-8] DEBUG org.hibernate.SQL - 
    select
        wg1_0.id,
        wg1_0.category,
        wg1_0.description,
        wg1_0.name 
    from
        workout_groups wg1_0 
    order by
        wg1_0.name 
    offset
        ? rows 
    fetch
        first ? rows only
2026-05-17 08:45:28 [http-nio-8080-exec-10] DEBUG org.hibernate.SQL - 
    select
        e1_0.id,
        e1_0.description,
        e1_0.duration,
        e1_0.muscle_group,
        e1_0.name,
        e1_0.reps,
        e1_0.sets 
    from
        exercises e1_0
2026-05-17 08:45:29 [http-nio-8080-exec-1] DEBUG org.hibernate.SQL - 
    select
        np1_0.id,
        np1_0.calories,
        np1_0.description,
        np1_0.name 
    from
        nutrition_plans np1_0 
    order by
        np1_0.name 
    offset
        ? rows 
    fetch
        first ? rows only
2026-05-17 08:45:31 [http-nio-8080-exec-2] DEBUG org.hibernate.SQL - 
    select
        u1_0.id,
        u1_0.coach_id,
        u1_0.email,
        u1_0.nutrition_plan_id,
        u1_0.password,
        u1_0.role,
        u1_0.username,
        u1_0.workout_group_id 
    from
        users u1_0 
    order by
        u1_0.username 
    offset
        ? rows 
    fetch
        first ? rows only
2026-05-17 08:45:31 [http-nio-8080-exec-2] DEBUG org.hibernate.SQL - 
    select
        up1_0.id,
        up1_0.age,
        up1_0.fitness_goal,
        up1_0.user_id,
        up1_0.weight_kg 
    from
        user_profiles up1_0 
    where
        up1_0.user_id=?
2026-05-17 08:45:31 [http-nio-8080-exec-2] DEBUG org.hibernate.SQL - 
    select
        up1_0.id,
        up1_0.age,
        up1_0.fitness_goal,
        up1_0.user_id,
        up1_0.weight_kg 
    from
        user_profiles up1_0 
    where
        up1_0.user_id=?
2026-05-17 08:45:31 [http-nio-8080-exec-2] DEBUG org.hibernate.SQL - 
    select
        up1_0.id,
        up1_0.age,
        up1_0.fitness_goal,
        up1_0.user_id,
        up1_0.weight_kg 
    from
        user_profiles up1_0 
    where
        up1_0.user_id=?
2026-05-17 08:45:31 [http-nio-8080-exec-2] DEBUG org.hibernate.SQL - 
    select
        up1_0.id,
        up1_0.age,
        up1_0.fitness_goal,
        up1_0.user_id,
        up1_0.weight_kg 
    from
        user_profiles up1_0 
    where
        up1_0.user_id=?
2026-05-17 08:45:31 [http-nio-8080-exec-2] DEBUG org.hibernate.SQL - 
    select
        up1_0.id,
        up1_0.age,
        up1_0.fitness_goal,
        up1_0.user_id,
        up1_0.weight_kg 
    from
        user_profiles up1_0 
    where
        up1_0.user_id=?
2026-05-17 08:45:31 [http-nio-8080-exec-2] DEBUG org.hibernate.SQL - 
    select
        count(u1_0.id) 
    from
        users u1_0
2026-05-17 08:46:41 [SpringApplicationShutdownHook] INFO  o.s.b.w.e.tomcat.GracefulShutdown - Commencing graceful shutdown. Waiting for active requests to complete
2026-05-17 08:46:41 [tomcat-shutdown] INFO  o.s.b.w.e.tomcat.GracefulShutdown - Graceful shutdown complete
2026-05-17 08:46:41 [SpringApplicationShutdownHook] INFO  o.s.o.j.LocalContainerEntityManagerFactoryBean - Closing JPA EntityManagerFactory for persistence unit 'default'
2026-05-17 08:46:41 [SpringApplicationShutdownHook] INFO  com.zaxxer.hikari.HikariDataSource - HikariPool-1 - Shutdown initiated...
2026-05-17 08:46:41 [SpringApplicationShutdownHook] INFO  com.zaxxer.hikari.HikariDataSource - HikariPool-1 - Shutdown completed.
2026-05-17 08:47:25 [main] INFO  com.fitness.opp.OppApplication - Starting OppApplication using Java 21.0.10 with PID 3292 (C:\Users\Dunduc George\Desktop\fitness\opp\target\classes started by Dunduc George in C:\Users\Dunduc George\Desktop\fitness)
2026-05-17 08:47:25 [main] DEBUG com.fitness.opp.OppApplication - Running with Spring Boot v3.4.1, Spring v6.2.1
2026-05-17 08:47:25 [main] INFO  com.fitness.opp.OppApplication - The following 1 profile is active: "dev"
2026-05-17 08:47:26 [main] INFO  o.s.d.r.c.RepositoryConfigurationDelegate - Bootstrapping Spring Data JPA repositories in DEFAULT mode.
2026-05-17 08:47:26 [main] INFO  o.s.d.r.c.RepositoryConfigurationDelegate - Finished Spring Data repository scanning in 79 ms. Found 6 JPA repository interfaces.
2026-05-17 08:47:26 [main] INFO  o.s.b.w.e.tomcat.TomcatWebServer - Tomcat initialized with port 8080 (http)
2026-05-17 08:47:26 [main] INFO  o.a.catalina.core.StandardService - Starting service [Tomcat]
2026-05-17 08:47:26 [main] INFO  o.a.catalina.core.StandardEngine - Starting Servlet engine: [Apache Tomcat/10.1.34]
2026-05-17 08:47:26 [main] INFO  o.a.c.c.C.[Tomcat].[localhost].[/] - Initializing Spring embedded WebApplicationContext
2026-05-17 08:47:26 [main] INFO  o.s.b.w.s.c.ServletWebServerApplicationContext - Root WebApplicationContext: initialization completed in 1398 ms
2026-05-17 08:47:26 [main] INFO  o.h.jpa.internal.util.LogHelper - HHH000204: Processing PersistenceUnitInfo [name: default]
2026-05-17 08:47:27 [main] INFO  org.hibernate.Version - HHH000412: Hibernate ORM core version 6.6.4.Final
2026-05-17 08:47:27 [main] INFO  o.h.c.i.RegionFactoryInitiator - HHH000026: Second-level cache disabled
2026-05-17 08:47:27 [main] INFO  o.s.o.j.p.SpringPersistenceUnitInfo - No LoadTimeWeaver setup: ignoring JPA class transformer
2026-05-17 08:47:27 [main] INFO  com.zaxxer.hikari.HikariDataSource - HikariPool-1 - Starting...
2026-05-17 08:47:27 [main] INFO  com.zaxxer.hikari.pool.HikariPool - HikariPool-1 - Added connection oracle.jdbc.driver.T4CConnection@5aa7cfdf
2026-05-17 08:47:27 [main] INFO  com.zaxxer.hikari.HikariDataSource - HikariPool-1 - Start completed.
2026-05-17 08:47:27 [main] WARN  org.hibernate.orm.deprecation - HHH90000025: OracleDialect does not need to be specified explicitly using 'hibernate.dialect' (remove the property setting and it will be selected by default)
2026-05-17 08:47:28 [main] INFO  o.hibernate.orm.connections.pooling - HHH10001005: Database info:
	Database JDBC URL [Connecting through datasource 'HikariDataSource (HikariPool-1)']
	Database driver: undefined/unknown
	Database version: 21.3
	Autocommit mode: undefined/unknown
	Isolation level: undefined/unknown
	Minimum pool size: undefined/unknown
	Maximum pool size: undefined/unknown
2026-05-17 08:47:29 [main] INFO  o.h.e.t.j.p.i.JtaPlatformInitiator - HHH000489: No JTA platform available (set 'hibernate.transaction.jta.platform' to enable JTA platform integration)
2026-05-17 08:47:29 [main] INFO  o.s.o.j.LocalContainerEntityManagerFactoryBean - Initialized JPA EntityManagerFactory for persistence unit 'default'
2026-05-17 08:47:30 [main] WARN  o.s.b.a.o.j.JpaBaseConfiguration$JpaWebConfiguration - spring.jpa.open-in-view is enabled by default. Therefore, database queries may be performed during view rendering. Explicitly configure spring.jpa.open-in-view to disable this warning
2026-05-17 08:47:30 [main] INFO  o.s.s.c.a.a.c.InitializeAuthenticationProviderBeanManagerConfigurer$InitializeAuthenticationProviderManagerConfigurer - Global AuthenticationManager configured with AuthenticationProvider bean with name authenticationProvider
2026-05-17 08:47:30 [main] WARN  o.s.s.c.a.a.c.InitializeUserDetailsBeanManagerConfigurer$InitializeUserDetailsManagerConfigurer - Global AuthenticationManager configured with an AuthenticationProvider bean. UserDetailsService beans will not be used by Spring Security for automatically configuring username/password login. Consider removing the AuthenticationProvider bean. Alternatively, consider using the UserDetailsService in a manually instantiated DaoAuthenticationProvider. If the current configuration is intentional, to turn off this warning, increase the logging level of 'org.springframework.security.config.annotation.authentication.configuration.InitializeUserDetailsBeanManagerConfigurer' to ERROR
2026-05-17 08:47:30 [main] INFO  o.s.b.w.e.tomcat.TomcatWebServer - Tomcat started on port 8080 (http) with context path '/'
2026-05-17 08:47:30 [main] INFO  com.fitness.opp.OppApplication - Started OppApplication in 5.968 seconds (process running for 6.447)
2026-05-17 08:47:30 [main] DEBUG org.hibernate.SQL - 
    select
        u1_0.id,
        u1_0.coach_id,
        u1_0.email,
        u1_0.nutrition_plan_id,
        u1_0.password,
        u1_0.role,
        u1_0.username,
        u1_0.workout_group_id 
    from
        users u1_0 
    where
        u1_0.username=?
2026-05-17 08:47:30 [main] DEBUG org.hibernate.SQL - 
    select
        up1_0.id,
        up1_0.age,
        up1_0.fitness_goal,
        up1_0.user_id,
        up1_0.weight_kg 
    from
        user_profiles up1_0 
    where
        up1_0.user_id=?
2026-05-17 08:47:30 [main] DEBUG org.hibernate.SQL - 
    select
        u1_0.id,
        c1_0.id,
        c1_0.name,
        c1_0.specialization,
        u1_0.email,
        np1_0.id,
        np1_0.calories,
        np1_0.description,
        np1_0.name,
        u1_0.password,
        p1_0.id,
        p1_0.age,
        p1_0.fitness_goal,
        p1_0.user_id,
        p1_0.weight_kg,
        u1_0.role,
        u1_0.username,
        wg1_0.id,
        wg1_0.category,
        wg1_0.description,
        wg1_0.name 
    from
        users u1_0 
    left join
        coaches c1_0 
            on c1_0.id=u1_0.coach_id 
    left join
        nutrition_plans np1_0 
            on np1_0.id=u1_0.nutrition_plan_id 
    left join
        user_profiles p1_0 
            on u1_0.id=p1_0.user_id 
    left join
        workout_groups wg1_0 
            on wg1_0.id=u1_0.workout_group_id 
    where
        u1_0.id=?
2026-05-17 08:47:30 [main] DEBUG org.hibernate.SQL - 
    delete 
    from
        users 
    where
        id=?
2026-05-17 08:47:30 [main] DEBUG org.hibernate.SQL - 
    insert 
    into
        users
        (coach_id, email, nutrition_plan_id, password, role, username, workout_group_id, id) 
    values
        (?, ?, ?, ?, ?, ?, ?, default)
2026-05-17 08:47:34 [http-nio-8080-exec-1] INFO  o.a.c.c.C.[Tomcat].[localhost].[/] - Initializing Spring DispatcherServlet 'dispatcherServlet'
2026-05-17 08:47:34 [http-nio-8080-exec-1] INFO  o.s.web.servlet.DispatcherServlet - Initializing Servlet 'dispatcherServlet'
2026-05-17 08:47:34 [http-nio-8080-exec-1] INFO  o.s.web.servlet.DispatcherServlet - Completed initialization in 1 ms
2026-05-17 08:47:38 [http-nio-8080-exec-4] DEBUG org.hibernate.SQL - 
    select
        u1_0.id,
        u1_0.coach_id,
        u1_0.email,
        u1_0.nutrition_plan_id,
        u1_0.password,
        u1_0.role,
        u1_0.username,
        u1_0.workout_group_id 
    from
        users u1_0
2026-05-17 08:47:38 [http-nio-8080-exec-4] DEBUG org.hibernate.SQL - 
    select
        up1_0.id,
        up1_0.age,
        up1_0.fitness_goal,
        up1_0.user_id,
        up1_0.weight_kg 
    from
        user_profiles up1_0 
    where
        up1_0.user_id=?
2026-05-17 08:47:38 [http-nio-8080-exec-4] DEBUG org.hibernate.SQL - 
    select
        up1_0.id,
        up1_0.age,
        up1_0.fitness_goal,
        up1_0.user_id,
        up1_0.weight_kg 
    from
        user_profiles up1_0 
    where
        up1_0.user_id=?
2026-05-17 08:47:38 [http-nio-8080-exec-4] DEBUG org.hibernate.SQL - 
    select
        up1_0.id,
        up1_0.age,
        up1_0.fitness_goal,
        up1_0.user_id,
        up1_0.weight_kg 
    from
        user_profiles up1_0 
    where
        up1_0.user_id=?
2026-05-17 08:47:38 [http-nio-8080-exec-4] DEBUG org.hibernate.SQL - 
    select
        up1_0.id,
        up1_0.age,
        up1_0.fitness_goal,
        up1_0.user_id,
        up1_0.weight_kg 
    from
        user_profiles up1_0 
    where
        up1_0.user_id=?
2026-05-17 08:47:38 [http-nio-8080-exec-4] DEBUG org.hibernate.SQL - 
    select
        up1_0.id,
        up1_0.age,
        up1_0.fitness_goal,
        up1_0.user_id,
        up1_0.weight_kg 
    from
        user_profiles up1_0 
    where
        up1_0.user_id=?
2026-05-17 08:47:38 [http-nio-8080-exec-4] DEBUG org.hibernate.SQL - 
    select
        up1_0.id,
        up1_0.age,
        up1_0.fitness_goal,
        up1_0.user_id,
        up1_0.weight_kg 
    from
        user_profiles up1_0 
    where
        up1_0.user_id=?
2026-05-17 08:47:38 [http-nio-8080-exec-4] DEBUG org.hibernate.SQL - 
    select
        up1_0.id,
        up1_0.age,
        up1_0.fitness_goal,
        up1_0.user_id,
        up1_0.weight_kg 
    from
        user_profiles up1_0 
    where
        up1_0.user_id=?
2026-05-17 08:47:38 [http-nio-8080-exec-4] DEBUG org.hibernate.SQL - 
    select
        up1_0.id,
        up1_0.age,
        up1_0.fitness_goal,
        up1_0.user_id,
        up1_0.weight_kg 
    from
        user_profiles up1_0 
    where
        up1_0.user_id=?
2026-05-17 08:47:38 [http-nio-8080-exec-4] DEBUG org.hibernate.SQL - 
    select
        up1_0.id,
        up1_0.age,
        up1_0.fitness_goal,
        up1_0.user_id,
        up1_0.weight_kg 
    from
        user_profiles up1_0 
    where
        up1_0.user_id=?
2026-05-17 08:47:38 [http-nio-8080-exec-4] DEBUG org.hibernate.SQL - 
    select
        up1_0.id,
        up1_0.age,
        up1_0.fitness_goal,
        up1_0.user_id,
        up1_0.weight_kg 
    from
        user_profiles up1_0 
    where
        up1_0.user_id=?
2026-05-17 08:47:38 [http-nio-8080-exec-4] DEBUG org.hibernate.SQL - 
    select
        up1_0.id,
        up1_0.age,
        up1_0.fitness_goal,
        up1_0.user_id,
        up1_0.weight_kg 
    from
        user_profiles up1_0 
    where
        up1_0.user_id=?
2026-05-17 08:47:38 [http-nio-8080-exec-5] DEBUG org.hibernate.SQL - 
    select
        u1_0.id,
        u1_0.coach_id,
        u1_0.email,
        u1_0.nutrition_plan_id,
        u1_0.password,
        u1_0.role,
        u1_0.username,
        u1_0.workout_group_id 
    from
        users u1_0 
    order by
        u1_0.username 
    offset
        ? rows 
    fetch
        first ? rows only
2026-05-17 08:47:38 [http-nio-8080-exec-5] DEBUG org.hibernate.SQL - 
    select
        up1_0.id,
        up1_0.age,
        up1_0.fitness_goal,
        up1_0.user_id,
        up1_0.weight_kg 
    from
        user_profiles up1_0 
    where
        up1_0.user_id=?
2026-05-17 08:47:38 [http-nio-8080-exec-5] DEBUG org.hibernate.SQL - 
    select
        up1_0.id,
        up1_0.age,
        up1_0.fitness_goal,
        up1_0.user_id,
        up1_0.weight_kg 
    from
        user_profiles up1_0 
    where
        up1_0.user_id=?
2026-05-17 08:47:38 [http-nio-8080-exec-5] DEBUG org.hibernate.SQL - 
    select
        up1_0.id,
        up1_0.age,
        up1_0.fitness_goal,
        up1_0.user_id,
        up1_0.weight_kg 
    from
        user_profiles up1_0 
    where
        up1_0.user_id=?
2026-05-17 08:47:38 [http-nio-8080-exec-5] DEBUG org.hibernate.SQL - 
    select
        up1_0.id,
        up1_0.age,
        up1_0.fitness_goal,
        up1_0.user_id,
        up1_0.weight_kg 
    from
        user_profiles up1_0 
    where
        up1_0.user_id=?
2026-05-17 08:47:38 [http-nio-8080-exec-5] DEBUG org.hibernate.SQL - 
    select
        up1_0.id,
        up1_0.age,
        up1_0.fitness_goal,
        up1_0.user_id,
        up1_0.weight_kg 
    from
        user_profiles up1_0 
    where
        up1_0.user_id=?
2026-05-17 08:47:38 [http-nio-8080-exec-5] DEBUG org.hibernate.SQL - 
    select
        count(u1_0.id) 
    from
        users u1_0
2026-05-17 08:47:38 [http-nio-8080-exec-5] DEBUG org.hibernate.SQL - 
    select
        c1_0.id,
        c1_0.name,
        c1_0.specialization 
    from
        coaches c1_0
2026-05-17 08:47:48 [http-nio-8080-exec-7] DEBUG org.hibernate.SQL - 
    select
        u1_0.id,
        c1_0.id,
        c1_0.name,
        c1_0.specialization,
        u1_0.email,
        np1_0.id,
        np1_0.calories,
        np1_0.description,
        np1_0.name,
        u1_0.password,
        p1_0.id,
        p1_0.age,
        p1_0.fitness_goal,
        p1_0.user_id,
        p1_0.weight_kg,
        u1_0.role,
        u1_0.username,
        wg1_0.id,
        wg1_0.category,
        wg1_0.description,
        wg1_0.name 
    from
        users u1_0 
    left join
        coaches c1_0 
            on c1_0.id=u1_0.coach_id 
    left join
        nutrition_plans np1_0 
            on np1_0.id=u1_0.nutrition_plan_id 
    left join
        user_profiles p1_0 
            on u1_0.id=p1_0.user_id 
    left join
        workout_groups wg1_0 
            on wg1_0.id=u1_0.workout_group_id 
    where
        u1_0.id=?
2026-05-17 08:47:48 [http-nio-8080-exec-7] DEBUG org.hibernate.SQL - 
    select
        c1_0.id,
        c1_0.name,
        c1_0.specialization 
    from
        coaches c1_0 
    where
        c1_0.id=?
2026-05-17 08:47:48 [http-nio-8080-exec-7] DEBUG org.hibernate.SQL - 
    update
        users 
    set
        coach_id=?,
        email=?,
        nutrition_plan_id=?,
        password=?,
        role=?,
        username=?,
        workout_group_id=? 
    where
        id=?
2026-05-17 08:47:48 [http-nio-8080-exec-9] DEBUG org.hibernate.SQL - 
    select
        u1_0.id,
        u1_0.coach_id,
        u1_0.email,
        u1_0.nutrition_plan_id,
        u1_0.password,
        u1_0.role,
        u1_0.username,
        u1_0.workout_group_id 
    from
        users u1_0 
    order by
        u1_0.username 
    offset
        ? rows 
    fetch
        first ? rows only
2026-05-17 08:47:48 [http-nio-8080-exec-9] DEBUG org.hibernate.SQL - 
    select
        up1_0.id,
        up1_0.age,
        up1_0.fitness_goal,
        up1_0.user_id,
        up1_0.weight_kg 
    from
        user_profiles up1_0 
    where
        up1_0.user_id=?
2026-05-17 08:47:48 [http-nio-8080-exec-9] DEBUG org.hibernate.SQL - 
    select
        up1_0.id,
        up1_0.age,
        up1_0.fitness_goal,
        up1_0.user_id,
        up1_0.weight_kg 
    from
        user_profiles up1_0 
    where
        up1_0.user_id=?
2026-05-17 08:47:48 [http-nio-8080-exec-9] DEBUG org.hibernate.SQL - 
    select
        up1_0.id,
        up1_0.age,
        up1_0.fitness_goal,
        up1_0.user_id,
        up1_0.weight_kg 
    from
        user_profiles up1_0 
    where
        up1_0.user_id=?
2026-05-17 08:47:48 [http-nio-8080-exec-9] DEBUG org.hibernate.SQL - 
    select
        up1_0.id,
        up1_0.age,
        up1_0.fitness_goal,
        up1_0.user_id,
        up1_0.weight_kg 
    from
        user_profiles up1_0 
    where
        up1_0.user_id=?
2026-05-17 08:47:48 [http-nio-8080-exec-9] DEBUG org.hibernate.SQL - 
    select
        c1_0.id,
        c1_0.name,
        c1_0.specialization 
    from
        coaches c1_0 
    where
        c1_0.id=?
2026-05-17 08:47:48 [http-nio-8080-exec-9] DEBUG org.hibernate.SQL - 
    select
        up1_0.id,
        up1_0.age,
        up1_0.fitness_goal,
        up1_0.user_id,
        up1_0.weight_kg 
    from
        user_profiles up1_0 
    where
        up1_0.user_id=?
2026-05-17 08:47:48 [http-nio-8080-exec-9] DEBUG org.hibernate.SQL - 
    select
        count(u1_0.id) 
    from
        users u1_0
2026-05-17 08:47:48 [http-nio-8080-exec-9] DEBUG org.hibernate.SQL - 
    select
        c1_0.id,
        c1_0.name,
        c1_0.specialization 
    from
        coaches c1_0
2026-05-17 08:47:59 [http-nio-8080-exec-8] DEBUG org.hibernate.SQL - 
    select
        u1_0.id,
        u1_0.coach_id,
        u1_0.email,
        u1_0.nutrition_plan_id,
        u1_0.password,
        u1_0.role,
        u1_0.username,
        u1_0.workout_group_id 
    from
        users u1_0 
    order by
        u1_0.username 
    offset
        ? rows 
    fetch
        first ? rows only
2026-05-17 08:47:59 [http-nio-8080-exec-8] DEBUG org.hibernate.SQL - 
    select
        up1_0.id,
        up1_0.age,
        up1_0.fitness_goal,
        up1_0.user_id,
        up1_0.weight_kg 
    from
        user_profiles up1_0 
    where
        up1_0.user_id=?
2026-05-17 08:47:59 [http-nio-8080-exec-8] DEBUG org.hibernate.SQL - 
    select
        up1_0.id,
        up1_0.age,
        up1_0.fitness_goal,
        up1_0.user_id,
        up1_0.weight_kg 
    from
        user_profiles up1_0 
    where
        up1_0.user_id=?
2026-05-17 08:47:59 [http-nio-8080-exec-8] DEBUG org.hibernate.SQL - 
    select
        up1_0.id,
        up1_0.age,
        up1_0.fitness_goal,
        up1_0.user_id,
        up1_0.weight_kg 
    from
        user_profiles up1_0 
    where
        up1_0.user_id=?
2026-05-17 08:47:59 [http-nio-8080-exec-8] DEBUG org.hibernate.SQL - 
    select
        up1_0.id,
        up1_0.age,
        up1_0.fitness_goal,
        up1_0.user_id,
        up1_0.weight_kg 
    from
        user_profiles up1_0 
    where
        up1_0.user_id=?
2026-05-17 08:47:59 [http-nio-8080-exec-8] DEBUG org.hibernate.SQL - 
    select
        up1_0.id,
        up1_0.age,
        up1_0.fitness_goal,
        up1_0.user_id,
        up1_0.weight_kg 
    from
        user_profiles up1_0 
    where
        up1_0.user_id=?
2026-05-17 08:47:59 [http-nio-8080-exec-8] DEBUG org.hibernate.SQL - 
    select
        count(u1_0.id) 
    from
        users u1_0
2026-05-17 08:47:59 [http-nio-8080-exec-8] DEBUG org.hibernate.SQL - 
    select
        c1_0.id,
        c1_0.name,
        c1_0.specialization 
    from
        coaches c1_0
2026-05-17 08:48:03 [http-nio-8080-exec-1] DEBUG org.hibernate.SQL - 
    select
        u1_0.id,
        u1_0.coach_id,
        u1_0.email,
        u1_0.nutrition_plan_id,
        u1_0.password,
        u1_0.role,
        u1_0.username,
        u1_0.workout_group_id 
    from
        users u1_0 
    order by
        u1_0.username 
    offset
        ? rows 
    fetch
        first ? rows only
2026-05-17 08:48:03 [http-nio-8080-exec-1] DEBUG org.hibernate.SQL - 
    select
        up1_0.id,
        up1_0.age,
        up1_0.fitness_goal,
        up1_0.user_id,
        up1_0.weight_kg 
    from
        user_profiles up1_0 
    where
        up1_0.user_id=?
2026-05-17 08:48:03 [http-nio-8080-exec-1] DEBUG org.hibernate.SQL - 
    select
        c1_0.id,
        c1_0.name,
        c1_0.specialization 
    from
        coaches c1_0
2026-05-17 08:48:04 [http-nio-8080-exec-3] DEBUG org.hibernate.SQL - 
    select
        u1_0.id,
        u1_0.coach_id,
        u1_0.email,
        u1_0.nutrition_plan_id,
        u1_0.password,
        u1_0.role,
        u1_0.username,
        u1_0.workout_group_id 
    from
        users u1_0 
    order by
        u1_0.username 
    offset
        ? rows 
    fetch
        first ? rows only
2026-05-17 08:48:04 [http-nio-8080-exec-3] DEBUG org.hibernate.SQL - 
    select
        up1_0.id,
        up1_0.age,
        up1_0.fitness_goal,
        up1_0.user_id,
        up1_0.weight_kg 
    from
        user_profiles up1_0 
    where
        up1_0.user_id=?
2026-05-17 08:48:04 [http-nio-8080-exec-3] DEBUG org.hibernate.SQL - 
    select
        up1_0.id,
        up1_0.age,
        up1_0.fitness_goal,
        up1_0.user_id,
        up1_0.weight_kg 
    from
        user_profiles up1_0 
    where
        up1_0.user_id=?
2026-05-17 08:48:04 [http-nio-8080-exec-3] DEBUG org.hibernate.SQL - 
    select
        up1_0.id,
        up1_0.age,
        up1_0.fitness_goal,
        up1_0.user_id,
        up1_0.weight_kg 
    from
        user_profiles up1_0 
    where
        up1_0.user_id=?
2026-05-17 08:48:04 [http-nio-8080-exec-3] DEBUG org.hibernate.SQL - 
    select
        up1_0.id,
        up1_0.age,
        up1_0.fitness_goal,
        up1_0.user_id,
        up1_0.weight_kg 
    from
        user_profiles up1_0 
    where
        up1_0.user_id=?
2026-05-17 08:48:04 [http-nio-8080-exec-3] DEBUG org.hibernate.SQL - 
    select
        c1_0.id,
        c1_0.name,
        c1_0.specialization 
    from
        coaches c1_0 
    where
        c1_0.id=?
2026-05-17 08:48:04 [http-nio-8080-exec-3] DEBUG org.hibernate.SQL - 
    select
        up1_0.id,
        up1_0.age,
        up1_0.fitness_goal,
        up1_0.user_id,
        up1_0.weight_kg 
    from
        user_profiles up1_0 
    where
        up1_0.user_id=?
2026-05-17 08:48:04 [http-nio-8080-exec-3] DEBUG org.hibernate.SQL - 
    select
        count(u1_0.id) 
    from
        users u1_0
2026-05-17 08:48:04 [http-nio-8080-exec-3] DEBUG org.hibernate.SQL - 
    select
        c1_0.id,
        c1_0.name,
        c1_0.specialization 
    from
        coaches c1_0
2026-05-17 08:48:14 [http-nio-8080-exec-5] DEBUG org.hibernate.SQL - 
    select
        u1_0.id,
        u1_0.coach_id,
        u1_0.email,
        u1_0.nutrition_plan_id,
        u1_0.password,
        u1_0.role,
        u1_0.username,
        u1_0.workout_group_id 
    from
        users u1_0 
    order by
        u1_0.username 
    offset
        ? rows 
    fetch
        first ? rows only
2026-05-17 08:48:14 [http-nio-8080-exec-5] DEBUG org.hibernate.SQL - 
    select
        up1_0.id,
        up1_0.age,
        up1_0.fitness_goal,
        up1_0.user_id,
        up1_0.weight_kg 
    from
        user_profiles up1_0 
    where
        up1_0.user_id=?
2026-05-17 08:48:14 [http-nio-8080-exec-5] DEBUG org.hibernate.SQL - 
    select
        up1_0.id,
        up1_0.age,
        up1_0.fitness_goal,
        up1_0.user_id,
        up1_0.weight_kg 
    from
        user_profiles up1_0 
    where
        up1_0.user_id=?
2026-05-17 08:48:14 [http-nio-8080-exec-5] DEBUG org.hibernate.SQL - 
    select
        up1_0.id,
        up1_0.age,
        up1_0.fitness_goal,
        up1_0.user_id,
        up1_0.weight_kg 
    from
        user_profiles up1_0 
    where
        up1_0.user_id=?
2026-05-17 08:48:14 [http-nio-8080-exec-5] DEBUG org.hibernate.SQL - 
    select
        up1_0.id,
        up1_0.age,
        up1_0.fitness_goal,
        up1_0.user_id,
        up1_0.weight_kg 
    from
        user_profiles up1_0 
    where
        up1_0.user_id=?
2026-05-17 08:48:14 [http-nio-8080-exec-5] DEBUG org.hibernate.SQL - 
    select
        up1_0.id,
        up1_0.age,
        up1_0.fitness_goal,
        up1_0.user_id,
        up1_0.weight_kg 
    from
        user_profiles up1_0 
    where
        up1_0.user_id=?
2026-05-17 08:48:14 [http-nio-8080-exec-5] DEBUG org.hibernate.SQL - 
    select
        count(u1_0.id) 
    from
        users u1_0
2026-05-17 08:48:14 [http-nio-8080-exec-5] DEBUG org.hibernate.SQL - 
    select
        c1_0.id,
        c1_0.name,
        c1_0.specialization 
    from
        coaches c1_0
2026-05-17 08:48:14 [http-nio-8080-exec-6] DEBUG org.hibernate.SQL - 
    select
        u1_0.id,
        u1_0.coach_id,
        u1_0.email,
        u1_0.nutrition_plan_id,
        u1_0.password,
        u1_0.role,
        u1_0.username,
        u1_0.workout_group_id 
    from
        users u1_0 
    order by
        u1_0.username 
    offset
        ? rows 
    fetch
        first ? rows only
2026-05-17 08:48:14 [http-nio-8080-exec-6] DEBUG org.hibernate.SQL - 
    select
        up1_0.id,
        up1_0.age,
        up1_0.fitness_goal,
        up1_0.user_id,
        up1_0.weight_kg 
    from
        user_profiles up1_0 
    where
        up1_0.user_id=?
2026-05-17 08:48:14 [http-nio-8080-exec-6] DEBUG org.hibernate.SQL - 
    select
        c1_0.id,
        c1_0.name,
        c1_0.specialization 
    from
        coaches c1_0
2026-05-17 08:48:15 [http-nio-8080-exec-7] DEBUG org.hibernate.SQL - 
    select
        u1_0.id,
        u1_0.coach_id,
        u1_0.email,
        u1_0.nutrition_plan_id,
        u1_0.password,
        u1_0.role,
        u1_0.username,
        u1_0.workout_group_id 
    from
        users u1_0 
    order by
        u1_0.username 
    offset
        ? rows 
    fetch
        first ? rows only
2026-05-17 08:48:15 [http-nio-8080-exec-7] DEBUG org.hibernate.SQL - 
    select
        up1_0.id,
        up1_0.age,
        up1_0.fitness_goal,
        up1_0.user_id,
        up1_0.weight_kg 
    from
        user_profiles up1_0 
    where
        up1_0.user_id=?
2026-05-17 08:48:15 [http-nio-8080-exec-7] DEBUG org.hibernate.SQL - 
    select
        up1_0.id,
        up1_0.age,
        up1_0.fitness_goal,
        up1_0.user_id,
        up1_0.weight_kg 
    from
        user_profiles up1_0 
    where
        up1_0.user_id=?
2026-05-17 08:48:15 [http-nio-8080-exec-7] DEBUG org.hibernate.SQL - 
    select
        up1_0.id,
        up1_0.age,
        up1_0.fitness_goal,
        up1_0.user_id,
        up1_0.weight_kg 
    from
        user_profiles up1_0 
    where
        up1_0.user_id=?
2026-05-17 08:48:15 [http-nio-8080-exec-7] DEBUG org.hibernate.SQL - 
    select
        up1_0.id,
        up1_0.age,
        up1_0.fitness_goal,
        up1_0.user_id,
        up1_0.weight_kg 
    from
        user_profiles up1_0 
    where
        up1_0.user_id=?
2026-05-17 08:48:15 [http-nio-8080-exec-7] DEBUG org.hibernate.SQL - 
    select
        up1_0.id,
        up1_0.age,
        up1_0.fitness_goal,
        up1_0.user_id,
        up1_0.weight_kg 
    from
        user_profiles up1_0 
    where
        up1_0.user_id=?
2026-05-17 08:48:15 [http-nio-8080-exec-7] DEBUG org.hibernate.SQL - 
    select
        count(u1_0.id) 
    from
        users u1_0
2026-05-17 08:48:15 [http-nio-8080-exec-7] DEBUG org.hibernate.SQL - 
    select
        c1_0.id,
        c1_0.name,
        c1_0.specialization 
    from
        coaches c1_0
2026-05-17 08:48:16 [http-nio-8080-exec-8] DEBUG org.hibernate.SQL - 
    select
        u1_0.id,
        u1_0.coach_id,
        u1_0.email,
        u1_0.nutrition_plan_id,
        u1_0.password,
        u1_0.role,
        u1_0.username,
        u1_0.workout_group_id 
    from
        users u1_0 
    order by
        u1_0.username 
    offset
        ? rows 
    fetch
        first ? rows only
2026-05-17 08:48:16 [http-nio-8080-exec-8] DEBUG org.hibernate.SQL - 
    select
        up1_0.id,
        up1_0.age,
        up1_0.fitness_goal,
        up1_0.user_id,
        up1_0.weight_kg 
    from
        user_profiles up1_0 
    where
        up1_0.user_id=?
2026-05-17 08:48:16 [http-nio-8080-exec-8] DEBUG org.hibernate.SQL - 
    select
        up1_0.id,
        up1_0.age,
        up1_0.fitness_goal,
        up1_0.user_id,
        up1_0.weight_kg 
    from
        user_profiles up1_0 
    where
        up1_0.user_id=?
2026-05-17 08:48:16 [http-nio-8080-exec-8] DEBUG org.hibernate.SQL - 
    select
        up1_0.id,
        up1_0.age,
        up1_0.fitness_goal,
        up1_0.user_id,
        up1_0.weight_kg 
    from
        user_profiles up1_0 
    where
        up1_0.user_id=?
2026-05-17 08:48:16 [http-nio-8080-exec-8] DEBUG org.hibernate.SQL - 
    select
        up1_0.id,
        up1_0.age,
        up1_0.fitness_goal,
        up1_0.user_id,
        up1_0.weight_kg 
    from
        user_profiles up1_0 
    where
        up1_0.user_id=?
2026-05-17 08:48:16 [http-nio-8080-exec-8] DEBUG org.hibernate.SQL - 
    select
        c1_0.id,
        c1_0.name,
        c1_0.specialization 
    from
        coaches c1_0 
    where
        c1_0.id=?
2026-05-17 08:48:16 [http-nio-8080-exec-8] DEBUG org.hibernate.SQL - 
    select
        up1_0.id,
        up1_0.age,
        up1_0.fitness_goal,
        up1_0.user_id,
        up1_0.weight_kg 
    from
        user_profiles up1_0 
    where
        up1_0.user_id=?
2026-05-17 08:48:16 [http-nio-8080-exec-8] DEBUG org.hibernate.SQL - 
    select
        count(u1_0.id) 
    from
        users u1_0
2026-05-17 08:48:16 [http-nio-8080-exec-8] DEBUG org.hibernate.SQL - 
    select
        c1_0.id,
        c1_0.name,
        c1_0.specialization 
    from
        coaches c1_0
2026-05-17 08:48:30 [http-nio-8080-exec-10] DEBUG org.hibernate.SQL - 
    insert 
    into
        users
        (coach_id, email, nutrition_plan_id, password, role, username, workout_group_id, id) 
    values
        (?, ?, ?, ?, ?, ?, ?, default)
2026-05-17 08:48:30 [http-nio-8080-exec-1] DEBUG org.hibernate.SQL - 
    select
        u1_0.id,
        u1_0.coach_id,
        u1_0.email,
        u1_0.nutrition_plan_id,
        u1_0.password,
        u1_0.role,
        u1_0.username,
        u1_0.workout_group_id 
    from
        users u1_0 
    order by
        u1_0.username 
    offset
        ? rows 
    fetch
        first ? rows only
2026-05-17 08:48:30 [http-nio-8080-exec-1] DEBUG org.hibernate.SQL - 
    select
        up1_0.id,
        up1_0.age,
        up1_0.fitness_goal,
        up1_0.user_id,
        up1_0.weight_kg 
    from
        user_profiles up1_0 
    where
        up1_0.user_id=?
2026-05-17 08:48:30 [http-nio-8080-exec-1] DEBUG org.hibernate.SQL - 
    select
        up1_0.id,
        up1_0.age,
        up1_0.fitness_goal,
        up1_0.user_id,
        up1_0.weight_kg 
    from
        user_profiles up1_0 
    where
        up1_0.user_id=?
2026-05-17 08:48:30 [http-nio-8080-exec-1] DEBUG org.hibernate.SQL - 
    select
        up1_0.id,
        up1_0.age,
        up1_0.fitness_goal,
        up1_0.user_id,
        up1_0.weight_kg 
    from
        user_profiles up1_0 
    where
        up1_0.user_id=?
2026-05-17 08:48:30 [http-nio-8080-exec-1] DEBUG org.hibernate.SQL - 
    select
        up1_0.id,
        up1_0.age,
        up1_0.fitness_goal,
        up1_0.user_id,
        up1_0.weight_kg 
    from
        user_profiles up1_0 
    where
        up1_0.user_id=?
2026-05-17 08:48:30 [http-nio-8080-exec-1] DEBUG org.hibernate.SQL - 
    select
        up1_0.id,
        up1_0.age,
        up1_0.fitness_goal,
        up1_0.user_id,
        up1_0.weight_kg 
    from
        user_profiles up1_0 
    where
        up1_0.user_id=?
2026-05-17 08:48:30 [http-nio-8080-exec-1] DEBUG org.hibernate.SQL - 
    select
        count(u1_0.id) 
    from
        users u1_0
2026-05-17 08:48:30 [http-nio-8080-exec-1] DEBUG org.hibernate.SQL - 
    select
        c1_0.id,
        c1_0.name,
        c1_0.specialization 
    from
        coaches c1_0
2026-05-17 08:49:13 [http-nio-8080-exec-6] DEBUG org.hibernate.SQL - 
    select
        u1_0.id,
        u1_0.coach_id,
        u1_0.email,
        u1_0.nutrition_plan_id,
        u1_0.password,
        u1_0.role,
        u1_0.username,
        u1_0.workout_group_id 
    from
        users u1_0
2026-05-17 08:49:13 [http-nio-8080-exec-6] DEBUG org.hibernate.SQL - 
    select
        up1_0.id,
        up1_0.age,
        up1_0.fitness_goal,
        up1_0.user_id,
        up1_0.weight_kg 
    from
        user_profiles up1_0 
    where
        up1_0.user_id=?
2026-05-17 08:49:13 [http-nio-8080-exec-6] DEBUG org.hibernate.SQL - 
    select
        up1_0.id,
        up1_0.age,
        up1_0.fitness_goal,
        up1_0.user_id,
        up1_0.weight_kg 
    from
        user_profiles up1_0 
    where
        up1_0.user_id=?
2026-05-17 08:49:13 [http-nio-8080-exec-6] DEBUG org.hibernate.SQL - 
    select
        up1_0.id,
        up1_0.age,
        up1_0.fitness_goal,
        up1_0.user_id,
        up1_0.weight_kg 
    from
        user_profiles up1_0 
    where
        up1_0.user_id=?
2026-05-17 08:49:13 [http-nio-8080-exec-6] DEBUG org.hibernate.SQL - 
    select
        up1_0.id,
        up1_0.age,
        up1_0.fitness_goal,
        up1_0.user_id,
        up1_0.weight_kg 
    from
        user_profiles up1_0 
    where
        up1_0.user_id=?
2026-05-17 08:49:13 [http-nio-8080-exec-6] DEBUG org.hibernate.SQL - 
    select
        up1_0.id,
        up1_0.age,
        up1_0.fitness_goal,
        up1_0.user_id,
        up1_0.weight_kg 
    from
        user_profiles up1_0 
    where
        up1_0.user_id=?
2026-05-17 08:49:13 [http-nio-8080-exec-6] DEBUG org.hibernate.SQL - 
    select
        up1_0.id,
        up1_0.age,
        up1_0.fitness_goal,
        up1_0.user_id,
        up1_0.weight_kg 
    from
        user_profiles up1_0 
    where
        up1_0.user_id=?
2026-05-17 08:49:13 [http-nio-8080-exec-6] DEBUG org.hibernate.SQL - 
    select
        up1_0.id,
        up1_0.age,
        up1_0.fitness_goal,
        up1_0.user_id,
        up1_0.weight_kg 
    from
        user_profiles up1_0 
    where
        up1_0.user_id=?
2026-05-17 08:49:13 [http-nio-8080-exec-6] DEBUG org.hibernate.SQL - 
    select
        c1_0.id,
        c1_0.name,
        c1_0.specialization 
    from
        coaches c1_0 
    where
        c1_0.id=?
2026-05-17 08:49:13 [http-nio-8080-exec-6] DEBUG org.hibernate.SQL - 
    select
        up1_0.id,
        up1_0.age,
        up1_0.fitness_goal,
        up1_0.user_id,
        up1_0.weight_kg 
    from
        user_profiles up1_0 
    where
        up1_0.user_id=?
2026-05-17 08:49:13 [http-nio-8080-exec-6] DEBUG org.hibernate.SQL - 
    select
        up1_0.id,
        up1_0.age,
        up1_0.fitness_goal,
        up1_0.user_id,
        up1_0.weight_kg 
    from
        user_profiles up1_0 
    where
        up1_0.user_id=?
2026-05-17 08:49:13 [http-nio-8080-exec-6] DEBUG org.hibernate.SQL - 
    select
        up1_0.id,
        up1_0.age,
        up1_0.fitness_goal,
        up1_0.user_id,
        up1_0.weight_kg 
    from
        user_profiles up1_0 
    where
        up1_0.user_id=?
2026-05-17 08:49:13 [http-nio-8080-exec-6] DEBUG org.hibernate.SQL - 
    select
        up1_0.id,
        up1_0.age,
        up1_0.fitness_goal,
        up1_0.user_id,
        up1_0.weight_kg 
    from
        user_profiles up1_0 
    where
        up1_0.user_id=?
2026-05-17 08:49:13 [http-nio-8080-exec-6] DEBUG org.hibernate.SQL - 
    select
        up1_0.id,
        up1_0.age,
        up1_0.fitness_goal,
        up1_0.user_id,
        up1_0.weight_kg 
    from
        user_profiles up1_0 
    where
        up1_0.user_id=?
2026-05-17 08:49:14 [http-nio-8080-exec-7] DEBUG org.hibernate.SQL - 
    select
        u1_0.id,
        u1_0.coach_id,
        u1_0.email,
        u1_0.nutrition_plan_id,
        u1_0.password,
        u1_0.role,
        u1_0.username,
        u1_0.workout_group_id 
    from
        users u1_0 
    order by
        u1_0.username 
    offset
        ? rows 
    fetch
        first ? rows only
2026-05-17 08:49:14 [http-nio-8080-exec-7] DEBUG org.hibernate.SQL - 
    select
        up1_0.id,
        up1_0.age,
        up1_0.fitness_goal,
        up1_0.user_id,
        up1_0.weight_kg 
    from
        user_profiles up1_0 
    where
        up1_0.user_id=?
2026-05-17 08:49:14 [http-nio-8080-exec-7] DEBUG org.hibernate.SQL - 
    select
        up1_0.id,
        up1_0.age,
        up1_0.fitness_goal,
        up1_0.user_id,
        up1_0.weight_kg 
    from
        user_profiles up1_0 
    where
        up1_0.user_id=?
2026-05-17 08:49:14 [http-nio-8080-exec-7] DEBUG org.hibernate.SQL - 
    select
        up1_0.id,
        up1_0.age,
        up1_0.fitness_goal,
        up1_0.user_id,
        up1_0.weight_kg 
    from
        user_profiles up1_0 
    where
        up1_0.user_id=?
2026-05-17 08:49:14 [http-nio-8080-exec-7] DEBUG org.hibernate.SQL - 
    select
        up1_0.id,
        up1_0.age,
        up1_0.fitness_goal,
        up1_0.user_id,
        up1_0.weight_kg 
    from
        user_profiles up1_0 
    where
        up1_0.user_id=?
2026-05-17 08:49:14 [http-nio-8080-exec-7] DEBUG org.hibernate.SQL - 
    select
        up1_0.id,
        up1_0.age,
        up1_0.fitness_goal,
        up1_0.user_id,
        up1_0.weight_kg 
    from
        user_profiles up1_0 
    where
        up1_0.user_id=?
2026-05-17 08:49:14 [http-nio-8080-exec-7] DEBUG org.hibernate.SQL - 
    select
        count(u1_0.id) 
    from
        users u1_0
2026-05-17 08:49:14 [http-nio-8080-exec-7] DEBUG org.hibernate.SQL - 
    select
        c1_0.id,
        c1_0.name,
        c1_0.specialization 
    from
        coaches c1_0
2026-05-17 08:50:03 [http-nio-8080-exec-8] DEBUG org.hibernate.SQL - 
    select
        c1_0.id,
        c1_0.name,
        c1_0.specialization 
    from
        coaches c1_0 
    order by
        c1_0.name 
    offset
        ? rows 
    fetch
        first ? rows only
2026-05-17 08:50:14 [http-nio-8080-exec-3] DEBUG org.hibernate.SQL - 
    select
        c1_0.id,
        c1_0.name,
        c1_0.specialization 
    from
        coaches c1_0 
    order by
        c1_0.name 
    offset
        ? rows 
    fetch
        first ? rows only
2026-05-17 08:50:19 [http-nio-8080-exec-4] DEBUG org.hibernate.SQL - 
    select
        u1_0.id,
        u1_0.coach_id,
        u1_0.email,
        u1_0.nutrition_plan_id,
        u1_0.password,
        u1_0.role,
        u1_0.username,
        u1_0.workout_group_id 
    from
        users u1_0 
    order by
        u1_0.username 
    offset
        ? rows 
    fetch
        first ? rows only
2026-05-17 08:50:19 [http-nio-8080-exec-4] DEBUG org.hibernate.SQL - 
    select
        up1_0.id,
        up1_0.age,
        up1_0.fitness_goal,
        up1_0.user_id,
        up1_0.weight_kg 
    from
        user_profiles up1_0 
    where
        up1_0.user_id=?
2026-05-17 08:50:19 [http-nio-8080-exec-4] DEBUG org.hibernate.SQL - 
    select
        up1_0.id,
        up1_0.age,
        up1_0.fitness_goal,
        up1_0.user_id,
        up1_0.weight_kg 
    from
        user_profiles up1_0 
    where
        up1_0.user_id=?
2026-05-17 08:50:19 [http-nio-8080-exec-4] DEBUG org.hibernate.SQL - 
    select
        up1_0.id,
        up1_0.age,
        up1_0.fitness_goal,
        up1_0.user_id,
        up1_0.weight_kg 
    from
        user_profiles up1_0 
    where
        up1_0.user_id=?
2026-05-17 08:50:19 [http-nio-8080-exec-4] DEBUG org.hibernate.SQL - 
    select
        up1_0.id,
        up1_0.age,
        up1_0.fitness_goal,
        up1_0.user_id,
        up1_0.weight_kg 
    from
        user_profiles up1_0 
    where
        up1_0.user_id=?
2026-05-17 08:50:19 [http-nio-8080-exec-4] DEBUG org.hibernate.SQL - 
    select
        up1_0.id,
        up1_0.age,
        up1_0.fitness_goal,
        up1_0.user_id,
        up1_0.weight_kg 
    from
        user_profiles up1_0 
    where
        up1_0.user_id=?
2026-05-17 08:50:19 [http-nio-8080-exec-4] DEBUG org.hibernate.SQL - 
    select
        count(u1_0.id) 
    from
        users u1_0
2026-05-17 08:50:19 [http-nio-8080-exec-4] DEBUG org.hibernate.SQL - 
    select
        c1_0.id,
        c1_0.name,
        c1_0.specialization 
    from
        coaches c1_0
2026-05-17 08:50:20 [http-nio-8080-exec-6] DEBUG org.hibernate.SQL - 
    select
        u1_0.id,
        u1_0.coach_id,
        u1_0.email,
        u1_0.nutrition_plan_id,
        u1_0.password,
        u1_0.role,
        u1_0.username,
        u1_0.workout_group_id 
    from
        users u1_0 
    order by
        u1_0.username 
    offset
        ? rows 
    fetch
        first ? rows only
2026-05-17 08:50:20 [http-nio-8080-exec-6] DEBUG org.hibernate.SQL - 
    select
        c1_0.id,
        c1_0.name,
        c1_0.specialization 
    from
        coaches c1_0 
    where
        c1_0.id=?
2026-05-17 08:50:20 [http-nio-8080-exec-6] DEBUG org.hibernate.SQL - 
    select
        up1_0.id,
        up1_0.age,
        up1_0.fitness_goal,
        up1_0.user_id,
        up1_0.weight_kg 
    from
        user_profiles up1_0 
    where
        up1_0.user_id=?
2026-05-17 08:50:20 [http-nio-8080-exec-6] DEBUG org.hibernate.SQL - 
    select
        up1_0.id,
        up1_0.age,
        up1_0.fitness_goal,
        up1_0.user_id,
        up1_0.weight_kg 
    from
        user_profiles up1_0 
    where
        up1_0.user_id=?
2026-05-17 08:50:20 [http-nio-8080-exec-6] DEBUG org.hibernate.SQL - 
    select
        up1_0.id,
        up1_0.age,
        up1_0.fitness_goal,
        up1_0.user_id,
        up1_0.weight_kg 
    from
        user_profiles up1_0 
    where
        up1_0.user_id=?
2026-05-17 08:50:20 [http-nio-8080-exec-6] DEBUG org.hibernate.SQL - 
    select
        up1_0.id,
        up1_0.age,
        up1_0.fitness_goal,
        up1_0.user_id,
        up1_0.weight_kg 
    from
        user_profiles up1_0 
    where
        up1_0.user_id=?
2026-05-17 08:50:20 [http-nio-8080-exec-6] DEBUG org.hibernate.SQL - 
    select
        up1_0.id,
        up1_0.age,
        up1_0.fitness_goal,
        up1_0.user_id,
        up1_0.weight_kg 
    from
        user_profiles up1_0 
    where
        up1_0.user_id=?
2026-05-17 08:50:20 [http-nio-8080-exec-6] DEBUG org.hibernate.SQL - 
    select
        count(u1_0.id) 
    from
        users u1_0
2026-05-17 08:50:20 [http-nio-8080-exec-6] DEBUG org.hibernate.SQL - 
    select
        c1_0.id,
        c1_0.name,
        c1_0.specialization 
    from
        coaches c1_0
2026-05-17 08:50:21 [http-nio-8080-exec-9] DEBUG org.hibernate.SQL - 
    select
        u1_0.id,
        u1_0.coach_id,
        u1_0.email,
        u1_0.nutrition_plan_id,
        u1_0.password,
        u1_0.role,
        u1_0.username,
        u1_0.workout_group_id 
    from
        users u1_0 
    order by
        u1_0.username 
    offset
        ? rows 
    fetch
        first ? rows only
2026-05-17 08:50:21 [http-nio-8080-exec-9] DEBUG org.hibernate.SQL - 
    select
        up1_0.id,
        up1_0.age,
        up1_0.fitness_goal,
        up1_0.user_id,
        up1_0.weight_kg 
    from
        user_profiles up1_0 
    where
        up1_0.user_id=?
2026-05-17 08:50:21 [http-nio-8080-exec-9] DEBUG org.hibernate.SQL - 
    select
        up1_0.id,
        up1_0.age,
        up1_0.fitness_goal,
        up1_0.user_id,
        up1_0.weight_kg 
    from
        user_profiles up1_0 
    where
        up1_0.user_id=?
2026-05-17 08:50:21 [http-nio-8080-exec-9] DEBUG org.hibernate.SQL - 
    select
        up1_0.id,
        up1_0.age,
        up1_0.fitness_goal,
        up1_0.user_id,
        up1_0.weight_kg 
    from
        user_profiles up1_0 
    where
        up1_0.user_id=?
2026-05-17 08:50:21 [http-nio-8080-exec-9] DEBUG org.hibernate.SQL - 
    select
        up1_0.id,
        up1_0.age,
        up1_0.fitness_goal,
        up1_0.user_id,
        up1_0.weight_kg 
    from
        user_profiles up1_0 
    where
        up1_0.user_id=?
2026-05-17 08:50:21 [http-nio-8080-exec-9] DEBUG org.hibernate.SQL - 
    select
        up1_0.id,
        up1_0.age,
        up1_0.fitness_goal,
        up1_0.user_id,
        up1_0.weight_kg 
    from
        user_profiles up1_0 
    where
        up1_0.user_id=?
2026-05-17 08:50:21 [http-nio-8080-exec-9] DEBUG org.hibernate.SQL - 
    select
        count(u1_0.id) 
    from
        users u1_0
2026-05-17 08:50:21 [http-nio-8080-exec-9] DEBUG org.hibernate.SQL - 
    select
        c1_0.id,
        c1_0.name,
        c1_0.specialization 
    from
        coaches c1_0
2026-05-17 08:50:22 [http-nio-8080-exec-8] DEBUG org.hibernate.SQL - 
    select
        up1_0.id,
        up1_0.age,
        up1_0.fitness_goal,
        up1_0.user_id,
        up1_0.weight_kg 
    from
        user_profiles up1_0 
    order by
        up1_0.id 
    offset
        ? rows 
    fetch
        first ? rows only
2026-05-17 08:50:22 [http-nio-8080-exec-8] DEBUG org.hibernate.SQL - 
    select
        u1_0.id,
        c1_0.id,
        c1_0.name,
        c1_0.specialization,
        u1_0.email,
        np1_0.id,
        np1_0.calories,
        np1_0.description,
        np1_0.name,
        u1_0.password,
        p1_0.id,
        p1_0.age,
        p1_0.fitness_goal,
        p1_0.user_id,
        p1_0.weight_kg,
        u1_0.role,
        u1_0.username,
        wg1_0.id,
        wg1_0.category,
        wg1_0.description,
        wg1_0.name 
    from
        users u1_0 
    left join
        coaches c1_0 
            on c1_0.id=u1_0.coach_id 
    left join
        nutrition_plans np1_0 
            on np1_0.id=u1_0.nutrition_plan_id 
    left join
        user_profiles p1_0 
            on u1_0.id=p1_0.user_id 
    left join
        workout_groups wg1_0 
            on wg1_0.id=u1_0.workout_group_id 
    where
        u1_0.id=?
2026-05-17 08:50:23 [http-nio-8080-exec-10] DEBUG org.hibernate.SQL - 
    select
        c1_0.id,
        c1_0.name,
        c1_0.specialization 
    from
        coaches c1_0 
    order by
        c1_0.name 
    offset
        ? rows 
    fetch
        first ? rows only
2026-05-17 08:50:34 [http-nio-8080-exec-2] DEBUG org.hibernate.SQL - 
    insert 
    into
        coaches
        (name, specialization, id) 
    values
        (?, ?, default)
2026-05-17 08:50:34 [http-nio-8080-exec-3] DEBUG org.hibernate.SQL - 
    select
        c1_0.id,
        c1_0.name,
        c1_0.specialization 
    from
        coaches c1_0 
    order by
        c1_0.name 
    offset
        ? rows 
    fetch
        first ? rows only
2026-05-17 08:50:35 [http-nio-8080-exec-5] DEBUG org.hibernate.SQL - 
    select
        u1_0.id,
        u1_0.coach_id,
        u1_0.email,
        u1_0.nutrition_plan_id,
        u1_0.password,
        u1_0.role,
        u1_0.username,
        u1_0.workout_group_id 
    from
        users u1_0 
    order by
        u1_0.username 
    offset
        ? rows 
    fetch
        first ? rows only
2026-05-17 08:50:35 [http-nio-8080-exec-5] DEBUG org.hibernate.SQL - 
    select
        up1_0.id,
        up1_0.age,
        up1_0.fitness_goal,
        up1_0.user_id,
        up1_0.weight_kg 
    from
        user_profiles up1_0 
    where
        up1_0.user_id=?
2026-05-17 08:50:35 [http-nio-8080-exec-5] DEBUG org.hibernate.SQL - 
    select
        up1_0.id,
        up1_0.age,
        up1_0.fitness_goal,
        up1_0.user_id,
        up1_0.weight_kg 
    from
        user_profiles up1_0 
    where
        up1_0.user_id=?
2026-05-17 08:50:35 [http-nio-8080-exec-5] DEBUG org.hibernate.SQL - 
    select
        up1_0.id,
        up1_0.age,
        up1_0.fitness_goal,
        up1_0.user_id,
        up1_0.weight_kg 
    from
        user_profiles up1_0 
    where
        up1_0.user_id=?
2026-05-17 08:50:35 [http-nio-8080-exec-5] DEBUG org.hibernate.SQL - 
    select
        up1_0.id,
        up1_0.age,
        up1_0.fitness_goal,
        up1_0.user_id,
        up1_0.weight_kg 
    from
        user_profiles up1_0 
    where
        up1_0.user_id=?
2026-05-17 08:50:35 [http-nio-8080-exec-5] DEBUG org.hibernate.SQL - 
    select
        up1_0.id,
        up1_0.age,
        up1_0.fitness_goal,
        up1_0.user_id,
        up1_0.weight_kg 
    from
        user_profiles up1_0 
    where
        up1_0.user_id=?
2026-05-17 08:50:35 [http-nio-8080-exec-5] DEBUG org.hibernate.SQL - 
    select
        count(u1_0.id) 
    from
        users u1_0
2026-05-17 08:50:35 [http-nio-8080-exec-5] DEBUG org.hibernate.SQL - 
    select
        c1_0.id,
        c1_0.name,
        c1_0.specialization 
    from
        coaches c1_0
2026-05-17 08:50:46 [http-nio-8080-exec-7] DEBUG org.hibernate.SQL - 
    select
        c1_0.id,
        c1_0.name,
        c1_0.specialization 
    from
        coaches c1_0 
    order by
        c1_0.name 
    offset
        ? rows 
    fetch
        first ? rows only
2026-05-17 08:50:50 [http-nio-8080-exec-9] DEBUG org.hibernate.SQL - 
    select
        u1_0.id,
        u1_0.coach_id,
        u1_0.email,
        u1_0.nutrition_plan_id,
        u1_0.password,
        u1_0.role,
        u1_0.username,
        u1_0.workout_group_id 
    from
        users u1_0 
    order by
        u1_0.username 
    offset
        ? rows 
    fetch
        first ? rows only
2026-05-17 08:50:50 [http-nio-8080-exec-9] DEBUG org.hibernate.SQL - 
    select
        up1_0.id,
        up1_0.age,
        up1_0.fitness_goal,
        up1_0.user_id,
        up1_0.weight_kg 
    from
        user_profiles up1_0 
    where
        up1_0.user_id=?
2026-05-17 08:50:50 [http-nio-8080-exec-9] DEBUG org.hibernate.SQL - 
    select
        up1_0.id,
        up1_0.age,
        up1_0.fitness_goal,
        up1_0.user_id,
        up1_0.weight_kg 
    from
        user_profiles up1_0 
    where
        up1_0.user_id=?
2026-05-17 08:50:50 [http-nio-8080-exec-9] DEBUG org.hibernate.SQL - 
    select
        up1_0.id,
        up1_0.age,
        up1_0.fitness_goal,
        up1_0.user_id,
        up1_0.weight_kg 
    from
        user_profiles up1_0 
    where
        up1_0.user_id=?
2026-05-17 08:50:50 [http-nio-8080-exec-9] DEBUG org.hibernate.SQL - 
    select
        up1_0.id,
        up1_0.age,
        up1_0.fitness_goal,
        up1_0.user_id,
        up1_0.weight_kg 
    from
        user_profiles up1_0 
    where
        up1_0.user_id=?
2026-05-17 08:50:50 [http-nio-8080-exec-9] DEBUG org.hibernate.SQL - 
    select
        up1_0.id,
        up1_0.age,
        up1_0.fitness_goal,
        up1_0.user_id,
        up1_0.weight_kg 
    from
        user_profiles up1_0 
    where
        up1_0.user_id=?
2026-05-17 08:50:50 [http-nio-8080-exec-9] DEBUG org.hibernate.SQL - 
    select
        count(u1_0.id) 
    from
        users u1_0
2026-05-17 08:50:50 [http-nio-8080-exec-9] DEBUG org.hibernate.SQL - 
    select
        c1_0.id,
        c1_0.name,
        c1_0.specialization 
    from
        coaches c1_0
2026-05-17 08:50:53 [SpringApplicationShutdownHook] INFO  o.s.b.w.e.tomcat.GracefulShutdown - Commencing graceful shutdown. Waiting for active requests to complete
2026-05-17 08:50:53 [tomcat-shutdown] INFO  o.s.b.w.e.tomcat.GracefulShutdown - Graceful shutdown complete
2026-05-17 08:50:53 [SpringApplicationShutdownHook] INFO  o.s.o.j.LocalContainerEntityManagerFactoryBean - Closing JPA EntityManagerFactory for persistence unit 'default'
2026-05-17 08:50:53 [SpringApplicationShutdownHook] INFO  com.zaxxer.hikari.HikariDataSource - HikariPool-1 - Shutdown initiated...
2026-05-17 08:50:54 [SpringApplicationShutdownHook] INFO  com.zaxxer.hikari.HikariDataSource - HikariPool-1 - Shutdown completed.
2026-05-19 20:44:34 [main] INFO  com.fitness.opp.OppApplication - Starting OppApplication using Java 21.0.10 with PID 4904 (C:\Users\Dunduc George\Desktop\fitness\opp\target\classes started by Dunduc George in C:\Users\Dunduc George\Desktop\fitness)
2026-05-19 20:44:34 [main] DEBUG com.fitness.opp.OppApplication - Running with Spring Boot v3.4.1, Spring v6.2.1
2026-05-19 20:44:34 [main] INFO  com.fitness.opp.OppApplication - The following 1 profile is active: "dev"
2026-05-19 20:44:43 [main] INFO  o.s.d.r.c.RepositoryConfigurationDelegate - Bootstrapping Spring Data JPA repositories in DEFAULT mode.
2026-05-19 20:44:44 [main] INFO  o.s.d.r.c.RepositoryConfigurationDelegate - Finished Spring Data repository scanning in 268 ms. Found 6 JPA repository interfaces.
2026-05-19 20:44:48 [main] INFO  o.s.b.w.e.tomcat.TomcatWebServer - Tomcat initialized with port 8080 (http)
2026-05-19 20:44:48 [main] INFO  o.a.catalina.core.StandardService - Starting service [Tomcat]
2026-05-19 20:44:48 [main] INFO  o.a.catalina.core.StandardEngine - Starting Servlet engine: [Apache Tomcat/10.1.34]
2026-05-19 20:44:48 [main] INFO  o.a.c.c.C.[Tomcat].[localhost].[/] - Initializing Spring embedded WebApplicationContext
2026-05-19 20:44:48 [main] INFO  o.s.b.w.s.c.ServletWebServerApplicationContext - Root WebApplicationContext: initialization completed in 13672 ms
2026-05-19 20:44:49 [main] INFO  o.h.jpa.internal.util.LogHelper - HHH000204: Processing PersistenceUnitInfo [name: default]
2026-05-19 20:44:49 [main] INFO  org.hibernate.Version - HHH000412: Hibernate ORM core version 6.6.4.Final
2026-05-19 20:44:49 [main] INFO  o.h.c.i.RegionFactoryInitiator - HHH000026: Second-level cache disabled
2026-05-19 20:44:52 [main] INFO  o.s.o.j.p.SpringPersistenceUnitInfo - No LoadTimeWeaver setup: ignoring JPA class transformer
2026-05-19 20:44:53 [main] INFO  com.zaxxer.hikari.HikariDataSource - HikariPool-1 - Starting...
2026-05-19 20:44:56 [main] INFO  com.zaxxer.hikari.pool.HikariPool - HikariPool-1 - Added connection oracle.jdbc.driver.T4CConnection@349f3ff7
2026-05-19 20:44:56 [main] INFO  com.zaxxer.hikari.HikariDataSource - HikariPool-1 - Start completed.
2026-05-19 20:44:58 [main] WARN  org.hibernate.orm.deprecation - HHH90000025: OracleDialect does not need to be specified explicitly using 'hibernate.dialect' (remove the property setting and it will be selected by default)
2026-05-19 20:44:59 [main] INFO  o.hibernate.orm.connections.pooling - HHH10001005: Database info:
	Database JDBC URL [Connecting through datasource 'HikariDataSource (HikariPool-1)']
	Database driver: undefined/unknown
	Database version: 21.3
	Autocommit mode: undefined/unknown
	Isolation level: undefined/unknown
	Minimum pool size: undefined/unknown
	Maximum pool size: undefined/unknown
2026-05-19 20:45:01 [main] INFO  o.h.e.t.j.p.i.JtaPlatformInitiator - HHH000489: No JTA platform available (set 'hibernate.transaction.jta.platform' to enable JTA platform integration)
2026-05-19 20:45:10 [main] INFO  o.s.o.j.LocalContainerEntityManagerFactoryBean - Initialized JPA EntityManagerFactory for persistence unit 'default'
2026-05-19 20:45:10 [main] WARN  o.s.b.a.o.j.JpaBaseConfiguration$JpaWebConfiguration - spring.jpa.open-in-view is enabled by default. Therefore, database queries may be performed during view rendering. Explicitly configure spring.jpa.open-in-view to disable this warning
2026-05-19 20:45:10 [main] INFO  o.s.s.c.a.a.c.InitializeAuthenticationProviderBeanManagerConfigurer$InitializeAuthenticationProviderManagerConfigurer - Global AuthenticationManager configured with AuthenticationProvider bean with name authenticationProvider
2026-05-19 20:45:10 [main] WARN  o.s.s.c.a.a.c.InitializeUserDetailsBeanManagerConfigurer$InitializeUserDetailsManagerConfigurer - Global AuthenticationManager configured with an AuthenticationProvider bean. UserDetailsService beans will not be used by Spring Security for automatically configuring username/password login. Consider removing the AuthenticationProvider bean. Alternatively, consider using the UserDetailsService in a manually instantiated DaoAuthenticationProvider. If the current configuration is intentional, to turn off this warning, increase the logging level of 'org.springframework.security.config.annotation.authentication.configuration.InitializeUserDetailsBeanManagerConfigurer' to ERROR
2026-05-19 20:45:12 [main] INFO  o.s.b.w.e.tomcat.TomcatWebServer - Tomcat started on port 8080 (http) with context path '/'
2026-05-19 20:45:12 [main] INFO  com.fitness.opp.OppApplication - Started OppApplication in 43.502 seconds (process running for 48.845)
2026-05-19 20:45:12 [main] DEBUG org.hibernate.SQL - 
    select
        u1_0.id,
        u1_0.coach_id,
        u1_0.email,
        u1_0.nutrition_plan_id,
        u1_0.password,
        u1_0.role,
        u1_0.username,
        u1_0.workout_group_id 
    from
        users u1_0 
    where
        u1_0.username=?
2026-05-19 20:45:12 [main] DEBUG org.hibernate.SQL - 
    select
        up1_0.id,
        up1_0.age,
        up1_0.fitness_goal,
        up1_0.user_id,
        up1_0.weight_kg 
    from
        user_profiles up1_0 
    where
        up1_0.user_id=?
2026-05-19 20:45:12 [main] DEBUG org.hibernate.SQL - 
    select
        u1_0.id,
        c1_0.id,
        c1_0.name,
        c1_0.specialization,
        u1_0.email,
        np1_0.id,
        np1_0.calories,
        np1_0.description,
        np1_0.name,
        u1_0.password,
        p1_0.id,
        p1_0.age,
        p1_0.fitness_goal,
        p1_0.user_id,
        p1_0.weight_kg,
        u1_0.role,
        u1_0.username,
        wg1_0.id,
        wg1_0.category,
        wg1_0.description,
        wg1_0.name 
    from
        users u1_0 
    left join
        coaches c1_0 
            on c1_0.id=u1_0.coach_id 
    left join
        nutrition_plans np1_0 
            on np1_0.id=u1_0.nutrition_plan_id 
    left join
        user_profiles p1_0 
            on u1_0.id=p1_0.user_id 
    left join
        workout_groups wg1_0 
            on wg1_0.id=u1_0.workout_group_id 
    where
        u1_0.id=?
2026-05-19 20:45:12 [main] DEBUG org.hibernate.SQL - 
    delete 
    from
        users 
    where
        id=?
2026-05-19 20:45:13 [main] DEBUG org.hibernate.SQL - 
    insert 
    into
        users
        (coach_id, email, nutrition_plan_id, password, role, username, workout_group_id, id) 
    values
        (?, ?, ?, ?, ?, ?, ?, default)
2026-05-19 20:45:32 [http-nio-8080-exec-1] INFO  o.a.c.c.C.[Tomcat].[localhost].[/] - Initializing Spring DispatcherServlet 'dispatcherServlet'
2026-05-19 20:45:32 [http-nio-8080-exec-1] INFO  o.s.web.servlet.DispatcherServlet - Initializing Servlet 'dispatcherServlet'
2026-05-19 20:45:32 [http-nio-8080-exec-1] INFO  o.s.web.servlet.DispatcherServlet - Completed initialization in 1 ms
2026-05-19 20:45:36 [http-nio-8080-exec-4] DEBUG org.hibernate.SQL - 
    select
        u1_0.id,
        u1_0.coach_id,
        u1_0.email,
        u1_0.nutrition_plan_id,
        u1_0.password,
        u1_0.role,
        u1_0.username,
        u1_0.workout_group_id 
    from
        users u1_0
2026-05-19 20:45:36 [http-nio-8080-exec-4] DEBUG org.hibernate.SQL - 
    select
        up1_0.id,
        up1_0.age,
        up1_0.fitness_goal,
        up1_0.user_id,
        up1_0.weight_kg 
    from
        user_profiles up1_0 
    where
        up1_0.user_id=?
2026-05-19 20:45:36 [http-nio-8080-exec-4] DEBUG org.hibernate.SQL - 
    select
        up1_0.id,
        up1_0.age,
        up1_0.fitness_goal,
        up1_0.user_id,
        up1_0.weight_kg 
    from
        user_profiles up1_0 
    where
        up1_0.user_id=?
2026-05-19 20:45:36 [http-nio-8080-exec-4] DEBUG org.hibernate.SQL - 
    select
        up1_0.id,
        up1_0.age,
        up1_0.fitness_goal,
        up1_0.user_id,
        up1_0.weight_kg 
    from
        user_profiles up1_0 
    where
        up1_0.user_id=?
2026-05-19 20:45:36 [http-nio-8080-exec-4] DEBUG org.hibernate.SQL - 
    select
        up1_0.id,
        up1_0.age,
        up1_0.fitness_goal,
        up1_0.user_id,
        up1_0.weight_kg 
    from
        user_profiles up1_0 
    where
        up1_0.user_id=?
2026-05-19 20:45:36 [http-nio-8080-exec-4] DEBUG org.hibernate.SQL - 
    select
        up1_0.id,
        up1_0.age,
        up1_0.fitness_goal,
        up1_0.user_id,
        up1_0.weight_kg 
    from
        user_profiles up1_0 
    where
        up1_0.user_id=?
2026-05-19 20:45:36 [http-nio-8080-exec-4] DEBUG org.hibernate.SQL - 
    select
        up1_0.id,
        up1_0.age,
        up1_0.fitness_goal,
        up1_0.user_id,
        up1_0.weight_kg 
    from
        user_profiles up1_0 
    where
        up1_0.user_id=?
2026-05-19 20:45:36 [http-nio-8080-exec-4] DEBUG org.hibernate.SQL - 
    select
        up1_0.id,
        up1_0.age,
        up1_0.fitness_goal,
        up1_0.user_id,
        up1_0.weight_kg 
    from
        user_profiles up1_0 
    where
        up1_0.user_id=?
2026-05-19 20:45:36 [http-nio-8080-exec-4] DEBUG org.hibernate.SQL - 
    select
        c1_0.id,
        c1_0.name,
        c1_0.specialization 
    from
        coaches c1_0 
    where
        c1_0.id=?
2026-05-19 20:45:36 [http-nio-8080-exec-4] DEBUG org.hibernate.SQL - 
    select
        up1_0.id,
        up1_0.age,
        up1_0.fitness_goal,
        up1_0.user_id,
        up1_0.weight_kg 
    from
        user_profiles up1_0 
    where
        up1_0.user_id=?
2026-05-19 20:45:36 [http-nio-8080-exec-4] DEBUG org.hibernate.SQL - 
    select
        up1_0.id,
        up1_0.age,
        up1_0.fitness_goal,
        up1_0.user_id,
        up1_0.weight_kg 
    from
        user_profiles up1_0 
    where
        up1_0.user_id=?
2026-05-19 20:45:36 [http-nio-8080-exec-4] DEBUG org.hibernate.SQL - 
    select
        up1_0.id,
        up1_0.age,
        up1_0.fitness_goal,
        up1_0.user_id,
        up1_0.weight_kg 
    from
        user_profiles up1_0 
    where
        up1_0.user_id=?
2026-05-19 20:45:36 [http-nio-8080-exec-4] DEBUG org.hibernate.SQL - 
    select
        up1_0.id,
        up1_0.age,
        up1_0.fitness_goal,
        up1_0.user_id,
        up1_0.weight_kg 
    from
        user_profiles up1_0 
    where
        up1_0.user_id=?
2026-05-19 20:45:36 [http-nio-8080-exec-4] DEBUG org.hibernate.SQL - 
    select
        up1_0.id,
        up1_0.age,
        up1_0.fitness_goal,
        up1_0.user_id,
        up1_0.weight_kg 
    from
        user_profiles up1_0 
    where
        up1_0.user_id=?
2026-05-19 20:45:37 [http-nio-8080-exec-5] DEBUG org.hibernate.SQL - 
    select
        u1_0.id,
        u1_0.coach_id,
        u1_0.email,
        u1_0.nutrition_plan_id,
        u1_0.password,
        u1_0.role,
        u1_0.username,
        u1_0.workout_group_id 
    from
        users u1_0 
    order by
        u1_0.username 
    offset
        ? rows 
    fetch
        first ? rows only
2026-05-19 20:45:37 [http-nio-8080-exec-5] DEBUG org.hibernate.SQL - 
    select
        up1_0.id,
        up1_0.age,
        up1_0.fitness_goal,
        up1_0.user_id,
        up1_0.weight_kg 
    from
        user_profiles up1_0 
    where
        up1_0.user_id=?
2026-05-19 20:45:37 [http-nio-8080-exec-5] DEBUG org.hibernate.SQL - 
    select
        up1_0.id,
        up1_0.age,
        up1_0.fitness_goal,
        up1_0.user_id,
        up1_0.weight_kg 
    from
        user_profiles up1_0 
    where
        up1_0.user_id=?
2026-05-19 20:45:37 [http-nio-8080-exec-5] DEBUG org.hibernate.SQL - 
    select
        up1_0.id,
        up1_0.age,
        up1_0.fitness_goal,
        up1_0.user_id,
        up1_0.weight_kg 
    from
        user_profiles up1_0 
    where
        up1_0.user_id=?
2026-05-19 20:45:37 [http-nio-8080-exec-5] DEBUG org.hibernate.SQL - 
    select
        up1_0.id,
        up1_0.age,
        up1_0.fitness_goal,
        up1_0.user_id,
        up1_0.weight_kg 
    from
        user_profiles up1_0 
    where
        up1_0.user_id=?
2026-05-19 20:45:37 [http-nio-8080-exec-5] DEBUG org.hibernate.SQL - 
    select
        up1_0.id,
        up1_0.age,
        up1_0.fitness_goal,
        up1_0.user_id,
        up1_0.weight_kg 
    from
        user_profiles up1_0 
    where
        up1_0.user_id=?
2026-05-19 20:45:37 [http-nio-8080-exec-5] DEBUG org.hibernate.SQL - 
    select
        count(u1_0.id) 
    from
        users u1_0
2026-05-19 20:45:37 [http-nio-8080-exec-5] DEBUG org.hibernate.SQL - 
    select
        c1_0.id,
        c1_0.name,
        c1_0.specialization 
    from
        coaches c1_0
2026-05-19 20:45:38 [http-nio-8080-exec-7] DEBUG org.hibernate.SQL - 
    select
        u1_0.id,
        u1_0.coach_id,
        u1_0.email,
        u1_0.nutrition_plan_id,
        u1_0.password,
        u1_0.role,
        u1_0.username,
        u1_0.workout_group_id 
    from
        users u1_0 
    order by
        u1_0.username 
    offset
        ? rows 
    fetch
        first ? rows only
2026-05-19 20:45:38 [http-nio-8080-exec-7] DEBUG org.hibernate.SQL - 
    select
        c1_0.id,
        c1_0.name,
        c1_0.specialization 
    from
        coaches c1_0 
    where
        c1_0.id=?
2026-05-19 20:45:38 [http-nio-8080-exec-7] DEBUG org.hibernate.SQL - 
    select
        up1_0.id,
        up1_0.age,
        up1_0.fitness_goal,
        up1_0.user_id,
        up1_0.weight_kg 
    from
        user_profiles up1_0 
    where
        up1_0.user_id=?
2026-05-19 20:45:38 [http-nio-8080-exec-7] DEBUG org.hibernate.SQL - 
    select
        up1_0.id,
        up1_0.age,
        up1_0.fitness_goal,
        up1_0.user_id,
        up1_0.weight_kg 
    from
        user_profiles up1_0 
    where
        up1_0.user_id=?
2026-05-19 20:45:38 [http-nio-8080-exec-7] DEBUG org.hibernate.SQL - 
    select
        up1_0.id,
        up1_0.age,
        up1_0.fitness_goal,
        up1_0.user_id,
        up1_0.weight_kg 
    from
        user_profiles up1_0 
    where
        up1_0.user_id=?
2026-05-19 20:45:38 [http-nio-8080-exec-7] DEBUG org.hibernate.SQL - 
    select
        up1_0.id,
        up1_0.age,
        up1_0.fitness_goal,
        up1_0.user_id,
        up1_0.weight_kg 
    from
        user_profiles up1_0 
    where
        up1_0.user_id=?
2026-05-19 20:45:38 [http-nio-8080-exec-7] DEBUG org.hibernate.SQL - 
    select
        up1_0.id,
        up1_0.age,
        up1_0.fitness_goal,
        up1_0.user_id,
        up1_0.weight_kg 
    from
        user_profiles up1_0 
    where
        up1_0.user_id=?
2026-05-19 20:45:38 [http-nio-8080-exec-7] DEBUG org.hibernate.SQL - 
    select
        count(u1_0.id) 
    from
        users u1_0
2026-05-19 20:45:38 [http-nio-8080-exec-7] DEBUG org.hibernate.SQL - 
    select
        c1_0.id,
        c1_0.name,
        c1_0.specialization 
    from
        coaches c1_0
2026-05-19 20:45:39 [http-nio-8080-exec-9] DEBUG org.hibernate.SQL - 
    select
        u1_0.id,
        u1_0.coach_id,
        u1_0.email,
        u1_0.nutrition_plan_id,
        u1_0.password,
        u1_0.role,
        u1_0.username,
        u1_0.workout_group_id 
    from
        users u1_0 
    order by
        u1_0.username 
    offset
        ? rows 
    fetch
        first ? rows only
2026-05-19 20:45:39 [http-nio-8080-exec-9] DEBUG org.hibernate.SQL - 
    select
        up1_0.id,
        up1_0.age,
        up1_0.fitness_goal,
        up1_0.user_id,
        up1_0.weight_kg 
    from
        user_profiles up1_0 
    where
        up1_0.user_id=?
2026-05-19 20:45:39 [http-nio-8080-exec-9] DEBUG org.hibernate.SQL - 
    select
        up1_0.id,
        up1_0.age,
        up1_0.fitness_goal,
        up1_0.user_id,
        up1_0.weight_kg 
    from
        user_profiles up1_0 
    where
        up1_0.user_id=?
2026-05-19 20:45:39 [http-nio-8080-exec-9] DEBUG org.hibernate.SQL - 
    select
        c1_0.id,
        c1_0.name,
        c1_0.specialization 
    from
        coaches c1_0
2026-05-19 20:45:40 [http-nio-8080-exec-10] DEBUG org.hibernate.SQL - 
    select
        u1_0.id,
        u1_0.coach_id,
        u1_0.email,
        u1_0.nutrition_plan_id,
        u1_0.password,
        u1_0.role,
        u1_0.username,
        u1_0.workout_group_id 
    from
        users u1_0 
    order by
        u1_0.username 
    offset
        ? rows 
    fetch
        first ? rows only
2026-05-19 20:45:40 [http-nio-8080-exec-10] DEBUG org.hibernate.SQL - 
    select
        up1_0.id,
        up1_0.age,
        up1_0.fitness_goal,
        up1_0.user_id,
        up1_0.weight_kg 
    from
        user_profiles up1_0 
    where
        up1_0.user_id=?
2026-05-19 20:45:40 [http-nio-8080-exec-10] DEBUG org.hibernate.SQL - 
    select
        up1_0.id,
        up1_0.age,
        up1_0.fitness_goal,
        up1_0.user_id,
        up1_0.weight_kg 
    from
        user_profiles up1_0 
    where
        up1_0.user_id=?
2026-05-19 20:45:40 [http-nio-8080-exec-10] DEBUG org.hibernate.SQL - 
    select
        up1_0.id,
        up1_0.age,
        up1_0.fitness_goal,
        up1_0.user_id,
        up1_0.weight_kg 
    from
        user_profiles up1_0 
    where
        up1_0.user_id=?
2026-05-19 20:45:40 [http-nio-8080-exec-10] DEBUG org.hibernate.SQL - 
    select
        up1_0.id,
        up1_0.age,
        up1_0.fitness_goal,
        up1_0.user_id,
        up1_0.weight_kg 
    from
        user_profiles up1_0 
    where
        up1_0.user_id=?
2026-05-19 20:45:40 [http-nio-8080-exec-10] DEBUG org.hibernate.SQL - 
    select
        up1_0.id,
        up1_0.age,
        up1_0.fitness_goal,
        up1_0.user_id,
        up1_0.weight_kg 
    from
        user_profiles up1_0 
    where
        up1_0.user_id=?
2026-05-19 20:45:40 [http-nio-8080-exec-10] DEBUG org.hibernate.SQL - 
    select
        count(u1_0.id) 
    from
        users u1_0
2026-05-19 20:45:40 [http-nio-8080-exec-10] DEBUG org.hibernate.SQL - 
    select
        c1_0.id,
        c1_0.name,
        c1_0.specialization 
    from
        coaches c1_0
2026-05-19 20:45:41 [http-nio-8080-exec-1] DEBUG org.hibernate.SQL - 
    select
        u1_0.id,
        u1_0.coach_id,
        u1_0.email,
        u1_0.nutrition_plan_id,
        u1_0.password,
        u1_0.role,
        u1_0.username,
        u1_0.workout_group_id 
    from
        users u1_0 
    order by
        u1_0.username 
    offset
        ? rows 
    fetch
        first ? rows only
2026-05-19 20:45:41 [http-nio-8080-exec-1] DEBUG org.hibernate.SQL - 
    select
        up1_0.id,
        up1_0.age,
        up1_0.fitness_goal,
        up1_0.user_id,
        up1_0.weight_kg 
    from
        user_profiles up1_0 
    where
        up1_0.user_id=?
2026-05-19 20:45:41 [http-nio-8080-exec-1] DEBUG org.hibernate.SQL - 
    select
        up1_0.id,
        up1_0.age,
        up1_0.fitness_goal,
        up1_0.user_id,
        up1_0.weight_kg 
    from
        user_profiles up1_0 
    where
        up1_0.user_id=?
2026-05-19 20:45:41 [http-nio-8080-exec-1] DEBUG org.hibernate.SQL - 
    select
        c1_0.id,
        c1_0.name,
        c1_0.specialization 
    from
        coaches c1_0
2026-05-19 20:45:42 [http-nio-8080-exec-2] DEBUG org.hibernate.SQL - 
    select
        u1_0.id,
        u1_0.coach_id,
        u1_0.email,
        u1_0.nutrition_plan_id,
        u1_0.password,
        u1_0.role,
        u1_0.username,
        u1_0.workout_group_id 
    from
        users u1_0 
    order by
        u1_0.username 
    offset
        ? rows 
    fetch
        first ? rows only
2026-05-19 20:45:43 [http-nio-8080-exec-2] DEBUG org.hibernate.SQL - 
    select
        up1_0.id,
        up1_0.age,
        up1_0.fitness_goal,
        up1_0.user_id,
        up1_0.weight_kg 
    from
        user_profiles up1_0 
    where
        up1_0.user_id=?
2026-05-19 20:45:43 [http-nio-8080-exec-2] DEBUG org.hibernate.SQL - 
    select
        up1_0.id,
        up1_0.age,
        up1_0.fitness_goal,
        up1_0.user_id,
        up1_0.weight_kg 
    from
        user_profiles up1_0 
    where
        up1_0.user_id=?
2026-05-19 20:45:43 [http-nio-8080-exec-2] DEBUG org.hibernate.SQL - 
    select
        up1_0.id,
        up1_0.age,
        up1_0.fitness_goal,
        up1_0.user_id,
        up1_0.weight_kg 
    from
        user_profiles up1_0 
    where
        up1_0.user_id=?
2026-05-19 20:45:43 [http-nio-8080-exec-2] DEBUG org.hibernate.SQL - 
    select
        up1_0.id,
        up1_0.age,
        up1_0.fitness_goal,
        up1_0.user_id,
        up1_0.weight_kg 
    from
        user_profiles up1_0 
    where
        up1_0.user_id=?
2026-05-19 20:45:43 [http-nio-8080-exec-2] DEBUG org.hibernate.SQL - 
    select
        up1_0.id,
        up1_0.age,
        up1_0.fitness_goal,
        up1_0.user_id,
        up1_0.weight_kg 
    from
        user_profiles up1_0 
    where
        up1_0.user_id=?
2026-05-19 20:45:43 [http-nio-8080-exec-2] DEBUG org.hibernate.SQL - 
    select
        count(u1_0.id) 
    from
        users u1_0
2026-05-19 20:45:43 [http-nio-8080-exec-2] DEBUG org.hibernate.SQL - 
    select
        c1_0.id,
        c1_0.name,
        c1_0.specialization 
    from
        coaches c1_0
2026-05-19 20:45:47 [http-nio-8080-exec-4] DEBUG org.hibernate.SQL - 
    select
        u1_0.id,
        u1_0.coach_id,
        u1_0.email,
        u1_0.nutrition_plan_id,
        u1_0.password,
        u1_0.role,
        u1_0.username,
        u1_0.workout_group_id 
    from
        users u1_0 
    order by
        u1_0.username 
    offset
        ? rows 
    fetch
        first ? rows only
2026-05-19 20:45:47 [http-nio-8080-exec-4] DEBUG org.hibernate.SQL - 
    select
        c1_0.id,
        c1_0.name,
        c1_0.specialization 
    from
        coaches c1_0 
    where
        c1_0.id=?
2026-05-19 20:45:47 [http-nio-8080-exec-4] DEBUG org.hibernate.SQL - 
    select
        up1_0.id,
        up1_0.age,
        up1_0.fitness_goal,
        up1_0.user_id,
        up1_0.weight_kg 
    from
        user_profiles up1_0 
    where
        up1_0.user_id=?
2026-05-19 20:45:47 [http-nio-8080-exec-4] DEBUG org.hibernate.SQL - 
    select
        up1_0.id,
        up1_0.age,
        up1_0.fitness_goal,
        up1_0.user_id,
        up1_0.weight_kg 
    from
        user_profiles up1_0 
    where
        up1_0.user_id=?
2026-05-19 20:45:47 [http-nio-8080-exec-4] DEBUG org.hibernate.SQL - 
    select
        up1_0.id,
        up1_0.age,
        up1_0.fitness_goal,
        up1_0.user_id,
        up1_0.weight_kg 
    from
        user_profiles up1_0 
    where
        up1_0.user_id=?
2026-05-19 20:45:47 [http-nio-8080-exec-4] DEBUG org.hibernate.SQL - 
    select
        up1_0.id,
        up1_0.age,
        up1_0.fitness_goal,
        up1_0.user_id,
        up1_0.weight_kg 
    from
        user_profiles up1_0 
    where
        up1_0.user_id=?
2026-05-19 20:45:47 [http-nio-8080-exec-4] DEBUG org.hibernate.SQL - 
    select
        up1_0.id,
        up1_0.age,
        up1_0.fitness_goal,
        up1_0.user_id,
        up1_0.weight_kg 
    from
        user_profiles up1_0 
    where
        up1_0.user_id=?
2026-05-19 20:45:47 [http-nio-8080-exec-4] DEBUG org.hibernate.SQL - 
    select
        count(u1_0.id) 
    from
        users u1_0
2026-05-19 20:45:47 [http-nio-8080-exec-4] DEBUG org.hibernate.SQL - 
    select
        c1_0.id,
        c1_0.name,
        c1_0.specialization 
    from
        coaches c1_0
2026-05-19 20:45:48 [http-nio-8080-exec-5] DEBUG org.hibernate.SQL - 
    select
        u1_0.id,
        u1_0.coach_id,
        u1_0.email,
        u1_0.nutrition_plan_id,
        u1_0.password,
        u1_0.role,
        u1_0.username,
        u1_0.workout_group_id 
    from
        users u1_0 
    order by
        u1_0.username 
    offset
        ? rows 
    fetch
        first ? rows only
2026-05-19 20:45:48 [http-nio-8080-exec-5] DEBUG org.hibernate.SQL - 
    select
        up1_0.id,
        up1_0.age,
        up1_0.fitness_goal,
        up1_0.user_id,
        up1_0.weight_kg 
    from
        user_profiles up1_0 
    where
        up1_0.user_id=?
2026-05-19 20:45:48 [http-nio-8080-exec-5] DEBUG org.hibernate.SQL - 
    select
        up1_0.id,
        up1_0.age,
        up1_0.fitness_goal,
        up1_0.user_id,
        up1_0.weight_kg 
    from
        user_profiles up1_0 
    where
        up1_0.user_id=?
2026-05-19 20:45:48 [http-nio-8080-exec-5] DEBUG org.hibernate.SQL - 
    select
        up1_0.id,
        up1_0.age,
        up1_0.fitness_goal,
        up1_0.user_id,
        up1_0.weight_kg 
    from
        user_profiles up1_0 
    where
        up1_0.user_id=?
2026-05-19 20:45:48 [http-nio-8080-exec-5] DEBUG org.hibernate.SQL - 
    select
        up1_0.id,
        up1_0.age,
        up1_0.fitness_goal,
        up1_0.user_id,
        up1_0.weight_kg 
    from
        user_profiles up1_0 
    where
        up1_0.user_id=?
2026-05-19 20:45:48 [http-nio-8080-exec-5] DEBUG org.hibernate.SQL - 
    select
        up1_0.id,
        up1_0.age,
        up1_0.fitness_goal,
        up1_0.user_id,
        up1_0.weight_kg 
    from
        user_profiles up1_0 
    where
        up1_0.user_id=?
2026-05-19 20:45:48 [http-nio-8080-exec-5] DEBUG org.hibernate.SQL - 
    select
        count(u1_0.id) 
    from
        users u1_0
2026-05-19 20:45:48 [http-nio-8080-exec-5] DEBUG org.hibernate.SQL - 
    select
        c1_0.id,
        c1_0.name,
        c1_0.specialization 
    from
        coaches c1_0
2026-05-19 20:46:27 [SpringApplicationShutdownHook] INFO  o.s.b.w.e.tomcat.GracefulShutdown - Commencing graceful shutdown. Waiting for active requests to complete
2026-05-19 20:46:27 [tomcat-shutdown] INFO  o.s.b.w.e.tomcat.GracefulShutdown - Graceful shutdown complete
2026-05-19 20:46:27 [SpringApplicationShutdownHook] INFO  o.s.o.j.LocalContainerEntityManagerFactoryBean - Closing JPA EntityManagerFactory for persistence unit 'default'
2026-05-19 20:46:27 [SpringApplicationShutdownHook] INFO  com.zaxxer.hikari.HikariDataSource - HikariPool-1 - Shutdown initiated...
2026-05-19 20:46:27 [SpringApplicationShutdownHook] INFO  com.zaxxer.hikari.HikariDataSource - HikariPool-1 - Shutdown completed.
2026-05-19 20:46:35 [main] INFO  com.fitness.opp.OppApplication - Starting OppApplication using Java 21.0.10 with PID 7440 (C:\Users\Dunduc George\Desktop\fitness\opp\target\classes started by Dunduc George in C:\Users\Dunduc George\Desktop\fitness)
2026-05-19 20:46:35 [main] DEBUG com.fitness.opp.OppApplication - Running with Spring Boot v3.4.1, Spring v6.2.1
2026-05-19 20:46:35 [main] INFO  com.fitness.opp.OppApplication - The following 1 profile is active: "dev"
2026-05-19 20:46:36 [main] INFO  o.s.d.r.c.RepositoryConfigurationDelegate - Bootstrapping Spring Data JPA repositories in DEFAULT mode.
2026-05-19 20:46:36 [main] INFO  o.s.d.r.c.RepositoryConfigurationDelegate - Finished Spring Data repository scanning in 89 ms. Found 6 JPA repository interfaces.
2026-05-19 20:46:37 [main] INFO  o.s.b.w.e.tomcat.TomcatWebServer - Tomcat initialized with port 8080 (http)
2026-05-19 20:46:37 [main] INFO  o.a.catalina.core.StandardService - Starting service [Tomcat]
2026-05-19 20:46:37 [main] INFO  o.a.catalina.core.StandardEngine - Starting Servlet engine: [Apache Tomcat/10.1.34]
2026-05-19 20:46:37 [main] INFO  o.a.c.c.C.[Tomcat].[localhost].[/] - Initializing Spring embedded WebApplicationContext
2026-05-19 20:46:37 [main] INFO  o.s.b.w.s.c.ServletWebServerApplicationContext - Root WebApplicationContext: initialization completed in 1814 ms
2026-05-19 20:46:38 [main] INFO  o.h.jpa.internal.util.LogHelper - HHH000204: Processing PersistenceUnitInfo [name: default]
2026-05-19 20:46:38 [main] INFO  org.hibernate.Version - HHH000412: Hibernate ORM core version 6.6.4.Final
2026-05-19 20:46:38 [main] INFO  o.h.c.i.RegionFactoryInitiator - HHH000026: Second-level cache disabled
2026-05-19 20:46:38 [main] INFO  o.s.o.j.p.SpringPersistenceUnitInfo - No LoadTimeWeaver setup: ignoring JPA class transformer
2026-05-19 20:46:38 [main] INFO  com.zaxxer.hikari.HikariDataSource - HikariPool-1 - Starting...
2026-05-19 20:46:39 [main] INFO  com.zaxxer.hikari.pool.HikariPool - HikariPool-1 - Added connection oracle.jdbc.driver.T4CConnection@52856ff9
2026-05-19 20:46:39 [main] INFO  com.zaxxer.hikari.HikariDataSource - HikariPool-1 - Start completed.
2026-05-19 20:46:39 [main] WARN  org.hibernate.orm.deprecation - HHH90000025: OracleDialect does not need to be specified explicitly using 'hibernate.dialect' (remove the property setting and it will be selected by default)
2026-05-19 20:46:39 [main] INFO  o.hibernate.orm.connections.pooling - HHH10001005: Database info:
	Database JDBC URL [Connecting through datasource 'HikariDataSource (HikariPool-1)']
	Database driver: undefined/unknown
	Database version: 21.3
	Autocommit mode: undefined/unknown
	Isolation level: undefined/unknown
	Minimum pool size: undefined/unknown
	Maximum pool size: undefined/unknown
2026-05-19 20:46:40 [main] INFO  o.h.e.t.j.p.i.JtaPlatformInitiator - HHH000489: No JTA platform available (set 'hibernate.transaction.jta.platform' to enable JTA platform integration)
2026-05-19 20:46:44 [main] INFO  o.s.o.j.LocalContainerEntityManagerFactoryBean - Initialized JPA EntityManagerFactory for persistence unit 'default'
2026-05-19 20:46:44 [main] WARN  o.s.b.a.o.j.JpaBaseConfiguration$JpaWebConfiguration - spring.jpa.open-in-view is enabled by default. Therefore, database queries may be performed during view rendering. Explicitly configure spring.jpa.open-in-view to disable this warning
2026-05-19 20:46:44 [main] INFO  o.s.s.c.a.a.c.InitializeAuthenticationProviderBeanManagerConfigurer$InitializeAuthenticationProviderManagerConfigurer - Global AuthenticationManager configured with AuthenticationProvider bean with name authenticationProvider
2026-05-19 20:46:44 [main] WARN  o.s.s.c.a.a.c.InitializeUserDetailsBeanManagerConfigurer$InitializeUserDetailsManagerConfigurer - Global AuthenticationManager configured with an AuthenticationProvider bean. UserDetailsService beans will not be used by Spring Security for automatically configuring username/password login. Consider removing the AuthenticationProvider bean. Alternatively, consider using the UserDetailsService in a manually instantiated DaoAuthenticationProvider. If the current configuration is intentional, to turn off this warning, increase the logging level of 'org.springframework.security.config.annotation.authentication.configuration.InitializeUserDetailsBeanManagerConfigurer' to ERROR
2026-05-19 20:46:45 [main] INFO  o.s.b.w.e.tomcat.TomcatWebServer - Tomcat started on port 8080 (http) with context path '/'
2026-05-19 20:46:45 [main] INFO  com.fitness.opp.OppApplication - Started OppApplication in 10.386 seconds (process running for 11.008)
2026-05-19 20:46:45 [main] DEBUG org.hibernate.SQL - 
    select
        u1_0.id,
        u1_0.coach_id,
        u1_0.email,
        u1_0.nutrition_plan_id,
        u1_0.password,
        u1_0.role,
        u1_0.username,
        u1_0.workout_group_id 
    from
        users u1_0 
    where
        u1_0.username=?
2026-05-19 20:46:45 [main] DEBUG org.hibernate.SQL - 
    select
        up1_0.id,
        up1_0.age,
        up1_0.fitness_goal,
        up1_0.user_id,
        up1_0.weight_kg 
    from
        user_profiles up1_0 
    where
        up1_0.user_id=?
2026-05-19 20:46:45 [main] DEBUG org.hibernate.SQL - 
    select
        u1_0.id,
        c1_0.id,
        c1_0.name,
        c1_0.specialization,
        u1_0.email,
        np1_0.id,
        np1_0.calories,
        np1_0.description,
        np1_0.name,
        u1_0.password,
        p1_0.id,
        p1_0.age,
        p1_0.fitness_goal,
        p1_0.user_id,
        p1_0.weight_kg,
        u1_0.role,
        u1_0.username,
        wg1_0.id,
        wg1_0.category,
        wg1_0.description,
        wg1_0.name 
    from
        users u1_0 
    left join
        coaches c1_0 
            on c1_0.id=u1_0.coach_id 
    left join
        nutrition_plans np1_0 
            on np1_0.id=u1_0.nutrition_plan_id 
    left join
        user_profiles p1_0 
            on u1_0.id=p1_0.user_id 
    left join
        workout_groups wg1_0 
            on wg1_0.id=u1_0.workout_group_id 
    where
        u1_0.id=?
2026-05-19 20:46:45 [main] DEBUG org.hibernate.SQL - 
    delete 
    from
        users 
    where
        id=?
2026-05-19 20:46:45 [main] DEBUG org.hibernate.SQL - 
    insert 
    into
        users
        (coach_id, email, nutrition_plan_id, password, role, username, workout_group_id, id) 
    values
        (?, ?, ?, ?, ?, ?, ?, default)
2026-05-19 20:46:50 [http-nio-8080-exec-1] INFO  o.a.c.c.C.[Tomcat].[localhost].[/] - Initializing Spring DispatcherServlet 'dispatcherServlet'
2026-05-19 20:46:50 [http-nio-8080-exec-1] INFO  o.s.web.servlet.DispatcherServlet - Initializing Servlet 'dispatcherServlet'
2026-05-19 20:46:50 [http-nio-8080-exec-1] INFO  o.s.web.servlet.DispatcherServlet - Completed initialization in 2 ms
2026-05-19 20:47:01 [http-nio-8080-exec-3] DEBUG org.hibernate.SQL - 
    select
        u1_0.id,
        u1_0.coach_id,
        u1_0.email,
        u1_0.nutrition_plan_id,
        u1_0.password,
        u1_0.role,
        u1_0.username,
        u1_0.workout_group_id 
    from
        users u1_0
2026-05-19 20:47:01 [http-nio-8080-exec-3] DEBUG org.hibernate.SQL - 
    select
        up1_0.id,
        up1_0.age,
        up1_0.fitness_goal,
        up1_0.user_id,
        up1_0.weight_kg 
    from
        user_profiles up1_0 
    where
        up1_0.user_id=?
2026-05-19 20:47:01 [http-nio-8080-exec-3] DEBUG org.hibernate.SQL - 
    select
        up1_0.id,
        up1_0.age,
        up1_0.fitness_goal,
        up1_0.user_id,
        up1_0.weight_kg 
    from
        user_profiles up1_0 
    where
        up1_0.user_id=?
2026-05-19 20:47:01 [http-nio-8080-exec-3] DEBUG org.hibernate.SQL - 
    select
        up1_0.id,
        up1_0.age,
        up1_0.fitness_goal,
        up1_0.user_id,
        up1_0.weight_kg 
    from
        user_profiles up1_0 
    where
        up1_0.user_id=?
2026-05-19 20:47:01 [http-nio-8080-exec-3] DEBUG org.hibernate.SQL - 
    select
        up1_0.id,
        up1_0.age,
        up1_0.fitness_goal,
        up1_0.user_id,
        up1_0.weight_kg 
    from
        user_profiles up1_0 
    where
        up1_0.user_id=?
2026-05-19 20:47:01 [http-nio-8080-exec-3] DEBUG org.hibernate.SQL - 
    select
        up1_0.id,
        up1_0.age,
        up1_0.fitness_goal,
        up1_0.user_id,
        up1_0.weight_kg 
    from
        user_profiles up1_0 
    where
        up1_0.user_id=?
2026-05-19 20:47:01 [http-nio-8080-exec-3] DEBUG org.hibernate.SQL - 
    select
        up1_0.id,
        up1_0.age,
        up1_0.fitness_goal,
        up1_0.user_id,
        up1_0.weight_kg 
    from
        user_profiles up1_0 
    where
        up1_0.user_id=?
2026-05-19 20:47:01 [http-nio-8080-exec-3] DEBUG org.hibernate.SQL - 
    select
        up1_0.id,
        up1_0.age,
        up1_0.fitness_goal,
        up1_0.user_id,
        up1_0.weight_kg 
    from
        user_profiles up1_0 
    where
        up1_0.user_id=?
2026-05-19 20:47:01 [http-nio-8080-exec-3] DEBUG org.hibernate.SQL - 
    select
        c1_0.id,
        c1_0.name,
        c1_0.specialization 
    from
        coaches c1_0 
    where
        c1_0.id=?
2026-05-19 20:47:01 [http-nio-8080-exec-3] DEBUG org.hibernate.SQL - 
    select
        up1_0.id,
        up1_0.age,
        up1_0.fitness_goal,
        up1_0.user_id,
        up1_0.weight_kg 
    from
        user_profiles up1_0 
    where
        up1_0.user_id=?
2026-05-19 20:47:01 [http-nio-8080-exec-3] DEBUG org.hibernate.SQL - 
    select
        up1_0.id,
        up1_0.age,
        up1_0.fitness_goal,
        up1_0.user_id,
        up1_0.weight_kg 
    from
        user_profiles up1_0 
    where
        up1_0.user_id=?
2026-05-19 20:47:01 [http-nio-8080-exec-3] DEBUG org.hibernate.SQL - 
    select
        up1_0.id,
        up1_0.age,
        up1_0.fitness_goal,
        up1_0.user_id,
        up1_0.weight_kg 
    from
        user_profiles up1_0 
    where
        up1_0.user_id=?
2026-05-19 20:47:01 [http-nio-8080-exec-3] DEBUG org.hibernate.SQL - 
    select
        up1_0.id,
        up1_0.age,
        up1_0.fitness_goal,
        up1_0.user_id,
        up1_0.weight_kg 
    from
        user_profiles up1_0 
    where
        up1_0.user_id=?
2026-05-19 20:47:01 [http-nio-8080-exec-3] DEBUG org.hibernate.SQL - 
    select
        up1_0.id,
        up1_0.age,
        up1_0.fitness_goal,
        up1_0.user_id,
        up1_0.weight_kg 
    from
        user_profiles up1_0 
    where
        up1_0.user_id=?
2026-05-19 20:47:01 [http-nio-8080-exec-5] DEBUG org.hibernate.SQL - 
    select
        u1_0.id,
        u1_0.coach_id,
        u1_0.email,
        u1_0.nutrition_plan_id,
        u1_0.password,
        u1_0.role,
        u1_0.username,
        u1_0.workout_group_id 
    from
        users u1_0 
    order by
        u1_0.username 
    offset
        ? rows 
    fetch
        first ? rows only
2026-05-19 20:47:01 [http-nio-8080-exec-5] DEBUG org.hibernate.SQL - 
    select
        up1_0.id,
        up1_0.age,
        up1_0.fitness_goal,
        up1_0.user_id,
        up1_0.weight_kg 
    from
        user_profiles up1_0 
    where
        up1_0.user_id=?
2026-05-19 20:47:01 [http-nio-8080-exec-5] DEBUG org.hibernate.SQL - 
    select
        up1_0.id,
        up1_0.age,
        up1_0.fitness_goal,
        up1_0.user_id,
        up1_0.weight_kg 
    from
        user_profiles up1_0 
    where
        up1_0.user_id=?
2026-05-19 20:47:01 [http-nio-8080-exec-5] DEBUG org.hibernate.SQL - 
    select
        up1_0.id,
        up1_0.age,
        up1_0.fitness_goal,
        up1_0.user_id,
        up1_0.weight_kg 
    from
        user_profiles up1_0 
    where
        up1_0.user_id=?
2026-05-19 20:47:01 [http-nio-8080-exec-5] DEBUG org.hibernate.SQL - 
    select
        up1_0.id,
        up1_0.age,
        up1_0.fitness_goal,
        up1_0.user_id,
        up1_0.weight_kg 
    from
        user_profiles up1_0 
    where
        up1_0.user_id=?
2026-05-19 20:47:01 [http-nio-8080-exec-5] DEBUG org.hibernate.SQL - 
    select
        up1_0.id,
        up1_0.age,
        up1_0.fitness_goal,
        up1_0.user_id,
        up1_0.weight_kg 
    from
        user_profiles up1_0 
    where
        up1_0.user_id=?
2026-05-19 20:47:01 [http-nio-8080-exec-5] DEBUG org.hibernate.SQL - 
    select
        count(u1_0.id) 
    from
        users u1_0
2026-05-19 20:47:01 [http-nio-8080-exec-5] DEBUG org.hibernate.SQL - 
    select
        c1_0.id,
        c1_0.name,
        c1_0.specialization 
    from
        coaches c1_0
2026-05-19 20:47:14 [http-nio-8080-exec-6] DEBUG org.hibernate.SQL - 
    select
        c1_0.id,
        c1_0.name,
        c1_0.specialization 
    from
        coaches c1_0 
    order by
        c1_0.name 
    offset
        ? rows 
    fetch
        first ? rows only
2026-05-19 20:47:21 [http-nio-8080-exec-9] DEBUG org.hibernate.SQL - 
    select
        u1_0.id,
        u1_0.coach_id,
        u1_0.email,
        u1_0.nutrition_plan_id,
        u1_0.password,
        u1_0.role,
        u1_0.username,
        u1_0.workout_group_id 
    from
        users u1_0 
    order by
        u1_0.username 
    offset
        ? rows 
    fetch
        first ? rows only
2026-05-19 20:47:21 [http-nio-8080-exec-9] DEBUG org.hibernate.SQL - 
    select
        up1_0.id,
        up1_0.age,
        up1_0.fitness_goal,
        up1_0.user_id,
        up1_0.weight_kg 
    from
        user_profiles up1_0 
    where
        up1_0.user_id=?
2026-05-19 20:47:21 [http-nio-8080-exec-9] DEBUG org.hibernate.SQL - 
    select
        up1_0.id,
        up1_0.age,
        up1_0.fitness_goal,
        up1_0.user_id,
        up1_0.weight_kg 
    from
        user_profiles up1_0 
    where
        up1_0.user_id=?
2026-05-19 20:47:21 [http-nio-8080-exec-9] DEBUG org.hibernate.SQL - 
    select
        up1_0.id,
        up1_0.age,
        up1_0.fitness_goal,
        up1_0.user_id,
        up1_0.weight_kg 
    from
        user_profiles up1_0 
    where
        up1_0.user_id=?
2026-05-19 20:47:21 [http-nio-8080-exec-9] DEBUG org.hibernate.SQL - 
    select
        up1_0.id,
        up1_0.age,
        up1_0.fitness_goal,
        up1_0.user_id,
        up1_0.weight_kg 
    from
        user_profiles up1_0 
    where
        up1_0.user_id=?
2026-05-19 20:47:21 [http-nio-8080-exec-9] DEBUG org.hibernate.SQL - 
    select
        up1_0.id,
        up1_0.age,
        up1_0.fitness_goal,
        up1_0.user_id,
        up1_0.weight_kg 
    from
        user_profiles up1_0 
    where
        up1_0.user_id=?
2026-05-19 20:47:21 [http-nio-8080-exec-9] DEBUG org.hibernate.SQL - 
    select
        count(u1_0.id) 
    from
        users u1_0
2026-05-19 20:47:21 [http-nio-8080-exec-9] DEBUG org.hibernate.SQL - 
    select
        c1_0.id,
        c1_0.name,
        c1_0.specialization 
    from
        coaches c1_0
2026-05-19 20:47:45 [http-nio-8080-exec-1] DEBUG org.hibernate.SQL - 
    select
        u1_0.id,
        c1_0.id,
        c1_0.name,
        c1_0.specialization,
        u1_0.email,
        np1_0.id,
        np1_0.calories,
        np1_0.description,
        np1_0.name,
        u1_0.password,
        p1_0.id,
        p1_0.age,
        p1_0.fitness_goal,
        p1_0.user_id,
        p1_0.weight_kg,
        u1_0.role,
        u1_0.username,
        wg1_0.id,
        wg1_0.category,
        wg1_0.description,
        wg1_0.name 
    from
        users u1_0 
    left join
        coaches c1_0 
            on c1_0.id=u1_0.coach_id 
    left join
        nutrition_plans np1_0 
            on np1_0.id=u1_0.nutrition_plan_id 
    left join
        user_profiles p1_0 
            on u1_0.id=p1_0.user_id 
    left join
        workout_groups wg1_0 
            on wg1_0.id=u1_0.workout_group_id 
    where
        u1_0.id=?
2026-05-19 20:47:45 [http-nio-8080-exec-1] DEBUG org.hibernate.SQL - 
    select
        c1_0.id,
        c1_0.name,
        c1_0.specialization 
    from
        coaches c1_0 
    where
        c1_0.id=?
2026-05-19 20:47:45 [http-nio-8080-exec-1] DEBUG org.hibernate.SQL - 
    update
        users 
    set
        coach_id=?,
        email=?,
        nutrition_plan_id=?,
        password=?,
        role=?,
        username=?,
        workout_group_id=? 
    where
        id=?
2026-05-19 20:47:45 [http-nio-8080-exec-2] DEBUG org.hibernate.SQL - 
    select
        u1_0.id,
        u1_0.coach_id,
        u1_0.email,
        u1_0.nutrition_plan_id,
        u1_0.password,
        u1_0.role,
        u1_0.username,
        u1_0.workout_group_id 
    from
        users u1_0 
    order by
        u1_0.username 
    offset
        ? rows 
    fetch
        first ? rows only
2026-05-19 20:47:45 [http-nio-8080-exec-2] DEBUG org.hibernate.SQL - 
    select
        up1_0.id,
        up1_0.age,
        up1_0.fitness_goal,
        up1_0.user_id,
        up1_0.weight_kg 
    from
        user_profiles up1_0 
    where
        up1_0.user_id=?
2026-05-19 20:47:45 [http-nio-8080-exec-2] DEBUG org.hibernate.SQL - 
    select
        up1_0.id,
        up1_0.age,
        up1_0.fitness_goal,
        up1_0.user_id,
        up1_0.weight_kg 
    from
        user_profiles up1_0 
    where
        up1_0.user_id=?
2026-05-19 20:47:45 [http-nio-8080-exec-2] DEBUG org.hibernate.SQL - 
    select
        up1_0.id,
        up1_0.age,
        up1_0.fitness_goal,
        up1_0.user_id,
        up1_0.weight_kg 
    from
        user_profiles up1_0 
    where
        up1_0.user_id=?
2026-05-19 20:47:45 [http-nio-8080-exec-2] DEBUG org.hibernate.SQL - 
    select
        c1_0.id,
        c1_0.name,
        c1_0.specialization 
    from
        coaches c1_0 
    where
        c1_0.id=?
2026-05-19 20:47:45 [http-nio-8080-exec-2] DEBUG org.hibernate.SQL - 
    select
        up1_0.id,
        up1_0.age,
        up1_0.fitness_goal,
        up1_0.user_id,
        up1_0.weight_kg 
    from
        user_profiles up1_0 
    where
        up1_0.user_id=?
2026-05-19 20:47:45 [http-nio-8080-exec-2] DEBUG org.hibernate.SQL - 
    select
        up1_0.id,
        up1_0.age,
        up1_0.fitness_goal,
        up1_0.user_id,
        up1_0.weight_kg 
    from
        user_profiles up1_0 
    where
        up1_0.user_id=?
2026-05-19 20:47:45 [http-nio-8080-exec-2] DEBUG org.hibernate.SQL - 
    select
        count(u1_0.id) 
    from
        users u1_0
2026-05-19 20:47:45 [http-nio-8080-exec-2] DEBUG org.hibernate.SQL - 
    select
        c1_0.id,
        c1_0.name,
        c1_0.specialization 
    from
        coaches c1_0
2026-05-19 20:47:59 [http-nio-8080-exec-3] DEBUG org.hibernate.SQL - 
    select
        up1_0.id,
        up1_0.age,
        up1_0.fitness_goal,
        up1_0.user_id,
        up1_0.weight_kg 
    from
        user_profiles up1_0 
    order by
        up1_0.id 
    offset
        ? rows 
    fetch
        first ? rows only
2026-05-19 20:47:59 [http-nio-8080-exec-3] DEBUG org.hibernate.SQL - 
    select
        u1_0.id,
        c1_0.id,
        c1_0.name,
        c1_0.specialization,
        u1_0.email,
        np1_0.id,
        np1_0.calories,
        np1_0.description,
        np1_0.name,
        u1_0.password,
        p1_0.id,
        p1_0.age,
        p1_0.fitness_goal,
        p1_0.user_id,
        p1_0.weight_kg,
        u1_0.role,
        u1_0.username,
        wg1_0.id,
        wg1_0.category,
        wg1_0.description,
        wg1_0.name 
    from
        users u1_0 
    left join
        coaches c1_0 
            on c1_0.id=u1_0.coach_id 
    left join
        nutrition_plans np1_0 
            on np1_0.id=u1_0.nutrition_plan_id 
    left join
        user_profiles p1_0 
            on u1_0.id=p1_0.user_id 
    left join
        workout_groups wg1_0 
            on wg1_0.id=u1_0.workout_group_id 
    where
        u1_0.id=?
2026-05-19 20:47:59 [http-nio-8080-exec-7] DEBUG org.hibernate.SQL - 
    select
        c1_0.id,
        c1_0.name,
        c1_0.specialization 
    from
        coaches c1_0 
    order by
        c1_0.name 
    offset
        ? rows 
    fetch
        first ? rows only
2026-05-19 20:48:01 [http-nio-8080-exec-6] DEBUG org.hibernate.SQL - 
    select
        wg1_0.id,
        wg1_0.category,
        wg1_0.description,
        wg1_0.name 
    from
        workout_groups wg1_0 
    order by
        wg1_0.name 
    offset
        ? rows 
    fetch
        first ? rows only
2026-05-19 20:48:02 [http-nio-8080-exec-9] DEBUG org.hibernate.SQL - 
    select
        e1_0.id,
        e1_0.description,
        e1_0.duration,
        e1_0.muscle_group,
        e1_0.name,
        e1_0.reps,
        e1_0.sets 
    from
        exercises e1_0
2026-05-19 20:48:06 [http-nio-8080-exec-10] DEBUG org.hibernate.SQL - 
    select
        e1_0.id,
        e1_0.description,
        e1_0.duration,
        e1_0.muscle_group,
        e1_0.name,
        e1_0.reps,
        e1_0.sets 
    from
        exercises e1_0 
    where
        e1_0.id=?
2026-05-19 20:48:06 [http-nio-8080-exec-10] DEBUG org.hibernate.SQL - 
    select
        wg1_0.id,
        wg1_0.category,
        wg1_0.description,
        wg1_0.name 
    from
        workout_groups wg1_0
2026-05-19 20:48:08 [http-nio-8080-exec-1] DEBUG org.hibernate.SQL - 
    select
        e1_0.id,
        e1_0.description,
        e1_0.duration,
        e1_0.muscle_group,
        e1_0.name,
        e1_0.reps,
        e1_0.sets 
    from
        exercises e1_0
2026-05-19 20:48:14 [http-nio-8080-exec-4] DEBUG org.hibernate.SQL - 
    select
        c1_0.id,
        c1_0.name,
        c1_0.specialization 
    from
        coaches c1_0 
    order by
        c1_0.name 
    offset
        ? rows 
    fetch
        first ? rows only
2026-05-19 20:48:40 [http-nio-8080-exec-7] DEBUG org.hibernate.SQL - 
    insert 
    into
        coaches
        (name, specialization, id) 
    values
        (?, ?, default)
2026-05-19 20:48:40 [http-nio-8080-exec-6] DEBUG org.hibernate.SQL - 
    select
        c1_0.id,
        c1_0.name,
        c1_0.specialization 
    from
        coaches c1_0 
    order by
        c1_0.name 
    offset
        ? rows 
    fetch
        first ? rows only
2026-05-19 20:48:40 [http-nio-8080-exec-6] DEBUG org.hibernate.SQL - 
    select
        count(c1_0.id) 
    from
        coaches c1_0
2026-05-19 20:48:41 [http-nio-8080-exec-9] DEBUG org.hibernate.SQL - 
    select
        u1_0.id,
        u1_0.coach_id,
        u1_0.email,
        u1_0.nutrition_plan_id,
        u1_0.password,
        u1_0.role,
        u1_0.username,
        u1_0.workout_group_id 
    from
        users u1_0 
    order by
        u1_0.username 
    offset
        ? rows 
    fetch
        first ? rows only
2026-05-19 20:48:41 [http-nio-8080-exec-9] DEBUG org.hibernate.SQL - 
    select
        up1_0.id,
        up1_0.age,
        up1_0.fitness_goal,
        up1_0.user_id,
        up1_0.weight_kg 
    from
        user_profiles up1_0 
    where
        up1_0.user_id=?
2026-05-19 20:48:41 [http-nio-8080-exec-9] DEBUG org.hibernate.SQL - 
    select
        up1_0.id,
        up1_0.age,
        up1_0.fitness_goal,
        up1_0.user_id,
        up1_0.weight_kg 
    from
        user_profiles up1_0 
    where
        up1_0.user_id=?
2026-05-19 20:48:41 [http-nio-8080-exec-9] DEBUG org.hibernate.SQL - 
    select
        up1_0.id,
        up1_0.age,
        up1_0.fitness_goal,
        up1_0.user_id,
        up1_0.weight_kg 
    from
        user_profiles up1_0 
    where
        up1_0.user_id=?
2026-05-19 20:48:41 [http-nio-8080-exec-9] DEBUG org.hibernate.SQL - 
    select
        c1_0.id,
        c1_0.name,
        c1_0.specialization 
    from
        coaches c1_0 
    where
        c1_0.id=?
2026-05-19 20:48:41 [http-nio-8080-exec-9] DEBUG org.hibernate.SQL - 
    select
        up1_0.id,
        up1_0.age,
        up1_0.fitness_goal,
        up1_0.user_id,
        up1_0.weight_kg 
    from
        user_profiles up1_0 
    where
        up1_0.user_id=?
2026-05-19 20:48:41 [http-nio-8080-exec-9] DEBUG org.hibernate.SQL - 
    select
        up1_0.id,
        up1_0.age,
        up1_0.fitness_goal,
        up1_0.user_id,
        up1_0.weight_kg 
    from
        user_profiles up1_0 
    where
        up1_0.user_id=?
2026-05-19 20:48:41 [http-nio-8080-exec-9] DEBUG org.hibernate.SQL - 
    select
        count(u1_0.id) 
    from
        users u1_0
2026-05-19 20:48:41 [http-nio-8080-exec-9] DEBUG org.hibernate.SQL - 
    select
        c1_0.id,
        c1_0.name,
        c1_0.specialization 
    from
        coaches c1_0
2026-05-19 20:48:49 [http-nio-8080-exec-1] DEBUG org.hibernate.SQL - 
    select
        u1_0.id,
        c1_0.id,
        c1_0.name,
        c1_0.specialization,
        u1_0.email,
        np1_0.id,
        np1_0.calories,
        np1_0.description,
        np1_0.name,
        u1_0.password,
        p1_0.id,
        p1_0.age,
        p1_0.fitness_goal,
        p1_0.user_id,
        p1_0.weight_kg,
        u1_0.role,
        u1_0.username,
        wg1_0.id,
        wg1_0.category,
        wg1_0.description,
        wg1_0.name 
    from
        users u1_0 
    left join
        coaches c1_0 
            on c1_0.id=u1_0.coach_id 
    left join
        nutrition_plans np1_0 
            on np1_0.id=u1_0.nutrition_plan_id 
    left join
        user_profiles p1_0 
            on u1_0.id=p1_0.user_id 
    left join
        workout_groups wg1_0 
            on wg1_0.id=u1_0.workout_group_id 
    where
        u1_0.id=?
2026-05-19 20:48:49 [http-nio-8080-exec-1] DEBUG org.hibernate.SQL - 
    select
        c1_0.id,
        c1_0.name,
        c1_0.specialization 
    from
        coaches c1_0 
    where
        c1_0.id=?
2026-05-19 20:48:49 [http-nio-8080-exec-1] DEBUG org.hibernate.SQL - 
    update
        users 
    set
        coach_id=?,
        email=?,
        nutrition_plan_id=?,
        password=?,
        role=?,
        username=?,
        workout_group_id=? 
    where
        id=?
2026-05-19 20:48:49 [http-nio-8080-exec-2] DEBUG org.hibernate.SQL - 
    select
        u1_0.id,
        u1_0.coach_id,
        u1_0.email,
        u1_0.nutrition_plan_id,
        u1_0.password,
        u1_0.role,
        u1_0.username,
        u1_0.workout_group_id 
    from
        users u1_0 
    order by
        u1_0.username 
    offset
        ? rows 
    fetch
        first ? rows only
2026-05-19 20:48:49 [http-nio-8080-exec-2] DEBUG org.hibernate.SQL - 
    select
        up1_0.id,
        up1_0.age,
        up1_0.fitness_goal,
        up1_0.user_id,
        up1_0.weight_kg 
    from
        user_profiles up1_0 
    where
        up1_0.user_id=?
2026-05-19 20:48:49 [http-nio-8080-exec-2] DEBUG org.hibernate.SQL - 
    select
        up1_0.id,
        up1_0.age,
        up1_0.fitness_goal,
        up1_0.user_id,
        up1_0.weight_kg 
    from
        user_profiles up1_0 
    where
        up1_0.user_id=?
2026-05-19 20:48:49 [http-nio-8080-exec-2] DEBUG org.hibernate.SQL - 
    select
        c1_0.id,
        c1_0.name,
        c1_0.specialization 
    from
        coaches c1_0 
    where
        c1_0.id=?
2026-05-19 20:48:49 [http-nio-8080-exec-2] DEBUG org.hibernate.SQL - 
    select
        up1_0.id,
        up1_0.age,
        up1_0.fitness_goal,
        up1_0.user_id,
        up1_0.weight_kg 
    from
        user_profiles up1_0 
    where
        up1_0.user_id=?
2026-05-19 20:48:49 [http-nio-8080-exec-2] DEBUG org.hibernate.SQL - 
    select
        c1_0.id,
        c1_0.name,
        c1_0.specialization 
    from
        coaches c1_0 
    where
        c1_0.id=?
2026-05-19 20:48:49 [http-nio-8080-exec-2] DEBUG org.hibernate.SQL - 
    select
        up1_0.id,
        up1_0.age,
        up1_0.fitness_goal,
        up1_0.user_id,
        up1_0.weight_kg 
    from
        user_profiles up1_0 
    where
        up1_0.user_id=?
2026-05-19 20:48:49 [http-nio-8080-exec-2] DEBUG org.hibernate.SQL - 
    select
        up1_0.id,
        up1_0.age,
        up1_0.fitness_goal,
        up1_0.user_id,
        up1_0.weight_kg 
    from
        user_profiles up1_0 
    where
        up1_0.user_id=?
2026-05-19 20:48:49 [http-nio-8080-exec-2] DEBUG org.hibernate.SQL - 
    select
        count(u1_0.id) 
    from
        users u1_0
2026-05-19 20:48:49 [http-nio-8080-exec-2] DEBUG org.hibernate.SQL - 
    select
        c1_0.id,
        c1_0.name,
        c1_0.specialization 
    from
        coaches c1_0
2026-05-19 20:52:57 [SpringApplicationShutdownHook] INFO  o.s.b.w.e.tomcat.GracefulShutdown - Commencing graceful shutdown. Waiting for active requests to complete
2026-05-19 20:52:57 [tomcat-shutdown] INFO  o.s.b.w.e.tomcat.GracefulShutdown - Graceful shutdown complete
2026-05-19 20:52:57 [SpringApplicationShutdownHook] INFO  o.s.o.j.LocalContainerEntityManagerFactoryBean - Closing JPA EntityManagerFactory for persistence unit 'default'
2026-05-19 20:52:57 [SpringApplicationShutdownHook] INFO  com.zaxxer.hikari.HikariDataSource - HikariPool-1 - Shutdown initiated...
2026-05-19 20:52:57 [SpringApplicationShutdownHook] INFO  com.zaxxer.hikari.HikariDataSource - HikariPool-1 - Shutdown completed.
2026-06-04 19:08:16 [main] INFO  com.fitness.opp.OppApplication - Starting OppApplication using Java 21.0.10 with PID 7128 (C:\Users\Dunduc George\Desktop\fitness\opp\target\classes started by Dunduc George in C:\Users\Dunduc George\Desktop\fitness)
2026-06-04 19:08:16 [main] DEBUG com.fitness.opp.OppApplication - Running with Spring Boot v3.4.1, Spring v6.2.1
2026-06-04 19:08:16 [main] INFO  com.fitness.opp.OppApplication - The following 1 profile is active: "dev"
2026-06-04 19:08:17 [main] INFO  o.s.d.r.c.RepositoryConfigurationDelegate - Bootstrapping Spring Data JPA repositories in DEFAULT mode.
2026-06-04 19:08:17 [main] INFO  o.s.d.r.c.RepositoryConfigurationDelegate - Finished Spring Data repository scanning in 86 ms. Found 6 JPA repository interfaces.
2026-06-04 19:08:18 [main] INFO  o.s.b.w.e.tomcat.TomcatWebServer - Tomcat initialized with port 8080 (http)
2026-06-04 19:08:18 [main] INFO  o.a.catalina.core.StandardService - Starting service [Tomcat]
2026-06-04 19:08:18 [main] INFO  o.a.catalina.core.StandardEngine - Starting Servlet engine: [Apache Tomcat/10.1.34]
2026-06-04 19:08:18 [main] INFO  o.a.c.c.C.[Tomcat].[localhost].[/] - Initializing Spring embedded WebApplicationContext
2026-06-04 19:08:18 [main] INFO  o.s.b.w.s.c.ServletWebServerApplicationContext - Root WebApplicationContext: initialization completed in 1899 ms
2026-06-04 19:08:19 [main] INFO  o.h.jpa.internal.util.LogHelper - HHH000204: Processing PersistenceUnitInfo [name: default]
2026-06-04 19:08:19 [main] INFO  org.hibernate.Version - HHH000412: Hibernate ORM core version 6.6.4.Final
2026-06-04 19:08:19 [main] INFO  o.h.c.i.RegionFactoryInitiator - HHH000026: Second-level cache disabled
2026-06-04 19:08:19 [main] INFO  o.s.o.j.p.SpringPersistenceUnitInfo - No LoadTimeWeaver setup: ignoring JPA class transformer
2026-06-04 19:08:19 [main] INFO  com.zaxxer.hikari.HikariDataSource - HikariPool-1 - Starting...
2026-06-04 19:08:20 [main] INFO  com.zaxxer.hikari.pool.HikariPool - HikariPool-1 - Added connection oracle.jdbc.driver.T4CConnection@54daf8f9
2026-06-04 19:08:20 [main] INFO  com.zaxxer.hikari.HikariDataSource - HikariPool-1 - Start completed.
2026-06-04 19:08:21 [main] WARN  org.hibernate.orm.deprecation - HHH90000025: OracleDialect does not need to be specified explicitly using 'hibernate.dialect' (remove the property setting and it will be selected by default)
2026-06-04 19:08:21 [main] INFO  o.hibernate.orm.connections.pooling - HHH10001005: Database info:
	Database JDBC URL [Connecting through datasource 'HikariDataSource (HikariPool-1)']
	Database driver: undefined/unknown
	Database version: 21.3
	Autocommit mode: undefined/unknown
	Isolation level: undefined/unknown
	Minimum pool size: undefined/unknown
	Maximum pool size: undefined/unknown
2026-06-04 19:08:22 [main] INFO  o.h.e.t.j.p.i.JtaPlatformInitiator - HHH000489: No JTA platform available (set 'hibernate.transaction.jta.platform' to enable JTA platform integration)
2026-06-04 19:08:30 [main] INFO  o.s.o.j.LocalContainerEntityManagerFactoryBean - Initialized JPA EntityManagerFactory for persistence unit 'default'
2026-06-04 19:08:31 [main] WARN  o.s.b.a.o.j.JpaBaseConfiguration$JpaWebConfiguration - spring.jpa.open-in-view is enabled by default. Therefore, database queries may be performed during view rendering. Explicitly configure spring.jpa.open-in-view to disable this warning
2026-06-04 19:08:31 [main] INFO  o.s.s.c.a.a.c.InitializeAuthenticationProviderBeanManagerConfigurer$InitializeAuthenticationProviderManagerConfigurer - Global AuthenticationManager configured with AuthenticationProvider bean with name authenticationProvider
2026-06-04 19:08:31 [main] WARN  o.s.s.c.a.a.c.InitializeUserDetailsBeanManagerConfigurer$InitializeUserDetailsManagerConfigurer - Global AuthenticationManager configured with an AuthenticationProvider bean. UserDetailsService beans will not be used by Spring Security for automatically configuring username/password login. Consider removing the AuthenticationProvider bean. Alternatively, consider using the UserDetailsService in a manually instantiated DaoAuthenticationProvider. If the current configuration is intentional, to turn off this warning, increase the logging level of 'org.springframework.security.config.annotation.authentication.configuration.InitializeUserDetailsBeanManagerConfigurer' to ERROR
2026-06-04 19:08:31 [main] INFO  o.s.b.w.e.tomcat.TomcatWebServer - Tomcat started on port 8080 (http) with context path '/'
2026-06-04 19:08:31 [main] INFO  com.fitness.opp.OppApplication - Started OppApplication in 15.942 seconds (process running for 17.272)
2026-06-04 19:08:31 [main] DEBUG org.hibernate.SQL - 
    select
        u1_0.id,
        u1_0.coach_id,
        u1_0.email,
        u1_0.nutrition_plan_id,
        u1_0.password,
        u1_0.role,
        u1_0.username,
        u1_0.workout_group_id 
    from
        users u1_0 
    where
        u1_0.username=?
2026-06-04 19:08:32 [main] DEBUG org.hibernate.SQL - 
    select
        up1_0.id,
        up1_0.age,
        up1_0.fitness_goal,
        up1_0.user_id,
        up1_0.weight_kg 
    from
        user_profiles up1_0 
    where
        up1_0.user_id=?
2026-06-04 19:08:32 [main] DEBUG org.hibernate.SQL - 
    select
        u1_0.id,
        c1_0.id,
        c1_0.name,
        c1_0.specialization,
        u1_0.email,
        np1_0.id,
        np1_0.calories,
        np1_0.description,
        np1_0.name,
        u1_0.password,
        p1_0.id,
        p1_0.age,
        p1_0.fitness_goal,
        p1_0.user_id,
        p1_0.weight_kg,
        u1_0.role,
        u1_0.username,
        wg1_0.id,
        wg1_0.category,
        wg1_0.description,
        wg1_0.name 
    from
        users u1_0 
    left join
        coaches c1_0 
            on c1_0.id=u1_0.coach_id 
    left join
        nutrition_plans np1_0 
            on np1_0.id=u1_0.nutrition_plan_id 
    left join
        user_profiles p1_0 
            on u1_0.id=p1_0.user_id 
    left join
        workout_groups wg1_0 
            on wg1_0.id=u1_0.workout_group_id 
    where
        u1_0.id=?
2026-06-04 19:08:32 [main] DEBUG org.hibernate.SQL - 
    delete 
    from
        users 
    where
        id=?
2026-06-04 19:08:32 [main] DEBUG org.hibernate.SQL - 
    insert 
    into
        users
        (coach_id, email, nutrition_plan_id, password, role, username, workout_group_id, id) 
    values
        (?, ?, ?, ?, ?, ?, ?, default)
2026-06-04 19:08:47 [http-nio-8080-exec-1] INFO  o.a.c.c.C.[Tomcat].[localhost].[/] - Initializing Spring DispatcherServlet 'dispatcherServlet'
2026-06-04 19:08:47 [http-nio-8080-exec-1] INFO  o.s.web.servlet.DispatcherServlet - Initializing Servlet 'dispatcherServlet'
2026-06-04 19:08:47 [http-nio-8080-exec-1] INFO  o.s.web.servlet.DispatcherServlet - Completed initialization in 1 ms
2026-06-04 19:08:54 [http-nio-8080-exec-5] DEBUG org.hibernate.SQL - 
    select
        u1_0.id,
        u1_0.coach_id,
        u1_0.email,
        u1_0.nutrition_plan_id,
        u1_0.password,
        u1_0.role,
        u1_0.username,
        u1_0.workout_group_id 
    from
        users u1_0
2026-06-04 19:08:54 [http-nio-8080-exec-5] DEBUG org.hibernate.SQL - 
    select
        up1_0.id,
        up1_0.age,
        up1_0.fitness_goal,
        up1_0.user_id,
        up1_0.weight_kg 
    from
        user_profiles up1_0 
    where
        up1_0.user_id=?
2026-06-04 19:08:54 [http-nio-8080-exec-5] DEBUG org.hibernate.SQL - 
    select
        up1_0.id,
        up1_0.age,
        up1_0.fitness_goal,
        up1_0.user_id,
        up1_0.weight_kg 
    from
        user_profiles up1_0 
    where
        up1_0.user_id=?
2026-06-04 19:08:54 [http-nio-8080-exec-5] DEBUG org.hibernate.SQL - 
    select
        up1_0.id,
        up1_0.age,
        up1_0.fitness_goal,
        up1_0.user_id,
        up1_0.weight_kg 
    from
        user_profiles up1_0 
    where
        up1_0.user_id=?
2026-06-04 19:08:54 [http-nio-8080-exec-5] DEBUG org.hibernate.SQL - 
    select
        up1_0.id,
        up1_0.age,
        up1_0.fitness_goal,
        up1_0.user_id,
        up1_0.weight_kg 
    from
        user_profiles up1_0 
    where
        up1_0.user_id=?
2026-06-04 19:08:54 [http-nio-8080-exec-5] DEBUG org.hibernate.SQL - 
    select
        up1_0.id,
        up1_0.age,
        up1_0.fitness_goal,
        up1_0.user_id,
        up1_0.weight_kg 
    from
        user_profiles up1_0 
    where
        up1_0.user_id=?
2026-06-04 19:08:54 [http-nio-8080-exec-5] DEBUG org.hibernate.SQL - 
    select
        up1_0.id,
        up1_0.age,
        up1_0.fitness_goal,
        up1_0.user_id,
        up1_0.weight_kg 
    from
        user_profiles up1_0 
    where
        up1_0.user_id=?
2026-06-04 19:08:54 [http-nio-8080-exec-5] DEBUG org.hibernate.SQL - 
    select
        c1_0.id,
        c1_0.name,
        c1_0.specialization 
    from
        coaches c1_0 
    where
        c1_0.id=?
2026-06-04 19:08:54 [http-nio-8080-exec-5] DEBUG org.hibernate.SQL - 
    select
        up1_0.id,
        up1_0.age,
        up1_0.fitness_goal,
        up1_0.user_id,
        up1_0.weight_kg 
    from
        user_profiles up1_0 
    where
        up1_0.user_id=?
2026-06-04 19:08:54 [http-nio-8080-exec-5] DEBUG org.hibernate.SQL - 
    select
        c1_0.id,
        c1_0.name,
        c1_0.specialization 
    from
        coaches c1_0 
    where
        c1_0.id=?
2026-06-04 19:08:54 [http-nio-8080-exec-5] DEBUG org.hibernate.SQL - 
    select
        up1_0.id,
        up1_0.age,
        up1_0.fitness_goal,
        up1_0.user_id,
        up1_0.weight_kg 
    from
        user_profiles up1_0 
    where
        up1_0.user_id=?
2026-06-04 19:08:54 [http-nio-8080-exec-5] DEBUG org.hibernate.SQL - 
    select
        up1_0.id,
        up1_0.age,
        up1_0.fitness_goal,
        up1_0.user_id,
        up1_0.weight_kg 
    from
        user_profiles up1_0 
    where
        up1_0.user_id=?
2026-06-04 19:08:54 [http-nio-8080-exec-5] DEBUG org.hibernate.SQL - 
    select
        c1_0.id,
        c1_0.name,
        c1_0.specialization 
    from
        coaches c1_0 
    where
        c1_0.id=?
2026-06-04 19:08:54 [http-nio-8080-exec-5] DEBUG org.hibernate.SQL - 
    select
        up1_0.id,
        up1_0.age,
        up1_0.fitness_goal,
        up1_0.user_id,
        up1_0.weight_kg 
    from
        user_profiles up1_0 
    where
        up1_0.user_id=?
2026-06-04 19:08:54 [http-nio-8080-exec-5] DEBUG org.hibernate.SQL - 
    select
        up1_0.id,
        up1_0.age,
        up1_0.fitness_goal,
        up1_0.user_id,
        up1_0.weight_kg 
    from
        user_profiles up1_0 
    where
        up1_0.user_id=?
2026-06-04 19:08:54 [http-nio-8080-exec-5] DEBUG org.hibernate.SQL - 
    select
        up1_0.id,
        up1_0.age,
        up1_0.fitness_goal,
        up1_0.user_id,
        up1_0.weight_kg 
    from
        user_profiles up1_0 
    where
        up1_0.user_id=?
2026-06-04 19:08:54 [http-nio-8080-exec-5] DEBUG org.hibernate.SQL - 
    select
        u1_0.id,
        u1_0.coach_id,
        u1_0.email,
        u1_0.nutrition_plan_id,
        u1_0.password,
        u1_0.role,
        u1_0.username,
        u1_0.workout_group_id 
    from
        users u1_0
2026-06-04 19:08:54 [http-nio-8080-exec-5] DEBUG org.hibernate.SQL - 
    select
        up1_0.id,
        up1_0.age,
        up1_0.fitness_goal,
        up1_0.user_id,
        up1_0.weight_kg 
    from
        user_profiles up1_0 
    where
        up1_0.user_id=?
2026-06-04 19:08:54 [http-nio-8080-exec-5] DEBUG org.hibernate.SQL - 
    select
        up1_0.id,
        up1_0.age,
        up1_0.fitness_goal,
        up1_0.user_id,
        up1_0.weight_kg 
    from
        user_profiles up1_0 
    where
        up1_0.user_id=?
2026-06-04 19:08:54 [http-nio-8080-exec-5] DEBUG org.hibernate.SQL - 
    select
        up1_0.id,
        up1_0.age,
        up1_0.fitness_goal,
        up1_0.user_id,
        up1_0.weight_kg 
    from
        user_profiles up1_0 
    where
        up1_0.user_id=?
2026-06-04 19:08:54 [http-nio-8080-exec-5] DEBUG org.hibernate.SQL - 
    select
        up1_0.id,
        up1_0.age,
        up1_0.fitness_goal,
        up1_0.user_id,
        up1_0.weight_kg 
    from
        user_profiles up1_0 
    where
        up1_0.user_id=?
2026-06-04 19:08:54 [http-nio-8080-exec-5] DEBUG org.hibernate.SQL - 
    select
        up1_0.id,
        up1_0.age,
        up1_0.fitness_goal,
        up1_0.user_id,
        up1_0.weight_kg 
    from
        user_profiles up1_0 
    where
        up1_0.user_id=?
2026-06-04 19:08:54 [http-nio-8080-exec-5] DEBUG org.hibernate.SQL - 
    select
        up1_0.id,
        up1_0.age,
        up1_0.fitness_goal,
        up1_0.user_id,
        up1_0.weight_kg 
    from
        user_profiles up1_0 
    where
        up1_0.user_id=?
2026-06-04 19:08:54 [http-nio-8080-exec-5] DEBUG org.hibernate.SQL - 
    select
        c1_0.id,
        c1_0.name,
        c1_0.specialization 
    from
        coaches c1_0 
    where
        c1_0.id=?
2026-06-04 19:08:54 [http-nio-8080-exec-5] DEBUG org.hibernate.SQL - 
    select
        up1_0.id,
        up1_0.age,
        up1_0.fitness_goal,
        up1_0.user_id,
        up1_0.weight_kg 
    from
        user_profiles up1_0 
    where
        up1_0.user_id=?
2026-06-04 19:08:54 [http-nio-8080-exec-5] DEBUG org.hibernate.SQL - 
    select
        c1_0.id,
        c1_0.name,
        c1_0.specialization 
    from
        coaches c1_0 
    where
        c1_0.id=?
2026-06-04 19:08:54 [http-nio-8080-exec-5] DEBUG org.hibernate.SQL - 
    select
        up1_0.id,
        up1_0.age,
        up1_0.fitness_goal,
        up1_0.user_id,
        up1_0.weight_kg 
    from
        user_profiles up1_0 
    where
        up1_0.user_id=?
2026-06-04 19:08:54 [http-nio-8080-exec-5] DEBUG org.hibernate.SQL - 
    select
        up1_0.id,
        up1_0.age,
        up1_0.fitness_goal,
        up1_0.user_id,
        up1_0.weight_kg 
    from
        user_profiles up1_0 
    where
        up1_0.user_id=?
2026-06-04 19:08:54 [http-nio-8080-exec-5] DEBUG org.hibernate.SQL - 
    select
        c1_0.id,
        c1_0.name,
        c1_0.specialization 
    from
        coaches c1_0 
    where
        c1_0.id=?
2026-06-04 19:08:54 [http-nio-8080-exec-5] DEBUG org.hibernate.SQL - 
    select
        up1_0.id,
        up1_0.age,
        up1_0.fitness_goal,
        up1_0.user_id,
        up1_0.weight_kg 
    from
        user_profiles up1_0 
    where
        up1_0.user_id=?
2026-06-04 19:08:54 [http-nio-8080-exec-5] DEBUG org.hibernate.SQL - 
    select
        up1_0.id,
        up1_0.age,
        up1_0.fitness_goal,
        up1_0.user_id,
        up1_0.weight_kg 
    from
        user_profiles up1_0 
    where
        up1_0.user_id=?
2026-06-04 19:08:54 [http-nio-8080-exec-5] DEBUG org.hibernate.SQL - 
    select
        up1_0.id,
        up1_0.age,
        up1_0.fitness_goal,
        up1_0.user_id,
        up1_0.weight_kg 
    from
        user_profiles up1_0 
    where
        up1_0.user_id=?
2026-06-04 19:08:54 [http-nio-8080-exec-4] DEBUG org.hibernate.SQL - 
    select
        u1_0.id,
        u1_0.coach_id,
        u1_0.email,
        u1_0.nutrition_plan_id,
        u1_0.password,
        u1_0.role,
        u1_0.username,
        u1_0.workout_group_id 
    from
        users u1_0 
    order by
        u1_0.username 
    offset
        ? rows 
    fetch
        first ? rows only
2026-06-04 19:08:54 [http-nio-8080-exec-4] DEBUG org.hibernate.SQL - 
    select
        up1_0.id,
        up1_0.age,
        up1_0.fitness_goal,
        up1_0.user_id,
        up1_0.weight_kg 
    from
        user_profiles up1_0 
    where
        up1_0.user_id=?
2026-06-04 19:08:54 [http-nio-8080-exec-4] DEBUG org.hibernate.SQL - 
    select
        up1_0.id,
        up1_0.age,
        up1_0.fitness_goal,
        up1_0.user_id,
        up1_0.weight_kg 
    from
        user_profiles up1_0 
    where
        up1_0.user_id=?
2026-06-04 19:08:54 [http-nio-8080-exec-4] DEBUG org.hibernate.SQL - 
    select
        c1_0.id,
        c1_0.name,
        c1_0.specialization 
    from
        coaches c1_0 
    where
        c1_0.id=?
2026-06-04 19:08:54 [http-nio-8080-exec-4] DEBUG org.hibernate.SQL - 
    select
        up1_0.id,
        up1_0.age,
        up1_0.fitness_goal,
        up1_0.user_id,
        up1_0.weight_kg 
    from
        user_profiles up1_0 
    where
        up1_0.user_id=?
2026-06-04 19:08:54 [http-nio-8080-exec-4] DEBUG org.hibernate.SQL - 
    select
        c1_0.id,
        c1_0.name,
        c1_0.specialization 
    from
        coaches c1_0 
    where
        c1_0.id=?
2026-06-04 19:08:54 [http-nio-8080-exec-4] DEBUG org.hibernate.SQL - 
    select
        up1_0.id,
        up1_0.age,
        up1_0.fitness_goal,
        up1_0.user_id,
        up1_0.weight_kg 
    from
        user_profiles up1_0 
    where
        up1_0.user_id=?
2026-06-04 19:08:54 [http-nio-8080-exec-4] DEBUG org.hibernate.SQL - 
    select
        up1_0.id,
        up1_0.age,
        up1_0.fitness_goal,
        up1_0.user_id,
        up1_0.weight_kg 
    from
        user_profiles up1_0 
    where
        up1_0.user_id=?
2026-06-04 19:08:54 [http-nio-8080-exec-4] DEBUG org.hibernate.SQL - 
    select
        count(u1_0.id) 
    from
        users u1_0
2026-06-04 19:08:54 [http-nio-8080-exec-4] DEBUG org.hibernate.SQL - 
    select
        c1_0.id,
        c1_0.name,
        c1_0.specialization 
    from
        coaches c1_0
2026-06-04 19:08:57 [http-nio-8080-exec-7] DEBUG org.hibernate.SQL - 
    select
        u1_0.id,
        u1_0.coach_id,
        u1_0.email,
        u1_0.nutrition_plan_id,
        u1_0.password,
        u1_0.role,
        u1_0.username,
        u1_0.workout_group_id 
    from
        users u1_0 
    order by
        u1_0.username 
    offset
        ? rows 
    fetch
        first ? rows only
2026-06-04 19:08:57 [http-nio-8080-exec-7] DEBUG org.hibernate.SQL - 
    select
        c1_0.id,
        c1_0.name,
        c1_0.specialization 
    from
        coaches c1_0 
    where
        c1_0.id=?
2026-06-04 19:08:57 [http-nio-8080-exec-7] DEBUG org.hibernate.SQL - 
    select
        up1_0.id,
        up1_0.age,
        up1_0.fitness_goal,
        up1_0.user_id,
        up1_0.weight_kg 
    from
        user_profiles up1_0 
    where
        up1_0.user_id=?
2026-06-04 19:08:57 [http-nio-8080-exec-7] DEBUG org.hibernate.SQL - 
    select
        up1_0.id,
        up1_0.age,
        up1_0.fitness_goal,
        up1_0.user_id,
        up1_0.weight_kg 
    from
        user_profiles up1_0 
    where
        up1_0.user_id=?
2026-06-04 19:08:57 [http-nio-8080-exec-7] DEBUG org.hibernate.SQL - 
    select
        up1_0.id,
        up1_0.age,
        up1_0.fitness_goal,
        up1_0.user_id,
        up1_0.weight_kg 
    from
        user_profiles up1_0 
    where
        up1_0.user_id=?
2026-06-04 19:08:57 [http-nio-8080-exec-7] DEBUG org.hibernate.SQL - 
    select
        up1_0.id,
        up1_0.age,
        up1_0.fitness_goal,
        up1_0.user_id,
        up1_0.weight_kg 
    from
        user_profiles up1_0 
    where
        up1_0.user_id=?
2026-06-04 19:08:57 [http-nio-8080-exec-7] DEBUG org.hibernate.SQL - 
    select
        up1_0.id,
        up1_0.age,
        up1_0.fitness_goal,
        up1_0.user_id,
        up1_0.weight_kg 
    from
        user_profiles up1_0 
    where
        up1_0.user_id=?
2026-06-04 19:08:57 [http-nio-8080-exec-7] DEBUG org.hibernate.SQL - 
    select
        count(u1_0.id) 
    from
        users u1_0
2026-06-04 19:08:57 [http-nio-8080-exec-7] DEBUG org.hibernate.SQL - 
    select
        c1_0.id,
        c1_0.name,
        c1_0.specialization 
    from
        coaches c1_0
2026-06-04 19:08:58 [http-nio-8080-exec-9] DEBUG org.hibernate.SQL - 
    select
        u1_0.id,
        u1_0.coach_id,
        u1_0.email,
        u1_0.nutrition_plan_id,
        u1_0.password,
        u1_0.role,
        u1_0.username,
        u1_0.workout_group_id 
    from
        users u1_0 
    order by
        u1_0.username 
    offset
        ? rows 
    fetch
        first ? rows only
2026-06-04 19:08:58 [http-nio-8080-exec-9] DEBUG org.hibernate.SQL - 
    select
        up1_0.id,
        up1_0.age,
        up1_0.fitness_goal,
        up1_0.user_id,
        up1_0.weight_kg 
    from
        user_profiles up1_0 
    where
        up1_0.user_id=?
2026-06-04 19:08:58 [http-nio-8080-exec-9] DEBUG org.hibernate.SQL - 
    select
        up1_0.id,
        up1_0.age,
        up1_0.fitness_goal,
        up1_0.user_id,
        up1_0.weight_kg 
    from
        user_profiles up1_0 
    where
        up1_0.user_id=?
2026-06-04 19:08:58 [http-nio-8080-exec-9] DEBUG org.hibernate.SQL - 
    select
        c1_0.id,
        c1_0.name,
        c1_0.specialization 
    from
        coaches c1_0
2026-06-04 19:08:59 [http-nio-8080-exec-10] DEBUG org.hibernate.SQL - 
    select
        u1_0.id,
        u1_0.coach_id,
        u1_0.email,
        u1_0.nutrition_plan_id,
        u1_0.password,
        u1_0.role,
        u1_0.username,
        u1_0.workout_group_id 
    from
        users u1_0 
    order by
        u1_0.username 
    offset
        ? rows 
    fetch
        first ? rows only
2026-06-04 19:08:59 [http-nio-8080-exec-10] DEBUG org.hibernate.SQL - 
    select
        up1_0.id,
        up1_0.age,
        up1_0.fitness_goal,
        up1_0.user_id,
        up1_0.weight_kg 
    from
        user_profiles up1_0 
    where
        up1_0.user_id=?
2026-06-04 19:08:59 [http-nio-8080-exec-10] DEBUG org.hibernate.SQL - 
    select
        up1_0.id,
        up1_0.age,
        up1_0.fitness_goal,
        up1_0.user_id,
        up1_0.weight_kg 
    from
        user_profiles up1_0 
    where
        up1_0.user_id=?
2026-06-04 19:08:59 [http-nio-8080-exec-10] DEBUG org.hibernate.SQL - 
    select
        c1_0.id,
        c1_0.name,
        c1_0.specialization 
    from
        coaches c1_0 
    where
        c1_0.id=?
2026-06-04 19:08:59 [http-nio-8080-exec-10] DEBUG org.hibernate.SQL - 
    select
        up1_0.id,
        up1_0.age,
        up1_0.fitness_goal,
        up1_0.user_id,
        up1_0.weight_kg 
    from
        user_profiles up1_0 
    where
        up1_0.user_id=?
2026-06-04 19:08:59 [http-nio-8080-exec-10] DEBUG org.hibernate.SQL - 
    select
        c1_0.id,
        c1_0.name,
        c1_0.specialization 
    from
        coaches c1_0 
    where
        c1_0.id=?
2026-06-04 19:08:59 [http-nio-8080-exec-10] DEBUG org.hibernate.SQL - 
    select
        up1_0.id,
        up1_0.age,
        up1_0.fitness_goal,
        up1_0.user_id,
        up1_0.weight_kg 
    from
        user_profiles up1_0 
    where
        up1_0.user_id=?
2026-06-04 19:08:59 [http-nio-8080-exec-10] DEBUG org.hibernate.SQL - 
    select
        up1_0.id,
        up1_0.age,
        up1_0.fitness_goal,
        up1_0.user_id,
        up1_0.weight_kg 
    from
        user_profiles up1_0 
    where
        up1_0.user_id=?
2026-06-04 19:08:59 [http-nio-8080-exec-10] DEBUG org.hibernate.SQL - 
    select
        count(u1_0.id) 
    from
        users u1_0
2026-06-04 19:08:59 [http-nio-8080-exec-10] DEBUG org.hibernate.SQL - 
    select
        c1_0.id,
        c1_0.name,
        c1_0.specialization 
    from
        coaches c1_0
2026-06-04 19:09:05 [http-nio-8080-exec-1] DEBUG org.hibernate.SQL - 
    select
        u1_0.id,
        c1_0.id,
        c1_0.name,
        c1_0.specialization,
        u1_0.email,
        np1_0.id,
        np1_0.calories,
        np1_0.description,
        np1_0.name,
        u1_0.password,
        p1_0.id,
        p1_0.age,
        p1_0.fitness_goal,
        p1_0.user_id,
        p1_0.weight_kg,
        u1_0.role,
        u1_0.username,
        wg1_0.id,
        wg1_0.category,
        wg1_0.description,
        wg1_0.name 
    from
        users u1_0 
    left join
        coaches c1_0 
            on c1_0.id=u1_0.coach_id 
    left join
        nutrition_plans np1_0 
            on np1_0.id=u1_0.nutrition_plan_id 
    left join
        user_profiles p1_0 
            on u1_0.id=p1_0.user_id 
    left join
        workout_groups wg1_0 
            on wg1_0.id=u1_0.workout_group_id 
    where
        u1_0.id=?
2026-06-04 19:09:05 [http-nio-8080-exec-2] DEBUG org.hibernate.SQL - 
    select
        u1_0.id,
        u1_0.coach_id,
        u1_0.email,
        u1_0.nutrition_plan_id,
        u1_0.password,
        u1_0.role,
        u1_0.username,
        u1_0.workout_group_id 
    from
        users u1_0 
    order by
        u1_0.username 
    offset
        ? rows 
    fetch
        first ? rows only
2026-06-04 19:09:05 [http-nio-8080-exec-2] DEBUG org.hibernate.SQL - 
    select
        up1_0.id,
        up1_0.age,
        up1_0.fitness_goal,
        up1_0.user_id,
        up1_0.weight_kg 
    from
        user_profiles up1_0 
    where
        up1_0.user_id=?
2026-06-04 19:09:05 [http-nio-8080-exec-2] DEBUG org.hibernate.SQL - 
    select
        up1_0.id,
        up1_0.age,
        up1_0.fitness_goal,
        up1_0.user_id,
        up1_0.weight_kg 
    from
        user_profiles up1_0 
    where
        up1_0.user_id=?
2026-06-04 19:09:05 [http-nio-8080-exec-2] DEBUG org.hibernate.SQL - 
    select
        c1_0.id,
        c1_0.name,
        c1_0.specialization 
    from
        coaches c1_0 
    where
        c1_0.id=?
2026-06-04 19:09:05 [http-nio-8080-exec-2] DEBUG org.hibernate.SQL - 
    select
        up1_0.id,
        up1_0.age,
        up1_0.fitness_goal,
        up1_0.user_id,
        up1_0.weight_kg 
    from
        user_profiles up1_0 
    where
        up1_0.user_id=?
2026-06-04 19:09:05 [http-nio-8080-exec-2] DEBUG org.hibernate.SQL - 
    select
        c1_0.id,
        c1_0.name,
        c1_0.specialization 
    from
        coaches c1_0 
    where
        c1_0.id=?
2026-06-04 19:09:05 [http-nio-8080-exec-2] DEBUG org.hibernate.SQL - 
    select
        up1_0.id,
        up1_0.age,
        up1_0.fitness_goal,
        up1_0.user_id,
        up1_0.weight_kg 
    from
        user_profiles up1_0 
    where
        up1_0.user_id=?
2026-06-04 19:09:05 [http-nio-8080-exec-2] DEBUG org.hibernate.SQL - 
    select
        up1_0.id,
        up1_0.age,
        up1_0.fitness_goal,
        up1_0.user_id,
        up1_0.weight_kg 
    from
        user_profiles up1_0 
    where
        up1_0.user_id=?
2026-06-04 19:09:05 [http-nio-8080-exec-2] DEBUG org.hibernate.SQL - 
    select
        count(u1_0.id) 
    from
        users u1_0
2026-06-04 19:09:05 [http-nio-8080-exec-2] DEBUG org.hibernate.SQL - 
    select
        c1_0.id,
        c1_0.name,
        c1_0.specialization 
    from
        coaches c1_0
2026-06-04 19:09:07 [http-nio-8080-exec-5] DEBUG org.hibernate.SQL - 
    select
        u1_0.id,
        u1_0.coach_id,
        u1_0.email,
        u1_0.nutrition_plan_id,
        u1_0.password,
        u1_0.role,
        u1_0.username,
        u1_0.workout_group_id 
    from
        users u1_0 
    order by
        u1_0.username 
    offset
        ? rows 
    fetch
        first ? rows only
2026-06-04 19:09:07 [http-nio-8080-exec-5] DEBUG org.hibernate.SQL - 
    select
        c1_0.id,
        c1_0.name,
        c1_0.specialization 
    from
        coaches c1_0 
    where
        c1_0.id=?
2026-06-04 19:09:07 [http-nio-8080-exec-5] DEBUG org.hibernate.SQL - 
    select
        up1_0.id,
        up1_0.age,
        up1_0.fitness_goal,
        up1_0.user_id,
        up1_0.weight_kg 
    from
        user_profiles up1_0 
    where
        up1_0.user_id=?
2026-06-04 19:09:07 [http-nio-8080-exec-5] DEBUG org.hibernate.SQL - 
    select
        up1_0.id,
        up1_0.age,
        up1_0.fitness_goal,
        up1_0.user_id,
        up1_0.weight_kg 
    from
        user_profiles up1_0 
    where
        up1_0.user_id=?
2026-06-04 19:09:07 [http-nio-8080-exec-5] DEBUG org.hibernate.SQL - 
    select
        up1_0.id,
        up1_0.age,
        up1_0.fitness_goal,
        up1_0.user_id,
        up1_0.weight_kg 
    from
        user_profiles up1_0 
    where
        up1_0.user_id=?
2026-06-04 19:09:07 [http-nio-8080-exec-5] DEBUG org.hibernate.SQL - 
    select
        up1_0.id,
        up1_0.age,
        up1_0.fitness_goal,
        up1_0.user_id,
        up1_0.weight_kg 
    from
        user_profiles up1_0 
    where
        up1_0.user_id=?
2026-06-04 19:09:07 [http-nio-8080-exec-5] DEBUG org.hibernate.SQL - 
    select
        up1_0.id,
        up1_0.age,
        up1_0.fitness_goal,
        up1_0.user_id,
        up1_0.weight_kg 
    from
        user_profiles up1_0 
    where
        up1_0.user_id=?
2026-06-04 19:09:07 [http-nio-8080-exec-5] DEBUG org.hibernate.SQL - 
    select
        count(u1_0.id) 
    from
        users u1_0
2026-06-04 19:09:07 [http-nio-8080-exec-5] DEBUG org.hibernate.SQL - 
    select
        c1_0.id,
        c1_0.name,
        c1_0.specialization 
    from
        coaches c1_0
2026-06-04 19:09:08 [http-nio-8080-exec-6] DEBUG org.hibernate.SQL - 
    select
        u1_0.id,
        u1_0.coach_id,
        u1_0.email,
        u1_0.nutrition_plan_id,
        u1_0.password,
        u1_0.role,
        u1_0.username,
        u1_0.workout_group_id 
    from
        users u1_0 
    order by
        u1_0.username 
    offset
        ? rows 
    fetch
        first ? rows only
2026-06-04 19:09:08 [http-nio-8080-exec-6] DEBUG org.hibernate.SQL - 
    select
        up1_0.id,
        up1_0.age,
        up1_0.fitness_goal,
        up1_0.user_id,
        up1_0.weight_kg 
    from
        user_profiles up1_0 
    where
        up1_0.user_id=?
2026-06-04 19:09:08 [http-nio-8080-exec-6] DEBUG org.hibernate.SQL - 
    select
        up1_0.id,
        up1_0.age,
        up1_0.fitness_goal,
        up1_0.user_id,
        up1_0.weight_kg 
    from
        user_profiles up1_0 
    where
        up1_0.user_id=?
2026-06-04 19:09:08 [http-nio-8080-exec-6] DEBUG org.hibernate.SQL - 
    select
        c1_0.id,
        c1_0.name,
        c1_0.specialization 
    from
        coaches c1_0 
    where
        c1_0.id=?
2026-06-04 19:09:08 [http-nio-8080-exec-6] DEBUG org.hibernate.SQL - 
    select
        up1_0.id,
        up1_0.age,
        up1_0.fitness_goal,
        up1_0.user_id,
        up1_0.weight_kg 
    from
        user_profiles up1_0 
    where
        up1_0.user_id=?
2026-06-04 19:09:08 [http-nio-8080-exec-6] DEBUG org.hibernate.SQL - 
    select
        c1_0.id,
        c1_0.name,
        c1_0.specialization 
    from
        coaches c1_0 
    where
        c1_0.id=?
2026-06-04 19:09:08 [http-nio-8080-exec-6] DEBUG org.hibernate.SQL - 
    select
        up1_0.id,
        up1_0.age,
        up1_0.fitness_goal,
        up1_0.user_id,
        up1_0.weight_kg 
    from
        user_profiles up1_0 
    where
        up1_0.user_id=?
2026-06-04 19:09:08 [http-nio-8080-exec-6] DEBUG org.hibernate.SQL - 
    select
        up1_0.id,
        up1_0.age,
        up1_0.fitness_goal,
        up1_0.user_id,
        up1_0.weight_kg 
    from
        user_profiles up1_0 
    where
        up1_0.user_id=?
2026-06-04 19:09:08 [http-nio-8080-exec-6] DEBUG org.hibernate.SQL - 
    select
        count(u1_0.id) 
    from
        users u1_0
2026-06-04 19:09:08 [http-nio-8080-exec-6] DEBUG org.hibernate.SQL - 
    select
        c1_0.id,
        c1_0.name,
        c1_0.specialization 
    from
        coaches c1_0
2026-06-04 19:09:11 [http-nio-8080-exec-7] DEBUG org.hibernate.SQL - 
    select
        u1_0.id,
        u1_0.coach_id,
        u1_0.email,
        u1_0.nutrition_plan_id,
        u1_0.password,
        u1_0.role,
        u1_0.username,
        u1_0.workout_group_id 
    from
        users u1_0 
    order by
        u1_0.username 
    offset
        ? rows 
    fetch
        first ? rows only
2026-06-04 19:09:11 [http-nio-8080-exec-7] DEBUG org.hibernate.SQL - 
    select
        c1_0.id,
        c1_0.name,
        c1_0.specialization 
    from
        coaches c1_0 
    where
        c1_0.id=?
2026-06-04 19:09:11 [http-nio-8080-exec-7] DEBUG org.hibernate.SQL - 
    select
        up1_0.id,
        up1_0.age,
        up1_0.fitness_goal,
        up1_0.user_id,
        up1_0.weight_kg 
    from
        user_profiles up1_0 
    where
        up1_0.user_id=?
2026-06-04 19:09:11 [http-nio-8080-exec-7] DEBUG org.hibernate.SQL - 
    select
        up1_0.id,
        up1_0.age,
        up1_0.fitness_goal,
        up1_0.user_id,
        up1_0.weight_kg 
    from
        user_profiles up1_0 
    where
        up1_0.user_id=?
2026-06-04 19:09:11 [http-nio-8080-exec-7] DEBUG org.hibernate.SQL - 
    select
        up1_0.id,
        up1_0.age,
        up1_0.fitness_goal,
        up1_0.user_id,
        up1_0.weight_kg 
    from
        user_profiles up1_0 
    where
        up1_0.user_id=?
2026-06-04 19:09:11 [http-nio-8080-exec-7] DEBUG org.hibernate.SQL - 
    select
        up1_0.id,
        up1_0.age,
        up1_0.fitness_goal,
        up1_0.user_id,
        up1_0.weight_kg 
    from
        user_profiles up1_0 
    where
        up1_0.user_id=?
2026-06-04 19:09:11 [http-nio-8080-exec-7] DEBUG org.hibernate.SQL - 
    select
        up1_0.id,
        up1_0.age,
        up1_0.fitness_goal,
        up1_0.user_id,
        up1_0.weight_kg 
    from
        user_profiles up1_0 
    where
        up1_0.user_id=?
2026-06-04 19:09:11 [http-nio-8080-exec-7] DEBUG org.hibernate.SQL - 
    select
        count(u1_0.id) 
    from
        users u1_0
2026-06-04 19:09:11 [http-nio-8080-exec-7] DEBUG org.hibernate.SQL - 
    select
        c1_0.id,
        c1_0.name,
        c1_0.specialization 
    from
        coaches c1_0
2026-06-04 19:09:21 [http-nio-8080-exec-8] DEBUG org.hibernate.SQL - 
    select
        u1_0.id,
        c1_0.id,
        c1_0.name,
        c1_0.specialization,
        u1_0.email,
        np1_0.id,
        np1_0.calories,
        np1_0.description,
        np1_0.name,
        u1_0.password,
        p1_0.id,
        p1_0.age,
        p1_0.fitness_goal,
        p1_0.user_id,
        p1_0.weight_kg,
        u1_0.role,
        u1_0.username,
        wg1_0.id,
        wg1_0.category,
        wg1_0.description,
        wg1_0.name 
    from
        users u1_0 
    left join
        coaches c1_0 
            on c1_0.id=u1_0.coach_id 
    left join
        nutrition_plans np1_0 
            on np1_0.id=u1_0.nutrition_plan_id 
    left join
        user_profiles p1_0 
            on u1_0.id=p1_0.user_id 
    left join
        workout_groups wg1_0 
            on wg1_0.id=u1_0.workout_group_id 
    where
        u1_0.id=?
2026-06-04 19:09:21 [http-nio-8080-exec-8] DEBUG org.hibernate.SQL - 
    select
        c1_0.id,
        c1_0.name,
        c1_0.specialization 
    from
        coaches c1_0 
    where
        c1_0.id=?
2026-06-04 19:09:21 [http-nio-8080-exec-8] DEBUG org.hibernate.SQL - 
    update
        users 
    set
        coach_id=?,
        email=?,
        nutrition_plan_id=?,
        password=?,
        role=?,
        username=?,
        workout_group_id=? 
    where
        id=?
2026-06-04 19:09:21 [http-nio-8080-exec-9] DEBUG org.hibernate.SQL - 
    select
        u1_0.id,
        u1_0.coach_id,
        u1_0.email,
        u1_0.nutrition_plan_id,
        u1_0.password,
        u1_0.role,
        u1_0.username,
        u1_0.workout_group_id 
    from
        users u1_0 
    order by
        u1_0.username 
    offset
        ? rows 
    fetch
        first ? rows only
2026-06-04 19:09:21 [http-nio-8080-exec-9] DEBUG org.hibernate.SQL - 
    select
        up1_0.id,
        up1_0.age,
        up1_0.fitness_goal,
        up1_0.user_id,
        up1_0.weight_kg 
    from
        user_profiles up1_0 
    where
        up1_0.user_id=?
2026-06-04 19:09:21 [http-nio-8080-exec-9] DEBUG org.hibernate.SQL - 
    select
        up1_0.id,
        up1_0.age,
        up1_0.fitness_goal,
        up1_0.user_id,
        up1_0.weight_kg 
    from
        user_profiles up1_0 
    where
        up1_0.user_id=?
2026-06-04 19:09:21 [http-nio-8080-exec-9] DEBUG org.hibernate.SQL - 
    select
        c1_0.id,
        c1_0.name,
        c1_0.specialization 
    from
        coaches c1_0 
    where
        c1_0.id=?
2026-06-04 19:09:21 [http-nio-8080-exec-9] DEBUG org.hibernate.SQL - 
    select
        up1_0.id,
        up1_0.age,
        up1_0.fitness_goal,
        up1_0.user_id,
        up1_0.weight_kg 
    from
        user_profiles up1_0 
    where
        up1_0.user_id=?
2026-06-04 19:09:21 [http-nio-8080-exec-9] DEBUG org.hibernate.SQL - 
    select
        c1_0.id,
        c1_0.name,
        c1_0.specialization 
    from
        coaches c1_0 
    where
        c1_0.id=?
2026-06-04 19:09:21 [http-nio-8080-exec-9] DEBUG org.hibernate.SQL - 
    select
        up1_0.id,
        up1_0.age,
        up1_0.fitness_goal,
        up1_0.user_id,
        up1_0.weight_kg 
    from
        user_profiles up1_0 
    where
        up1_0.user_id=?
2026-06-04 19:09:21 [http-nio-8080-exec-9] DEBUG org.hibernate.SQL - 
    select
        up1_0.id,
        up1_0.age,
        up1_0.fitness_goal,
        up1_0.user_id,
        up1_0.weight_kg 
    from
        user_profiles up1_0 
    where
        up1_0.user_id=?
2026-06-04 19:09:21 [http-nio-8080-exec-9] DEBUG org.hibernate.SQL - 
    select
        count(u1_0.id) 
    from
        users u1_0
2026-06-04 19:09:21 [http-nio-8080-exec-9] DEBUG org.hibernate.SQL - 
    select
        c1_0.id,
        c1_0.name,
        c1_0.specialization 
    from
        coaches c1_0
2026-06-04 19:09:24 [http-nio-8080-exec-10] DEBUG org.hibernate.SQL - 
    select
        up1_0.id,
        up1_0.age,
        up1_0.fitness_goal,
        up1_0.user_id,
        up1_0.weight_kg 
    from
        user_profiles up1_0 
    order by
        up1_0.id 
    offset
        ? rows 
    fetch
        first ? rows only
2026-06-04 19:09:24 [http-nio-8080-exec-10] DEBUG org.hibernate.SQL - 
    select
        u1_0.id,
        c1_0.id,
        c1_0.name,
        c1_0.specialization,
        u1_0.email,
        np1_0.id,
        np1_0.calories,
        np1_0.description,
        np1_0.name,
        u1_0.password,
        p1_0.id,
        p1_0.age,
        p1_0.fitness_goal,
        p1_0.user_id,
        p1_0.weight_kg,
        u1_0.role,
        u1_0.username,
        wg1_0.id,
        wg1_0.category,
        wg1_0.description,
        wg1_0.name 
    from
        users u1_0 
    left join
        coaches c1_0 
            on c1_0.id=u1_0.coach_id 
    left join
        nutrition_plans np1_0 
            on np1_0.id=u1_0.nutrition_plan_id 
    left join
        user_profiles p1_0 
            on u1_0.id=p1_0.user_id 
    left join
        workout_groups wg1_0 
            on wg1_0.id=u1_0.workout_group_id 
    where
        u1_0.id=?
2026-06-04 19:09:29 [http-nio-8080-exec-2] DEBUG org.hibernate.SQL - 
    select
        c1_0.id,
        c1_0.name,
        c1_0.specialization 
    from
        coaches c1_0 
    order by
        c1_0.name 
    offset
        ? rows 
    fetch
        first ? rows only
2026-06-04 19:09:29 [http-nio-8080-exec-2] DEBUG org.hibernate.SQL - 
    select
        count(c1_0.id) 
    from
        coaches c1_0
2026-06-04 19:09:30 [http-nio-8080-exec-3] DEBUG org.hibernate.SQL - 
    select
        wg1_0.id,
        wg1_0.category,
        wg1_0.description,
        wg1_0.name 
    from
        workout_groups wg1_0 
    order by
        wg1_0.name 
    offset
        ? rows 
    fetch
        first ? rows only
2026-06-04 19:09:32 [http-nio-8080-exec-4] DEBUG org.hibernate.SQL - 
    select
        e1_0.id,
        e1_0.description,
        e1_0.duration,
        e1_0.muscle_group,
        e1_0.name,
        e1_0.reps,
        e1_0.sets 
    from
        exercises e1_0
2026-06-04 19:09:32 [http-nio-8080-exec-6] DEBUG org.hibernate.SQL - 
    select
        np1_0.id,
        np1_0.calories,
        np1_0.description,
        np1_0.name 
    from
        nutrition_plans np1_0 
    order by
        np1_0.name 
    offset
        ? rows 
    fetch
        first ? rows only
2026-06-04 19:09:34 [http-nio-8080-exec-7] DEBUG org.hibernate.SQL - 
    select
        u1_0.id,
        u1_0.coach_id,
        u1_0.email,
        u1_0.nutrition_plan_id,
        u1_0.password,
        u1_0.role,
        u1_0.username,
        u1_0.workout_group_id 
    from
        users u1_0 
    order by
        u1_0.username 
    offset
        ? rows 
    fetch
        first ? rows only
2026-06-04 19:09:34 [http-nio-8080-exec-7] DEBUG org.hibernate.SQL - 
    select
        up1_0.id,
        up1_0.age,
        up1_0.fitness_goal,
        up1_0.user_id,
        up1_0.weight_kg 
    from
        user_profiles up1_0 
    where
        up1_0.user_id=?
2026-06-04 19:09:34 [http-nio-8080-exec-7] DEBUG org.hibernate.SQL - 
    select
        up1_0.id,
        up1_0.age,
        up1_0.fitness_goal,
        up1_0.user_id,
        up1_0.weight_kg 
    from
        user_profiles up1_0 
    where
        up1_0.user_id=?
2026-06-04 19:09:34 [http-nio-8080-exec-7] DEBUG org.hibernate.SQL - 
    select
        c1_0.id,
        c1_0.name,
        c1_0.specialization 
    from
        coaches c1_0 
    where
        c1_0.id=?
2026-06-04 19:09:34 [http-nio-8080-exec-7] DEBUG org.hibernate.SQL - 
    select
        up1_0.id,
        up1_0.age,
        up1_0.fitness_goal,
        up1_0.user_id,
        up1_0.weight_kg 
    from
        user_profiles up1_0 
    where
        up1_0.user_id=?
2026-06-04 19:09:34 [http-nio-8080-exec-7] DEBUG org.hibernate.SQL - 
    select
        c1_0.id,
        c1_0.name,
        c1_0.specialization 
    from
        coaches c1_0 
    where
        c1_0.id=?
2026-06-04 19:09:34 [http-nio-8080-exec-7] DEBUG org.hibernate.SQL - 
    select
        up1_0.id,
        up1_0.age,
        up1_0.fitness_goal,
        up1_0.user_id,
        up1_0.weight_kg 
    from
        user_profiles up1_0 
    where
        up1_0.user_id=?
2026-06-04 19:09:34 [http-nio-8080-exec-7] DEBUG org.hibernate.SQL - 
    select
        up1_0.id,
        up1_0.age,
        up1_0.fitness_goal,
        up1_0.user_id,
        up1_0.weight_kg 
    from
        user_profiles up1_0 
    where
        up1_0.user_id=?
2026-06-04 19:09:34 [http-nio-8080-exec-7] DEBUG org.hibernate.SQL - 
    select
        count(u1_0.id) 
    from
        users u1_0
2026-06-04 19:09:34 [http-nio-8080-exec-7] DEBUG org.hibernate.SQL - 
    select
        c1_0.id,
        c1_0.name,
        c1_0.specialization 
    from
        coaches c1_0
2026-06-04 19:09:51 [http-nio-8080-exec-8] DEBUG org.hibernate.SQL - 
    insert 
    into
        users
        (coach_id, email, nutrition_plan_id, password, role, username, workout_group_id, id) 
    values
        (?, ?, ?, ?, ?, ?, ?, default)
2026-06-04 19:09:51 [http-nio-8080-exec-9] DEBUG org.hibernate.SQL - 
    select
        u1_0.id,
        u1_0.coach_id,
        u1_0.email,
        u1_0.nutrition_plan_id,
        u1_0.password,
        u1_0.role,
        u1_0.username,
        u1_0.workout_group_id 
    from
        users u1_0 
    order by
        u1_0.username 
    offset
        ? rows 
    fetch
        first ? rows only
2026-06-04 19:09:51 [http-nio-8080-exec-9] DEBUG org.hibernate.SQL - 
    select
        up1_0.id,
        up1_0.age,
        up1_0.fitness_goal,
        up1_0.user_id,
        up1_0.weight_kg 
    from
        user_profiles up1_0 
    where
        up1_0.user_id=?
2026-06-04 19:09:51 [http-nio-8080-exec-9] DEBUG org.hibernate.SQL - 
    select
        up1_0.id,
        up1_0.age,
        up1_0.fitness_goal,
        up1_0.user_id,
        up1_0.weight_kg 
    from
        user_profiles up1_0 
    where
        up1_0.user_id=?
2026-06-04 19:09:51 [http-nio-8080-exec-9] DEBUG org.hibernate.SQL - 
    select
        up1_0.id,
        up1_0.age,
        up1_0.fitness_goal,
        up1_0.user_id,
        up1_0.weight_kg 
    from
        user_profiles up1_0 
    where
        up1_0.user_id=?
2026-06-04 19:09:51 [http-nio-8080-exec-9] DEBUG org.hibernate.SQL - 
    select
        c1_0.id,
        c1_0.name,
        c1_0.specialization 
    from
        coaches c1_0 
    where
        c1_0.id=?
2026-06-04 19:09:51 [http-nio-8080-exec-9] DEBUG org.hibernate.SQL - 
    select
        up1_0.id,
        up1_0.age,
        up1_0.fitness_goal,
        up1_0.user_id,
        up1_0.weight_kg 
    from
        user_profiles up1_0 
    where
        up1_0.user_id=?
2026-06-04 19:09:51 [http-nio-8080-exec-9] DEBUG org.hibernate.SQL - 
    select
        c1_0.id,
        c1_0.name,
        c1_0.specialization 
    from
        coaches c1_0 
    where
        c1_0.id=?
2026-06-04 19:09:51 [http-nio-8080-exec-9] DEBUG org.hibernate.SQL - 
    select
        up1_0.id,
        up1_0.age,
        up1_0.fitness_goal,
        up1_0.user_id,
        up1_0.weight_kg 
    from
        user_profiles up1_0 
    where
        up1_0.user_id=?
2026-06-04 19:09:51 [http-nio-8080-exec-9] DEBUG org.hibernate.SQL - 
    select
        count(u1_0.id) 
    from
        users u1_0
2026-06-04 19:09:51 [http-nio-8080-exec-9] DEBUG org.hibernate.SQL - 
    select
        c1_0.id,
        c1_0.name,
        c1_0.specialization 
    from
        coaches c1_0
2026-06-04 19:10:02 [http-nio-8080-exec-4] DEBUG org.hibernate.SQL - 
    select
        u1_0.id,
        u1_0.coach_id,
        u1_0.email,
        u1_0.nutrition_plan_id,
        u1_0.password,
        u1_0.role,
        u1_0.username,
        u1_0.workout_group_id 
    from
        users u1_0
2026-06-04 19:10:02 [http-nio-8080-exec-4] DEBUG org.hibernate.SQL - 
    select
        up1_0.id,
        up1_0.age,
        up1_0.fitness_goal,
        up1_0.user_id,
        up1_0.weight_kg 
    from
        user_profiles up1_0 
    where
        up1_0.user_id=?
2026-06-04 19:10:02 [http-nio-8080-exec-4] DEBUG org.hibernate.SQL - 
    select
        up1_0.id,
        up1_0.age,
        up1_0.fitness_goal,
        up1_0.user_id,
        up1_0.weight_kg 
    from
        user_profiles up1_0 
    where
        up1_0.user_id=?
2026-06-04 19:10:02 [http-nio-8080-exec-4] DEBUG org.hibernate.SQL - 
    select
        c1_0.id,
        c1_0.name,
        c1_0.specialization 
    from
        coaches c1_0 
    where
        c1_0.id=?
2026-06-04 19:10:02 [http-nio-8080-exec-4] DEBUG org.hibernate.SQL - 
    select
        up1_0.id,
        up1_0.age,
        up1_0.fitness_goal,
        up1_0.user_id,
        up1_0.weight_kg 
    from
        user_profiles up1_0 
    where
        up1_0.user_id=?
2026-06-04 19:10:02 [http-nio-8080-exec-4] DEBUG org.hibernate.SQL - 
    select
        up1_0.id,
        up1_0.age,
        up1_0.fitness_goal,
        up1_0.user_id,
        up1_0.weight_kg 
    from
        user_profiles up1_0 
    where
        up1_0.user_id=?
2026-06-04 19:10:02 [http-nio-8080-exec-4] DEBUG org.hibernate.SQL - 
    select
        up1_0.id,
        up1_0.age,
        up1_0.fitness_goal,
        up1_0.user_id,
        up1_0.weight_kg 
    from
        user_profiles up1_0 
    where
        up1_0.user_id=?
2026-06-04 19:10:02 [http-nio-8080-exec-4] DEBUG org.hibernate.SQL - 
    select
        up1_0.id,
        up1_0.age,
        up1_0.fitness_goal,
        up1_0.user_id,
        up1_0.weight_kg 
    from
        user_profiles up1_0 
    where
        up1_0.user_id=?
2026-06-04 19:10:02 [http-nio-8080-exec-4] DEBUG org.hibernate.SQL - 
    select
        c1_0.id,
        c1_0.name,
        c1_0.specialization 
    from
        coaches c1_0 
    where
        c1_0.id=?
2026-06-04 19:10:02 [http-nio-8080-exec-4] DEBUG org.hibernate.SQL - 
    select
        up1_0.id,
        up1_0.age,
        up1_0.fitness_goal,
        up1_0.user_id,
        up1_0.weight_kg 
    from
        user_profiles up1_0 
    where
        up1_0.user_id=?
2026-06-04 19:10:02 [http-nio-8080-exec-4] DEBUG org.hibernate.SQL - 
    select
        up1_0.id,
        up1_0.age,
        up1_0.fitness_goal,
        up1_0.user_id,
        up1_0.weight_kg 
    from
        user_profiles up1_0 
    where
        up1_0.user_id=?
2026-06-04 19:10:02 [http-nio-8080-exec-4] DEBUG org.hibernate.SQL - 
    select
        up1_0.id,
        up1_0.age,
        up1_0.fitness_goal,
        up1_0.user_id,
        up1_0.weight_kg 
    from
        user_profiles up1_0 
    where
        up1_0.user_id=?
2026-06-04 19:10:02 [http-nio-8080-exec-4] DEBUG org.hibernate.SQL - 
    select
        c1_0.id,
        c1_0.name,
        c1_0.specialization 
    from
        coaches c1_0 
    where
        c1_0.id=?
2026-06-04 19:10:02 [http-nio-8080-exec-4] DEBUG org.hibernate.SQL - 
    select
        up1_0.id,
        up1_0.age,
        up1_0.fitness_goal,
        up1_0.user_id,
        up1_0.weight_kg 
    from
        user_profiles up1_0 
    where
        up1_0.user_id=?
2026-06-04 19:10:02 [http-nio-8080-exec-4] DEBUG org.hibernate.SQL - 
    select
        up1_0.id,
        up1_0.age,
        up1_0.fitness_goal,
        up1_0.user_id,
        up1_0.weight_kg 
    from
        user_profiles up1_0 
    where
        up1_0.user_id=?
2026-06-04 19:10:02 [http-nio-8080-exec-4] DEBUG org.hibernate.SQL - 
    select
        up1_0.id,
        up1_0.age,
        up1_0.fitness_goal,
        up1_0.user_id,
        up1_0.weight_kg 
    from
        user_profiles up1_0 
    where
        up1_0.user_id=?
2026-06-04 19:10:02 [http-nio-8080-exec-4] DEBUG org.hibernate.SQL - 
    select
        up1_0.id,
        up1_0.age,
        up1_0.fitness_goal,
        up1_0.user_id,
        up1_0.weight_kg 
    from
        user_profiles up1_0 
    where
        up1_0.user_id=?
2026-06-04 19:10:02 [http-nio-8080-exec-4] DEBUG org.hibernate.SQL - 
    select
        u1_0.id,
        u1_0.coach_id,
        u1_0.email,
        u1_0.nutrition_plan_id,
        u1_0.password,
        u1_0.role,
        u1_0.username,
        u1_0.workout_group_id 
    from
        users u1_0
2026-06-04 19:10:02 [http-nio-8080-exec-4] DEBUG org.hibernate.SQL - 
    select
        up1_0.id,
        up1_0.age,
        up1_0.fitness_goal,
        up1_0.user_id,
        up1_0.weight_kg 
    from
        user_profiles up1_0 
    where
        up1_0.user_id=?
2026-06-04 19:10:02 [http-nio-8080-exec-4] DEBUG org.hibernate.SQL - 
    select
        up1_0.id,
        up1_0.age,
        up1_0.fitness_goal,
        up1_0.user_id,
        up1_0.weight_kg 
    from
        user_profiles up1_0 
    where
        up1_0.user_id=?
2026-06-04 19:10:02 [http-nio-8080-exec-4] DEBUG org.hibernate.SQL - 
    select
        c1_0.id,
        c1_0.name,
        c1_0.specialization 
    from
        coaches c1_0 
    where
        c1_0.id=?
2026-06-04 19:10:02 [http-nio-8080-exec-4] DEBUG org.hibernate.SQL - 
    select
        up1_0.id,
        up1_0.age,
        up1_0.fitness_goal,
        up1_0.user_id,
        up1_0.weight_kg 
    from
        user_profiles up1_0 
    where
        up1_0.user_id=?
2026-06-04 19:10:02 [http-nio-8080-exec-4] DEBUG org.hibernate.SQL - 
    select
        up1_0.id,
        up1_0.age,
        up1_0.fitness_goal,
        up1_0.user_id,
        up1_0.weight_kg 
    from
        user_profiles up1_0 
    where
        up1_0.user_id=?
2026-06-04 19:10:02 [http-nio-8080-exec-4] DEBUG org.hibernate.SQL - 
    select
        up1_0.id,
        up1_0.age,
        up1_0.fitness_goal,
        up1_0.user_id,
        up1_0.weight_kg 
    from
        user_profiles up1_0 
    where
        up1_0.user_id=?
2026-06-04 19:10:02 [http-nio-8080-exec-4] DEBUG org.hibernate.SQL - 
    select
        up1_0.id,
        up1_0.age,
        up1_0.fitness_goal,
        up1_0.user_id,
        up1_0.weight_kg 
    from
        user_profiles up1_0 
    where
        up1_0.user_id=?
2026-06-04 19:10:02 [http-nio-8080-exec-4] DEBUG org.hibernate.SQL - 
    select
        c1_0.id,
        c1_0.name,
        c1_0.specialization 
    from
        coaches c1_0 
    where
        c1_0.id=?
2026-06-04 19:10:02 [http-nio-8080-exec-4] DEBUG org.hibernate.SQL - 
    select
        up1_0.id,
        up1_0.age,
        up1_0.fitness_goal,
        up1_0.user_id,
        up1_0.weight_kg 
    from
        user_profiles up1_0 
    where
        up1_0.user_id=?
2026-06-04 19:10:02 [http-nio-8080-exec-4] DEBUG org.hibernate.SQL - 
    select
        up1_0.id,
        up1_0.age,
        up1_0.fitness_goal,
        up1_0.user_id,
        up1_0.weight_kg 
    from
        user_profiles up1_0 
    where
        up1_0.user_id=?
2026-06-04 19:10:02 [http-nio-8080-exec-4] DEBUG org.hibernate.SQL - 
    select
        up1_0.id,
        up1_0.age,
        up1_0.fitness_goal,
        up1_0.user_id,
        up1_0.weight_kg 
    from
        user_profiles up1_0 
    where
        up1_0.user_id=?
2026-06-04 19:10:02 [http-nio-8080-exec-4] DEBUG org.hibernate.SQL - 
    select
        c1_0.id,
        c1_0.name,
        c1_0.specialization 
    from
        coaches c1_0 
    where
        c1_0.id=?
2026-06-04 19:10:02 [http-nio-8080-exec-4] DEBUG org.hibernate.SQL - 
    select
        up1_0.id,
        up1_0.age,
        up1_0.fitness_goal,
        up1_0.user_id,
        up1_0.weight_kg 
    from
        user_profiles up1_0 
    where
        up1_0.user_id=?
2026-06-04 19:10:02 [http-nio-8080-exec-4] DEBUG org.hibernate.SQL - 
    select
        up1_0.id,
        up1_0.age,
        up1_0.fitness_goal,
        up1_0.user_id,
        up1_0.weight_kg 
    from
        user_profiles up1_0 
    where
        up1_0.user_id=?
2026-06-04 19:10:02 [http-nio-8080-exec-4] DEBUG org.hibernate.SQL - 
    select
        up1_0.id,
        up1_0.age,
        up1_0.fitness_goal,
        up1_0.user_id,
        up1_0.weight_kg 
    from
        user_profiles up1_0 
    where
        up1_0.user_id=?
2026-06-04 19:10:02 [http-nio-8080-exec-4] DEBUG org.hibernate.SQL - 
    select
        up1_0.id,
        up1_0.age,
        up1_0.fitness_goal,
        up1_0.user_id,
        up1_0.weight_kg 
    from
        user_profiles up1_0 
    where
        up1_0.user_id=?
2026-06-04 19:10:02 [http-nio-8080-exec-6] DEBUG org.hibernate.SQL - 
    select
        u1_0.id,
        u1_0.coach_id,
        u1_0.email,
        u1_0.nutrition_plan_id,
        u1_0.password,
        u1_0.role,
        u1_0.username,
        u1_0.workout_group_id 
    from
        users u1_0 
    order by
        u1_0.username 
    offset
        ? rows 
    fetch
        first ? rows only
2026-06-04 19:10:02 [http-nio-8080-exec-6] DEBUG org.hibernate.SQL - 
    select
        up1_0.id,
        up1_0.age,
        up1_0.fitness_goal,
        up1_0.user_id,
        up1_0.weight_kg 
    from
        user_profiles up1_0 
    where
        up1_0.user_id=?
2026-06-04 19:10:02 [http-nio-8080-exec-6] DEBUG org.hibernate.SQL - 
    select
        up1_0.id,
        up1_0.age,
        up1_0.fitness_goal,
        up1_0.user_id,
        up1_0.weight_kg 
    from
        user_profiles up1_0 
    where
        up1_0.user_id=?
2026-06-04 19:10:02 [http-nio-8080-exec-6] DEBUG org.hibernate.SQL - 
    select
        up1_0.id,
        up1_0.age,
        up1_0.fitness_goal,
        up1_0.user_id,
        up1_0.weight_kg 
    from
        user_profiles up1_0 
    where
        up1_0.user_id=?
2026-06-04 19:10:02 [http-nio-8080-exec-6] DEBUG org.hibernate.SQL - 
    select
        c1_0.id,
        c1_0.name,
        c1_0.specialization 
    from
        coaches c1_0 
    where
        c1_0.id=?
2026-06-04 19:10:02 [http-nio-8080-exec-6] DEBUG org.hibernate.SQL - 
    select
        up1_0.id,
        up1_0.age,
        up1_0.fitness_goal,
        up1_0.user_id,
        up1_0.weight_kg 
    from
        user_profiles up1_0 
    where
        up1_0.user_id=?
2026-06-04 19:10:02 [http-nio-8080-exec-6] DEBUG org.hibernate.SQL - 
    select
        c1_0.id,
        c1_0.name,
        c1_0.specialization 
    from
        coaches c1_0 
    where
        c1_0.id=?
2026-06-04 19:10:02 [http-nio-8080-exec-6] DEBUG org.hibernate.SQL - 
    select
        up1_0.id,
        up1_0.age,
        up1_0.fitness_goal,
        up1_0.user_id,
        up1_0.weight_kg 
    from
        user_profiles up1_0 
    where
        up1_0.user_id=?
2026-06-04 19:10:02 [http-nio-8080-exec-6] DEBUG org.hibernate.SQL - 
    select
        count(u1_0.id) 
    from
        users u1_0
2026-06-04 19:10:02 [http-nio-8080-exec-6] DEBUG org.hibernate.SQL - 
    select
        c1_0.id,
        c1_0.name,
        c1_0.specialization 
    from
        coaches c1_0
2026-06-04 19:10:04 [http-nio-8080-exec-8] DEBUG org.hibernate.SQL - 
    select
        u1_0.id,
        u1_0.coach_id,
        u1_0.email,
        u1_0.nutrition_plan_id,
        u1_0.password,
        u1_0.role,
        u1_0.username,
        u1_0.workout_group_id 
    from
        users u1_0 
    order by
        u1_0.username 
    offset
        ? rows 
    fetch
        first ? rows only
2026-06-04 19:10:04 [http-nio-8080-exec-8] DEBUG org.hibernate.SQL - 
    select
        up1_0.id,
        up1_0.age,
        up1_0.fitness_goal,
        up1_0.user_id,
        up1_0.weight_kg 
    from
        user_profiles up1_0 
    where
        up1_0.user_id=?
2026-06-04 19:10:04 [http-nio-8080-exec-8] DEBUG org.hibernate.SQL - 
    select
        c1_0.id,
        c1_0.name,
        c1_0.specialization 
    from
        coaches c1_0 
    where
        c1_0.id=?
2026-06-04 19:10:04 [http-nio-8080-exec-8] DEBUG org.hibernate.SQL - 
    select
        up1_0.id,
        up1_0.age,
        up1_0.fitness_goal,
        up1_0.user_id,
        up1_0.weight_kg 
    from
        user_profiles up1_0 
    where
        up1_0.user_id=?
2026-06-04 19:10:04 [http-nio-8080-exec-8] DEBUG org.hibernate.SQL - 
    select
        up1_0.id,
        up1_0.age,
        up1_0.fitness_goal,
        up1_0.user_id,
        up1_0.weight_kg 
    from
        user_profiles up1_0 
    where
        up1_0.user_id=?
2026-06-04 19:10:04 [http-nio-8080-exec-8] DEBUG org.hibernate.SQL - 
    select
        up1_0.id,
        up1_0.age,
        up1_0.fitness_goal,
        up1_0.user_id,
        up1_0.weight_kg 
    from
        user_profiles up1_0 
    where
        up1_0.user_id=?
2026-06-04 19:10:04 [http-nio-8080-exec-8] DEBUG org.hibernate.SQL - 
    select
        up1_0.id,
        up1_0.age,
        up1_0.fitness_goal,
        up1_0.user_id,
        up1_0.weight_kg 
    from
        user_profiles up1_0 
    where
        up1_0.user_id=?
2026-06-04 19:10:04 [http-nio-8080-exec-8] DEBUG org.hibernate.SQL - 
    select
        count(u1_0.id) 
    from
        users u1_0
2026-06-04 19:10:04 [http-nio-8080-exec-8] DEBUG org.hibernate.SQL - 
    select
        c1_0.id,
        c1_0.name,
        c1_0.specialization 
    from
        coaches c1_0
2026-06-04 19:10:05 [http-nio-8080-exec-10] DEBUG org.hibernate.SQL - 
    select
        u1_0.id,
        u1_0.coach_id,
        u1_0.email,
        u1_0.nutrition_plan_id,
        u1_0.password,
        u1_0.role,
        u1_0.username,
        u1_0.workout_group_id 
    from
        users u1_0 
    order by
        u1_0.username 
    offset
        ? rows 
    fetch
        first ? rows only
2026-06-04 19:10:05 [http-nio-8080-exec-10] DEBUG org.hibernate.SQL - 
    select
        up1_0.id,
        up1_0.age,
        up1_0.fitness_goal,
        up1_0.user_id,
        up1_0.weight_kg 
    from
        user_profiles up1_0 
    where
        up1_0.user_id=?
2026-06-04 19:10:05 [http-nio-8080-exec-10] DEBUG org.hibernate.SQL - 
    select
        up1_0.id,
        up1_0.age,
        up1_0.fitness_goal,
        up1_0.user_id,
        up1_0.weight_kg 
    from
        user_profiles up1_0 
    where
        up1_0.user_id=?
2026-06-04 19:10:05 [http-nio-8080-exec-10] DEBUG org.hibernate.SQL - 
    select
        up1_0.id,
        up1_0.age,
        up1_0.fitness_goal,
        up1_0.user_id,
        up1_0.weight_kg 
    from
        user_profiles up1_0 
    where
        up1_0.user_id=?
2026-06-04 19:10:05 [http-nio-8080-exec-10] DEBUG org.hibernate.SQL - 
    select
        c1_0.id,
        c1_0.name,
        c1_0.specialization 
    from
        coaches c1_0
2026-06-04 19:10:06 [http-nio-8080-exec-1] DEBUG org.hibernate.SQL - 
    select
        u1_0.id,
        u1_0.coach_id,
        u1_0.email,
        u1_0.nutrition_plan_id,
        u1_0.password,
        u1_0.role,
        u1_0.username,
        u1_0.workout_group_id 
    from
        users u1_0 
    order by
        u1_0.username 
    offset
        ? rows 
    fetch
        first ? rows only
2026-06-04 19:10:06 [http-nio-8080-exec-1] DEBUG org.hibernate.SQL - 
    select
        up1_0.id,
        up1_0.age,
        up1_0.fitness_goal,
        up1_0.user_id,
        up1_0.weight_kg 
    from
        user_profiles up1_0 
    where
        up1_0.user_id=?
2026-06-04 19:10:06 [http-nio-8080-exec-1] DEBUG org.hibernate.SQL - 
    select
        up1_0.id,
        up1_0.age,
        up1_0.fitness_goal,
        up1_0.user_id,
        up1_0.weight_kg 
    from
        user_profiles up1_0 
    where
        up1_0.user_id=?
2026-06-04 19:10:06 [http-nio-8080-exec-1] DEBUG org.hibernate.SQL - 
    select
        up1_0.id,
        up1_0.age,
        up1_0.fitness_goal,
        up1_0.user_id,
        up1_0.weight_kg 
    from
        user_profiles up1_0 
    where
        up1_0.user_id=?
2026-06-04 19:10:06 [http-nio-8080-exec-1] DEBUG org.hibernate.SQL - 
    select
        c1_0.id,
        c1_0.name,
        c1_0.specialization 
    from
        coaches c1_0 
    where
        c1_0.id=?
2026-06-04 19:10:06 [http-nio-8080-exec-1] DEBUG org.hibernate.SQL - 
    select
        up1_0.id,
        up1_0.age,
        up1_0.fitness_goal,
        up1_0.user_id,
        up1_0.weight_kg 
    from
        user_profiles up1_0 
    where
        up1_0.user_id=?
2026-06-04 19:10:06 [http-nio-8080-exec-1] DEBUG org.hibernate.SQL - 
    select
        c1_0.id,
        c1_0.name,
        c1_0.specialization 
    from
        coaches c1_0 
    where
        c1_0.id=?
2026-06-04 19:10:06 [http-nio-8080-exec-1] DEBUG org.hibernate.SQL - 
    select
        up1_0.id,
        up1_0.age,
        up1_0.fitness_goal,
        up1_0.user_id,
        up1_0.weight_kg 
    from
        user_profiles up1_0 
    where
        up1_0.user_id=?
2026-06-04 19:10:06 [http-nio-8080-exec-1] DEBUG org.hibernate.SQL - 
    select
        count(u1_0.id) 
    from
        users u1_0
2026-06-04 19:10:06 [http-nio-8080-exec-1] DEBUG org.hibernate.SQL - 
    select
        c1_0.id,
        c1_0.name,
        c1_0.specialization 
    from
        coaches c1_0
2026-06-04 19:10:07 [http-nio-8080-exec-2] DEBUG org.hibernate.SQL - 
    select
        up1_0.id,
        up1_0.age,
        up1_0.fitness_goal,
        up1_0.user_id,
        up1_0.weight_kg 
    from
        user_profiles up1_0 
    order by
        up1_0.id 
    offset
        ? rows 
    fetch
        first ? rows only
2026-06-04 19:10:07 [http-nio-8080-exec-2] DEBUG org.hibernate.SQL - 
    select
        u1_0.id,
        c1_0.id,
        c1_0.name,
        c1_0.specialization,
        u1_0.email,
        np1_0.id,
        np1_0.calories,
        np1_0.description,
        np1_0.name,
        u1_0.password,
        p1_0.id,
        p1_0.age,
        p1_0.fitness_goal,
        p1_0.user_id,
        p1_0.weight_kg,
        u1_0.role,
        u1_0.username,
        wg1_0.id,
        wg1_0.category,
        wg1_0.description,
        wg1_0.name 
    from
        users u1_0 
    left join
        coaches c1_0 
            on c1_0.id=u1_0.coach_id 
    left join
        nutrition_plans np1_0 
            on np1_0.id=u1_0.nutrition_plan_id 
    left join
        user_profiles p1_0 
            on u1_0.id=p1_0.user_id 
    left join
        workout_groups wg1_0 
            on wg1_0.id=u1_0.workout_group_id 
    where
        u1_0.id=?
2026-06-04 19:10:08 [http-nio-8080-exec-3] DEBUG org.hibernate.SQL - 
    select
        c1_0.id,
        c1_0.name,
        c1_0.specialization 
    from
        coaches c1_0 
    order by
        c1_0.name 
    offset
        ? rows 
    fetch
        first ? rows only
2026-06-04 19:10:08 [http-nio-8080-exec-3] DEBUG org.hibernate.SQL - 
    select
        count(c1_0.id) 
    from
        coaches c1_0
2026-06-04 19:10:10 [http-nio-8080-exec-5] DEBUG org.hibernate.SQL - 
    select
        up1_0.id,
        up1_0.age,
        up1_0.fitness_goal,
        up1_0.user_id,
        up1_0.weight_kg 
    from
        user_profiles up1_0 
    order by
        up1_0.id 
    offset
        ? rows 
    fetch
        first ? rows only
2026-06-04 19:10:10 [http-nio-8080-exec-5] DEBUG org.hibernate.SQL - 
    select
        u1_0.id,
        c1_0.id,
        c1_0.name,
        c1_0.specialization,
        u1_0.email,
        np1_0.id,
        np1_0.calories,
        np1_0.description,
        np1_0.name,
        u1_0.password,
        p1_0.id,
        p1_0.age,
        p1_0.fitness_goal,
        p1_0.user_id,
        p1_0.weight_kg,
        u1_0.role,
        u1_0.username,
        wg1_0.id,
        wg1_0.category,
        wg1_0.description,
        wg1_0.name 
    from
        users u1_0 
    left join
        coaches c1_0 
            on c1_0.id=u1_0.coach_id 
    left join
        nutrition_plans np1_0 
            on np1_0.id=u1_0.nutrition_plan_id 
    left join
        user_profiles p1_0 
            on u1_0.id=p1_0.user_id 
    left join
        workout_groups wg1_0 
            on wg1_0.id=u1_0.workout_group_id 
    where
        u1_0.id=?
2026-06-04 19:10:11 [http-nio-8080-exec-6] DEBUG org.hibernate.SQL - 
    select
        c1_0.id,
        c1_0.name,
        c1_0.specialization 
    from
        coaches c1_0 
    order by
        c1_0.name 
    offset
        ? rows 
    fetch
        first ? rows only
2026-06-04 19:10:11 [http-nio-8080-exec-6] DEBUG org.hibernate.SQL - 
    select
        count(c1_0.id) 
    from
        coaches c1_0
2026-06-04 19:10:12 [http-nio-8080-exec-7] DEBUG org.hibernate.SQL - 
    select
        wg1_0.id,
        wg1_0.category,
        wg1_0.description,
        wg1_0.name 
    from
        workout_groups wg1_0 
    order by
        wg1_0.name 
    offset
        ? rows 
    fetch
        first ? rows only
2026-06-04 19:10:13 [http-nio-8080-exec-8] DEBUG org.hibernate.SQL - 
    select
        e1_0.id,
        e1_0.description,
        e1_0.duration,
        e1_0.muscle_group,
        e1_0.name,
        e1_0.reps,
        e1_0.sets 
    from
        exercises e1_0
2026-06-04 19:10:15 [http-nio-8080-exec-10] DEBUG org.hibernate.SQL - 
    select
        np1_0.id,
        np1_0.calories,
        np1_0.description,
        np1_0.name 
    from
        nutrition_plans np1_0 
    order by
        np1_0.name 
    offset
        ? rows 
    fetch
        first ? rows only
2026-06-04 19:10:17 [http-nio-8080-exec-1] DEBUG org.hibernate.SQL - 
    select
        u1_0.id,
        u1_0.coach_id,
        u1_0.email,
        u1_0.nutrition_plan_id,
        u1_0.password,
        u1_0.role,
        u1_0.username,
        u1_0.workout_group_id 
    from
        users u1_0 
    order by
        u1_0.username 
    offset
        ? rows 
    fetch
        first ? rows only
2026-06-04 19:10:17 [http-nio-8080-exec-1] DEBUG org.hibernate.SQL - 
    select
        up1_0.id,
        up1_0.age,
        up1_0.fitness_goal,
        up1_0.user_id,
        up1_0.weight_kg 
    from
        user_profiles up1_0 
    where
        up1_0.user_id=?
2026-06-04 19:10:17 [http-nio-8080-exec-1] DEBUG org.hibernate.SQL - 
    select
        up1_0.id,
        up1_0.age,
        up1_0.fitness_goal,
        up1_0.user_id,
        up1_0.weight_kg 
    from
        user_profiles up1_0 
    where
        up1_0.user_id=?
2026-06-04 19:10:17 [http-nio-8080-exec-1] DEBUG org.hibernate.SQL - 
    select
        up1_0.id,
        up1_0.age,
        up1_0.fitness_goal,
        up1_0.user_id,
        up1_0.weight_kg 
    from
        user_profiles up1_0 
    where
        up1_0.user_id=?
2026-06-04 19:10:17 [http-nio-8080-exec-1] DEBUG org.hibernate.SQL - 
    select
        c1_0.id,
        c1_0.name,
        c1_0.specialization 
    from
        coaches c1_0 
    where
        c1_0.id=?
2026-06-04 19:10:17 [http-nio-8080-exec-1] DEBUG org.hibernate.SQL - 
    select
        up1_0.id,
        up1_0.age,
        up1_0.fitness_goal,
        up1_0.user_id,
        up1_0.weight_kg 
    from
        user_profiles up1_0 
    where
        up1_0.user_id=?
2026-06-04 19:10:17 [http-nio-8080-exec-1] DEBUG org.hibernate.SQL - 
    select
        c1_0.id,
        c1_0.name,
        c1_0.specialization 
    from
        coaches c1_0 
    where
        c1_0.id=?
2026-06-04 19:10:17 [http-nio-8080-exec-1] DEBUG org.hibernate.SQL - 
    select
        up1_0.id,
        up1_0.age,
        up1_0.fitness_goal,
        up1_0.user_id,
        up1_0.weight_kg 
    from
        user_profiles up1_0 
    where
        up1_0.user_id=?
2026-06-04 19:10:17 [http-nio-8080-exec-1] DEBUG org.hibernate.SQL - 
    select
        count(u1_0.id) 
    from
        users u1_0
2026-06-04 19:10:17 [http-nio-8080-exec-1] DEBUG org.hibernate.SQL - 
    select
        c1_0.id,
        c1_0.name,
        c1_0.specialization 
    from
        coaches c1_0
2026-06-04 19:10:24 [http-nio-8080-exec-6] DEBUG org.hibernate.SQL - 
    select
        u1_0.id,
        u1_0.coach_id,
        u1_0.email,
        u1_0.nutrition_plan_id,
        u1_0.password,
        u1_0.role,
        u1_0.username,
        u1_0.workout_group_id 
    from
        users u1_0
2026-06-04 19:10:24 [http-nio-8080-exec-6] DEBUG org.hibernate.SQL - 
    select
        up1_0.id,
        up1_0.age,
        up1_0.fitness_goal,
        up1_0.user_id,
        up1_0.weight_kg 
    from
        user_profiles up1_0 
    where
        up1_0.user_id=?
2026-06-04 19:10:24 [http-nio-8080-exec-6] DEBUG org.hibernate.SQL - 
    select
        up1_0.id,
        up1_0.age,
        up1_0.fitness_goal,
        up1_0.user_id,
        up1_0.weight_kg 
    from
        user_profiles up1_0 
    where
        up1_0.user_id=?
2026-06-04 19:10:24 [http-nio-8080-exec-6] DEBUG org.hibernate.SQL - 
    select
        c1_0.id,
        c1_0.name,
        c1_0.specialization 
    from
        coaches c1_0 
    where
        c1_0.id=?
2026-06-04 19:10:24 [http-nio-8080-exec-6] DEBUG org.hibernate.SQL - 
    select
        up1_0.id,
        up1_0.age,
        up1_0.fitness_goal,
        up1_0.user_id,
        up1_0.weight_kg 
    from
        user_profiles up1_0 
    where
        up1_0.user_id=?
2026-06-04 19:10:24 [http-nio-8080-exec-6] DEBUG org.hibernate.SQL - 
    select
        up1_0.id,
        up1_0.age,
        up1_0.fitness_goal,
        up1_0.user_id,
        up1_0.weight_kg 
    from
        user_profiles up1_0 
    where
        up1_0.user_id=?
2026-06-04 19:10:24 [http-nio-8080-exec-6] DEBUG org.hibernate.SQL - 
    select
        up1_0.id,
        up1_0.age,
        up1_0.fitness_goal,
        up1_0.user_id,
        up1_0.weight_kg 
    from
        user_profiles up1_0 
    where
        up1_0.user_id=?
2026-06-04 19:10:24 [http-nio-8080-exec-6] DEBUG org.hibernate.SQL - 
    select
        up1_0.id,
        up1_0.age,
        up1_0.fitness_goal,
        up1_0.user_id,
        up1_0.weight_kg 
    from
        user_profiles up1_0 
    where
        up1_0.user_id=?
2026-06-04 19:10:24 [http-nio-8080-exec-6] DEBUG org.hibernate.SQL - 
    select
        c1_0.id,
        c1_0.name,
        c1_0.specialization 
    from
        coaches c1_0 
    where
        c1_0.id=?
2026-06-04 19:10:24 [http-nio-8080-exec-6] DEBUG org.hibernate.SQL - 
    select
        up1_0.id,
        up1_0.age,
        up1_0.fitness_goal,
        up1_0.user_id,
        up1_0.weight_kg 
    from
        user_profiles up1_0 
    where
        up1_0.user_id=?
2026-06-04 19:10:24 [http-nio-8080-exec-6] DEBUG org.hibernate.SQL - 
    select
        up1_0.id,
        up1_0.age,
        up1_0.fitness_goal,
        up1_0.user_id,
        up1_0.weight_kg 
    from
        user_profiles up1_0 
    where
        up1_0.user_id=?
2026-06-04 19:10:24 [http-nio-8080-exec-6] DEBUG org.hibernate.SQL - 
    select
        up1_0.id,
        up1_0.age,
        up1_0.fitness_goal,
        up1_0.user_id,
        up1_0.weight_kg 
    from
        user_profiles up1_0 
    where
        up1_0.user_id=?
2026-06-04 19:10:24 [http-nio-8080-exec-6] DEBUG org.hibernate.SQL - 
    select
        c1_0.id,
        c1_0.name,
        c1_0.specialization 
    from
        coaches c1_0 
    where
        c1_0.id=?
2026-06-04 19:10:24 [http-nio-8080-exec-6] DEBUG org.hibernate.SQL - 
    select
        up1_0.id,
        up1_0.age,
        up1_0.fitness_goal,
        up1_0.user_id,
        up1_0.weight_kg 
    from
        user_profiles up1_0 
    where
        up1_0.user_id=?
2026-06-04 19:10:24 [http-nio-8080-exec-6] DEBUG org.hibernate.SQL - 
    select
        up1_0.id,
        up1_0.age,
        up1_0.fitness_goal,
        up1_0.user_id,
        up1_0.weight_kg 
    from
        user_profiles up1_0 
    where
        up1_0.user_id=?
2026-06-04 19:10:24 [http-nio-8080-exec-6] DEBUG org.hibernate.SQL - 
    select
        up1_0.id,
        up1_0.age,
        up1_0.fitness_goal,
        up1_0.user_id,
        up1_0.weight_kg 
    from
        user_profiles up1_0 
    where
        up1_0.user_id=?
2026-06-04 19:10:24 [http-nio-8080-exec-6] DEBUG org.hibernate.SQL - 
    select
        up1_0.id,
        up1_0.age,
        up1_0.fitness_goal,
        up1_0.user_id,
        up1_0.weight_kg 
    from
        user_profiles up1_0 
    where
        up1_0.user_id=?
2026-06-04 19:10:24 [http-nio-8080-exec-7] DEBUG org.hibernate.SQL - 
    select
        u1_0.id,
        u1_0.coach_id,
        u1_0.email,
        u1_0.nutrition_plan_id,
        u1_0.password,
        u1_0.role,
        u1_0.username,
        u1_0.workout_group_id 
    from
        users u1_0 
    order by
        u1_0.username 
    offset
        ? rows 
    fetch
        first ? rows only
2026-06-04 19:10:24 [http-nio-8080-exec-7] DEBUG org.hibernate.SQL - 
    select
        up1_0.id,
        up1_0.age,
        up1_0.fitness_goal,
        up1_0.user_id,
        up1_0.weight_kg 
    from
        user_profiles up1_0 
    where
        up1_0.user_id=?
2026-06-04 19:10:24 [http-nio-8080-exec-7] DEBUG org.hibernate.SQL - 
    select
        up1_0.id,
        up1_0.age,
        up1_0.fitness_goal,
        up1_0.user_id,
        up1_0.weight_kg 
    from
        user_profiles up1_0 
    where
        up1_0.user_id=?
2026-06-04 19:10:24 [http-nio-8080-exec-7] DEBUG org.hibernate.SQL - 
    select
        up1_0.id,
        up1_0.age,
        up1_0.fitness_goal,
        up1_0.user_id,
        up1_0.weight_kg 
    from
        user_profiles up1_0 
    where
        up1_0.user_id=?
2026-06-04 19:10:24 [http-nio-8080-exec-7] DEBUG org.hibernate.SQL - 
    select
        c1_0.id,
        c1_0.name,
        c1_0.specialization 
    from
        coaches c1_0 
    where
        c1_0.id=?
2026-06-04 19:10:24 [http-nio-8080-exec-7] DEBUG org.hibernate.SQL - 
    select
        up1_0.id,
        up1_0.age,
        up1_0.fitness_goal,
        up1_0.user_id,
        up1_0.weight_kg 
    from
        user_profiles up1_0 
    where
        up1_0.user_id=?
2026-06-04 19:10:24 [http-nio-8080-exec-7] DEBUG org.hibernate.SQL - 
    select
        c1_0.id,
        c1_0.name,
        c1_0.specialization 
    from
        coaches c1_0 
    where
        c1_0.id=?
2026-06-04 19:10:24 [http-nio-8080-exec-7] DEBUG org.hibernate.SQL - 
    select
        up1_0.id,
        up1_0.age,
        up1_0.fitness_goal,
        up1_0.user_id,
        up1_0.weight_kg 
    from
        user_profiles up1_0 
    where
        up1_0.user_id=?
2026-06-04 19:10:24 [http-nio-8080-exec-7] DEBUG org.hibernate.SQL - 
    select
        count(u1_0.id) 
    from
        users u1_0
2026-06-04 19:10:24 [http-nio-8080-exec-7] DEBUG org.hibernate.SQL - 
    select
        c1_0.id,
        c1_0.name,
        c1_0.specialization 
    from
        coaches c1_0
2026-06-04 19:10:37 [http-nio-8080-exec-3] DEBUG org.hibernate.SQL - 
    select
        u1_0.id,
        u1_0.coach_id,
        u1_0.email,
        u1_0.nutrition_plan_id,
        u1_0.password,
        u1_0.role,
        u1_0.username,
        u1_0.workout_group_id 
    from
        users u1_0
2026-06-04 19:10:37 [http-nio-8080-exec-3] DEBUG org.hibernate.SQL - 
    select
        up1_0.id,
        up1_0.age,
        up1_0.fitness_goal,
        up1_0.user_id,
        up1_0.weight_kg 
    from
        user_profiles up1_0 
    where
        up1_0.user_id=?
2026-06-04 19:10:37 [http-nio-8080-exec-3] DEBUG org.hibernate.SQL - 
    select
        up1_0.id,
        up1_0.age,
        up1_0.fitness_goal,
        up1_0.user_id,
        up1_0.weight_kg 
    from
        user_profiles up1_0 
    where
        up1_0.user_id=?
2026-06-04 19:10:37 [http-nio-8080-exec-3] DEBUG org.hibernate.SQL - 
    select
        c1_0.id,
        c1_0.name,
        c1_0.specialization 
    from
        coaches c1_0 
    where
        c1_0.id=?
2026-06-04 19:10:37 [http-nio-8080-exec-3] DEBUG org.hibernate.SQL - 
    select
        up1_0.id,
        up1_0.age,
        up1_0.fitness_goal,
        up1_0.user_id,
        up1_0.weight_kg 
    from
        user_profiles up1_0 
    where
        up1_0.user_id=?
2026-06-04 19:10:37 [http-nio-8080-exec-3] DEBUG org.hibernate.SQL - 
    select
        up1_0.id,
        up1_0.age,
        up1_0.fitness_goal,
        up1_0.user_id,
        up1_0.weight_kg 
    from
        user_profiles up1_0 
    where
        up1_0.user_id=?
2026-06-04 19:10:37 [http-nio-8080-exec-3] DEBUG org.hibernate.SQL - 
    select
        up1_0.id,
        up1_0.age,
        up1_0.fitness_goal,
        up1_0.user_id,
        up1_0.weight_kg 
    from
        user_profiles up1_0 
    where
        up1_0.user_id=?
2026-06-04 19:10:37 [http-nio-8080-exec-3] DEBUG org.hibernate.SQL - 
    select
        up1_0.id,
        up1_0.age,
        up1_0.fitness_goal,
        up1_0.user_id,
        up1_0.weight_kg 
    from
        user_profiles up1_0 
    where
        up1_0.user_id=?
2026-06-04 19:10:37 [http-nio-8080-exec-3] DEBUG org.hibernate.SQL - 
    select
        c1_0.id,
        c1_0.name,
        c1_0.specialization 
    from
        coaches c1_0 
    where
        c1_0.id=?
2026-06-04 19:10:37 [http-nio-8080-exec-3] DEBUG org.hibernate.SQL - 
    select
        up1_0.id,
        up1_0.age,
        up1_0.fitness_goal,
        up1_0.user_id,
        up1_0.weight_kg 
    from
        user_profiles up1_0 
    where
        up1_0.user_id=?
2026-06-04 19:10:37 [http-nio-8080-exec-3] DEBUG org.hibernate.SQL - 
    select
        up1_0.id,
        up1_0.age,
        up1_0.fitness_goal,
        up1_0.user_id,
        up1_0.weight_kg 
    from
        user_profiles up1_0 
    where
        up1_0.user_id=?
2026-06-04 19:10:37 [http-nio-8080-exec-3] DEBUG org.hibernate.SQL - 
    select
        up1_0.id,
        up1_0.age,
        up1_0.fitness_goal,
        up1_0.user_id,
        up1_0.weight_kg 
    from
        user_profiles up1_0 
    where
        up1_0.user_id=?
2026-06-04 19:10:37 [http-nio-8080-exec-3] DEBUG org.hibernate.SQL - 
    select
        c1_0.id,
        c1_0.name,
        c1_0.specialization 
    from
        coaches c1_0 
    where
        c1_0.id=?
2026-06-04 19:10:37 [http-nio-8080-exec-3] DEBUG org.hibernate.SQL - 
    select
        up1_0.id,
        up1_0.age,
        up1_0.fitness_goal,
        up1_0.user_id,
        up1_0.weight_kg 
    from
        user_profiles up1_0 
    where
        up1_0.user_id=?
2026-06-04 19:10:37 [http-nio-8080-exec-3] DEBUG org.hibernate.SQL - 
    select
        up1_0.id,
        up1_0.age,
        up1_0.fitness_goal,
        up1_0.user_id,
        up1_0.weight_kg 
    from
        user_profiles up1_0 
    where
        up1_0.user_id=?
2026-06-04 19:10:37 [http-nio-8080-exec-3] DEBUG org.hibernate.SQL - 
    select
        up1_0.id,
        up1_0.age,
        up1_0.fitness_goal,
        up1_0.user_id,
        up1_0.weight_kg 
    from
        user_profiles up1_0 
    where
        up1_0.user_id=?
2026-06-04 19:10:37 [http-nio-8080-exec-3] DEBUG org.hibernate.SQL - 
    select
        up1_0.id,
        up1_0.age,
        up1_0.fitness_goal,
        up1_0.user_id,
        up1_0.weight_kg 
    from
        user_profiles up1_0 
    where
        up1_0.user_id=?
2026-06-04 19:10:37 [http-nio-8080-exec-5] DEBUG org.hibernate.SQL - 
    select
        u1_0.id,
        u1_0.coach_id,
        u1_0.email,
        u1_0.nutrition_plan_id,
        u1_0.password,
        u1_0.role,
        u1_0.username,
        u1_0.workout_group_id 
    from
        users u1_0 
    order by
        u1_0.username 
    offset
        ? rows 
    fetch
        first ? rows only
2026-06-04 19:10:37 [http-nio-8080-exec-5] DEBUG org.hibernate.SQL - 
    select
        up1_0.id,
        up1_0.age,
        up1_0.fitness_goal,
        up1_0.user_id,
        up1_0.weight_kg 
    from
        user_profiles up1_0 
    where
        up1_0.user_id=?
2026-06-04 19:10:37 [http-nio-8080-exec-5] DEBUG org.hibernate.SQL - 
    select
        up1_0.id,
        up1_0.age,
        up1_0.fitness_goal,
        up1_0.user_id,
        up1_0.weight_kg 
    from
        user_profiles up1_0 
    where
        up1_0.user_id=?
2026-06-04 19:10:37 [http-nio-8080-exec-5] DEBUG org.hibernate.SQL - 
    select
        up1_0.id,
        up1_0.age,
        up1_0.fitness_goal,
        up1_0.user_id,
        up1_0.weight_kg 
    from
        user_profiles up1_0 
    where
        up1_0.user_id=?
2026-06-04 19:10:37 [http-nio-8080-exec-5] DEBUG org.hibernate.SQL - 
    select
        c1_0.id,
        c1_0.name,
        c1_0.specialization 
    from
        coaches c1_0 
    where
        c1_0.id=?
2026-06-04 19:10:37 [http-nio-8080-exec-5] DEBUG org.hibernate.SQL - 
    select
        up1_0.id,
        up1_0.age,
        up1_0.fitness_goal,
        up1_0.user_id,
        up1_0.weight_kg 
    from
        user_profiles up1_0 
    where
        up1_0.user_id=?
2026-06-04 19:10:37 [http-nio-8080-exec-5] DEBUG org.hibernate.SQL - 
    select
        c1_0.id,
        c1_0.name,
        c1_0.specialization 
    from
        coaches c1_0 
    where
        c1_0.id=?
2026-06-04 19:10:37 [http-nio-8080-exec-5] DEBUG org.hibernate.SQL - 
    select
        up1_0.id,
        up1_0.age,
        up1_0.fitness_goal,
        up1_0.user_id,
        up1_0.weight_kg 
    from
        user_profiles up1_0 
    where
        up1_0.user_id=?
2026-06-04 19:10:37 [http-nio-8080-exec-5] DEBUG org.hibernate.SQL - 
    select
        count(u1_0.id) 
    from
        users u1_0
2026-06-04 19:10:37 [http-nio-8080-exec-5] DEBUG org.hibernate.SQL - 
    select
        c1_0.id,
        c1_0.name,
        c1_0.specialization 
    from
        coaches c1_0
2026-06-04 19:10:40 [http-nio-8080-exec-6] DEBUG org.hibernate.SQL - 
    select
        up1_0.id,
        up1_0.age,
        up1_0.fitness_goal,
        up1_0.user_id,
        up1_0.weight_kg 
    from
        user_profiles up1_0 
    order by
        up1_0.id 
    offset
        ? rows 
    fetch
        first ? rows only
2026-06-04 19:10:40 [http-nio-8080-exec-6] DEBUG org.hibernate.SQL - 
    select
        u1_0.id,
        c1_0.id,
        c1_0.name,
        c1_0.specialization,
        u1_0.email,
        np1_0.id,
        np1_0.calories,
        np1_0.description,
        np1_0.name,
        u1_0.password,
        p1_0.id,
        p1_0.age,
        p1_0.fitness_goal,
        p1_0.user_id,
        p1_0.weight_kg,
        u1_0.role,
        u1_0.username,
        wg1_0.id,
        wg1_0.category,
        wg1_0.description,
        wg1_0.name 
    from
        users u1_0 
    left join
        coaches c1_0 
            on c1_0.id=u1_0.coach_id 
    left join
        nutrition_plans np1_0 
            on np1_0.id=u1_0.nutrition_plan_id 
    left join
        user_profiles p1_0 
            on u1_0.id=p1_0.user_id 
    left join
        workout_groups wg1_0 
            on wg1_0.id=u1_0.workout_group_id 
    where
        u1_0.id=?
2026-06-04 19:10:41 [http-nio-8080-exec-8] DEBUG org.hibernate.SQL - 
    select
        c1_0.id,
        c1_0.name,
        c1_0.specialization 
    from
        coaches c1_0 
    order by
        c1_0.name 
    offset
        ? rows 
    fetch
        first ? rows only
2026-06-04 19:10:41 [http-nio-8080-exec-8] DEBUG org.hibernate.SQL - 
    select
        count(c1_0.id) 
    from
        coaches c1_0
2026-06-04 19:10:42 [http-nio-8080-exec-9] DEBUG org.hibernate.SQL - 
    select
        wg1_0.id,
        wg1_0.category,
        wg1_0.description,
        wg1_0.name 
    from
        workout_groups wg1_0 
    order by
        wg1_0.name 
    offset
        ? rows 
    fetch
        first ? rows only
2026-06-04 19:10:43 [http-nio-8080-exec-1] DEBUG org.hibernate.SQL - 
    select
        e1_0.id,
        e1_0.description,
        e1_0.duration,
        e1_0.muscle_group,
        e1_0.name,
        e1_0.reps,
        e1_0.sets 
    from
        exercises e1_0
2026-06-04 19:10:44 [http-nio-8080-exec-2] DEBUG org.hibernate.SQL - 
    select
        np1_0.id,
        np1_0.calories,
        np1_0.description,
        np1_0.name 
    from
        nutrition_plans np1_0 
    order by
        np1_0.name 
    offset
        ? rows 
    fetch
        first ? rows only
2026-06-04 19:10:47 [http-nio-8080-exec-3] DEBUG org.hibernate.SQL - 
    select
        u1_0.id,
        u1_0.coach_id,
        u1_0.email,
        u1_0.nutrition_plan_id,
        u1_0.password,
        u1_0.role,
        u1_0.username,
        u1_0.workout_group_id 
    from
        users u1_0 
    order by
        u1_0.username 
    offset
        ? rows 
    fetch
        first ? rows only
2026-06-04 19:10:47 [http-nio-8080-exec-3] DEBUG org.hibernate.SQL - 
    select
        up1_0.id,
        up1_0.age,
        up1_0.fitness_goal,
        up1_0.user_id,
        up1_0.weight_kg 
    from
        user_profiles up1_0 
    where
        up1_0.user_id=?
2026-06-04 19:10:47 [http-nio-8080-exec-3] DEBUG org.hibernate.SQL - 
    select
        up1_0.id,
        up1_0.age,
        up1_0.fitness_goal,
        up1_0.user_id,
        up1_0.weight_kg 
    from
        user_profiles up1_0 
    where
        up1_0.user_id=?
2026-06-04 19:10:47 [http-nio-8080-exec-3] DEBUG org.hibernate.SQL - 
    select
        up1_0.id,
        up1_0.age,
        up1_0.fitness_goal,
        up1_0.user_id,
        up1_0.weight_kg 
    from
        user_profiles up1_0 
    where
        up1_0.user_id=?
2026-06-04 19:10:47 [http-nio-8080-exec-3] DEBUG org.hibernate.SQL - 
    select
        c1_0.id,
        c1_0.name,
        c1_0.specialization 
    from
        coaches c1_0 
    where
        c1_0.id=?
2026-06-04 19:10:47 [http-nio-8080-exec-3] DEBUG org.hibernate.SQL - 
    select
        up1_0.id,
        up1_0.age,
        up1_0.fitness_goal,
        up1_0.user_id,
        up1_0.weight_kg 
    from
        user_profiles up1_0 
    where
        up1_0.user_id=?
2026-06-04 19:10:47 [http-nio-8080-exec-3] DEBUG org.hibernate.SQL - 
    select
        c1_0.id,
        c1_0.name,
        c1_0.specialization 
    from
        coaches c1_0 
    where
        c1_0.id=?
2026-06-04 19:10:47 [http-nio-8080-exec-3] DEBUG org.hibernate.SQL - 
    select
        up1_0.id,
        up1_0.age,
        up1_0.fitness_goal,
        up1_0.user_id,
        up1_0.weight_kg 
    from
        user_profiles up1_0 
    where
        up1_0.user_id=?
2026-06-04 19:10:47 [http-nio-8080-exec-3] DEBUG org.hibernate.SQL - 
    select
        count(u1_0.id) 
    from
        users u1_0
2026-06-04 19:10:47 [http-nio-8080-exec-3] DEBUG org.hibernate.SQL - 
    select
        c1_0.id,
        c1_0.name,
        c1_0.specialization 
    from
        coaches c1_0
2026-06-04 19:10:49 [http-nio-8080-exec-5] DEBUG org.hibernate.SQL - 
    select
        np1_0.id,
        np1_0.calories,
        np1_0.description,
        np1_0.name 
    from
        nutrition_plans np1_0 
    order by
        np1_0.name 
    offset
        ? rows 
    fetch
        first ? rows only
2026-06-04 19:10:54 [http-nio-8080-exec-6] DEBUG org.hibernate.SQL - 
    select
        e1_0.id,
        e1_0.description,
        e1_0.duration,
        e1_0.muscle_group,
        e1_0.name,
        e1_0.reps,
        e1_0.sets 
    from
        exercises e1_0
2026-06-04 19:10:56 [http-nio-8080-exec-7] DEBUG org.hibernate.SQL - 
    select
        wg1_0.id,
        wg1_0.category,
        wg1_0.description,
        wg1_0.name 
    from
        workout_groups wg1_0 
    order by
        wg1_0.name 
    offset
        ? rows 
    fetch
        first ? rows only
2026-06-04 19:11:00 [http-nio-8080-exec-9] DEBUG org.hibernate.SQL - 
    select
        np1_0.id,
        np1_0.calories,
        np1_0.description,
        np1_0.name 
    from
        nutrition_plans np1_0 
    order by
        np1_0.name 
    offset
        ? rows 
    fetch
        first ? rows only
2026-06-04 19:11:01 [http-nio-8080-exec-10] DEBUG org.hibernate.SQL - 
    select
        np1_0.id,
        np1_0.calories,
        np1_0.description,
        np1_0.name 
    from
        nutrition_plans np1_0 
    order by
        np1_0.calories desc 
    offset
        ? rows 
    fetch
        first ? rows only
2026-06-04 19:11:02 [http-nio-8080-exec-2] DEBUG org.hibernate.SQL - 
    select
        np1_0.id,
        np1_0.calories,
        np1_0.description,
        np1_0.name 
    from
        nutrition_plans np1_0 
    order by
        np1_0.calories 
    offset
        ? rows 
    fetch
        first ? rows only
2026-06-04 19:11:02 [http-nio-8080-exec-3] DEBUG org.hibernate.SQL - 
    select
        np1_0.id,
        np1_0.calories,
        np1_0.description,
        np1_0.name 
    from
        nutrition_plans np1_0 
    order by
        np1_0.calories desc 
    offset
        ? rows 
    fetch
        first ? rows only
2026-06-04 19:11:04 [http-nio-8080-exec-5] DEBUG org.hibernate.SQL - 
    select
        np1_0.id,
        np1_0.calories,
        np1_0.description,
        np1_0.name 
    from
        nutrition_plans np1_0 
    order by
        np1_0.name 
    offset
        ? rows 
    fetch
        first ? rows only
2026-06-04 19:11:05 [http-nio-8080-exec-4] DEBUG org.hibernate.SQL - 
    select
        np1_0.id,
        np1_0.calories,
        np1_0.description,
        np1_0.name 
    from
        nutrition_plans np1_0 
    order by
        np1_0.name desc 
    offset
        ? rows 
    fetch
        first ? rows only
2026-06-04 19:11:06 [http-nio-8080-exec-6] DEBUG org.hibernate.SQL - 
    select
        c1_0.id,
        c1_0.name,
        c1_0.specialization 
    from
        coaches c1_0 
    order by
        c1_0.name 
    offset
        ? rows 
    fetch
        first ? rows only
2026-06-04 19:11:06 [http-nio-8080-exec-6] DEBUG org.hibernate.SQL - 
    select
        count(c1_0.id) 
    from
        coaches c1_0
2026-06-04 19:11:06 [http-nio-8080-exec-8] DEBUG org.hibernate.SQL - 
    select
        up1_0.id,
        up1_0.age,
        up1_0.fitness_goal,
        up1_0.user_id,
        up1_0.weight_kg 
    from
        user_profiles up1_0 
    order by
        up1_0.id 
    offset
        ? rows 
    fetch
        first ? rows only
2026-06-04 19:11:06 [http-nio-8080-exec-8] DEBUG org.hibernate.SQL - 
    select
        u1_0.id,
        c1_0.id,
        c1_0.name,
        c1_0.specialization,
        u1_0.email,
        np1_0.id,
        np1_0.calories,
        np1_0.description,
        np1_0.name,
        u1_0.password,
        p1_0.id,
        p1_0.age,
        p1_0.fitness_goal,
        p1_0.user_id,
        p1_0.weight_kg,
        u1_0.role,
        u1_0.username,
        wg1_0.id,
        wg1_0.category,
        wg1_0.description,
        wg1_0.name 
    from
        users u1_0 
    left join
        coaches c1_0 
            on c1_0.id=u1_0.coach_id 
    left join
        nutrition_plans np1_0 
            on np1_0.id=u1_0.nutrition_plan_id 
    left join
        user_profiles p1_0 
            on u1_0.id=p1_0.user_id 
    left join
        workout_groups wg1_0 
            on wg1_0.id=u1_0.workout_group_id 
    where
        u1_0.id=?
2026-06-04 19:11:10 [http-nio-8080-exec-9] DEBUG org.hibernate.SQL - 
    select
        u1_0.id,
        u1_0.coach_id,
        u1_0.email,
        u1_0.nutrition_plan_id,
        u1_0.password,
        u1_0.role,
        u1_0.username,
        u1_0.workout_group_id 
    from
        users u1_0 
    order by
        u1_0.username 
    offset
        ? rows 
    fetch
        first ? rows only
2026-06-04 19:11:10 [http-nio-8080-exec-9] DEBUG org.hibernate.SQL - 
    select
        up1_0.id,
        up1_0.age,
        up1_0.fitness_goal,
        up1_0.user_id,
        up1_0.weight_kg 
    from
        user_profiles up1_0 
    where
        up1_0.user_id=?
2026-06-04 19:11:10 [http-nio-8080-exec-9] DEBUG org.hibernate.SQL - 
    select
        up1_0.id,
        up1_0.age,
        up1_0.fitness_goal,
        up1_0.user_id,
        up1_0.weight_kg 
    from
        user_profiles up1_0 
    where
        up1_0.user_id=?
2026-06-04 19:11:10 [http-nio-8080-exec-9] DEBUG org.hibernate.SQL - 
    select
        up1_0.id,
        up1_0.age,
        up1_0.fitness_goal,
        up1_0.user_id,
        up1_0.weight_kg 
    from
        user_profiles up1_0 
    where
        up1_0.user_id=?
2026-06-04 19:11:10 [http-nio-8080-exec-9] DEBUG org.hibernate.SQL - 
    select
        c1_0.id,
        c1_0.name,
        c1_0.specialization 
    from
        coaches c1_0 
    where
        c1_0.id=?
2026-06-04 19:11:10 [http-nio-8080-exec-9] DEBUG org.hibernate.SQL - 
    select
        up1_0.id,
        up1_0.age,
        up1_0.fitness_goal,
        up1_0.user_id,
        up1_0.weight_kg 
    from
        user_profiles up1_0 
    where
        up1_0.user_id=?
2026-06-04 19:11:10 [http-nio-8080-exec-9] DEBUG org.hibernate.SQL - 
    select
        c1_0.id,
        c1_0.name,
        c1_0.specialization 
    from
        coaches c1_0 
    where
        c1_0.id=?
2026-06-04 19:11:10 [http-nio-8080-exec-9] DEBUG org.hibernate.SQL - 
    select
        up1_0.id,
        up1_0.age,
        up1_0.fitness_goal,
        up1_0.user_id,
        up1_0.weight_kg 
    from
        user_profiles up1_0 
    where
        up1_0.user_id=?
2026-06-04 19:11:10 [http-nio-8080-exec-9] DEBUG org.hibernate.SQL - 
    select
        count(u1_0.id) 
    from
        users u1_0
2026-06-04 19:11:10 [http-nio-8080-exec-9] DEBUG org.hibernate.SQL - 
    select
        c1_0.id,
        c1_0.name,
        c1_0.specialization 
    from
        coaches c1_0
2026-06-04 19:11:13 [http-nio-8080-exec-2] DEBUG org.hibernate.SQL - 
    select
        u1_0.id,
        u1_0.coach_id,
        u1_0.email,
        u1_0.nutrition_plan_id,
        u1_0.password,
        u1_0.role,
        u1_0.username,
        u1_0.workout_group_id 
    from
        users u1_0
2026-06-04 19:11:13 [http-nio-8080-exec-2] DEBUG org.hibernate.SQL - 
    select
        up1_0.id,
        up1_0.age,
        up1_0.fitness_goal,
        up1_0.user_id,
        up1_0.weight_kg 
    from
        user_profiles up1_0 
    where
        up1_0.user_id=?
2026-06-04 19:11:13 [http-nio-8080-exec-2] DEBUG org.hibernate.SQL - 
    select
        up1_0.id,
        up1_0.age,
        up1_0.fitness_goal,
        up1_0.user_id,
        up1_0.weight_kg 
    from
        user_profiles up1_0 
    where
        up1_0.user_id=?
2026-06-04 19:11:13 [http-nio-8080-exec-2] DEBUG org.hibernate.SQL - 
    select
        c1_0.id,
        c1_0.name,
        c1_0.specialization 
    from
        coaches c1_0 
    where
        c1_0.id=?
2026-06-04 19:11:13 [http-nio-8080-exec-2] DEBUG org.hibernate.SQL - 
    select
        up1_0.id,
        up1_0.age,
        up1_0.fitness_goal,
        up1_0.user_id,
        up1_0.weight_kg 
    from
        user_profiles up1_0 
    where
        up1_0.user_id=?
2026-06-04 19:11:13 [http-nio-8080-exec-2] DEBUG org.hibernate.SQL - 
    select
        up1_0.id,
        up1_0.age,
        up1_0.fitness_goal,
        up1_0.user_id,
        up1_0.weight_kg 
    from
        user_profiles up1_0 
    where
        up1_0.user_id=?
2026-06-04 19:11:13 [http-nio-8080-exec-2] DEBUG org.hibernate.SQL - 
    select
        up1_0.id,
        up1_0.age,
        up1_0.fitness_goal,
        up1_0.user_id,
        up1_0.weight_kg 
    from
        user_profiles up1_0 
    where
        up1_0.user_id=?
2026-06-04 19:11:13 [http-nio-8080-exec-2] DEBUG org.hibernate.SQL - 
    select
        up1_0.id,
        up1_0.age,
        up1_0.fitness_goal,
        up1_0.user_id,
        up1_0.weight_kg 
    from
        user_profiles up1_0 
    where
        up1_0.user_id=?
2026-06-04 19:11:13 [http-nio-8080-exec-2] DEBUG org.hibernate.SQL - 
    select
        c1_0.id,
        c1_0.name,
        c1_0.specialization 
    from
        coaches c1_0 
    where
        c1_0.id=?
2026-06-04 19:11:13 [http-nio-8080-exec-2] DEBUG org.hibernate.SQL - 
    select
        up1_0.id,
        up1_0.age,
        up1_0.fitness_goal,
        up1_0.user_id,
        up1_0.weight_kg 
    from
        user_profiles up1_0 
    where
        up1_0.user_id=?
2026-06-04 19:11:13 [http-nio-8080-exec-2] DEBUG org.hibernate.SQL - 
    select
        up1_0.id,
        up1_0.age,
        up1_0.fitness_goal,
        up1_0.user_id,
        up1_0.weight_kg 
    from
        user_profiles up1_0 
    where
        up1_0.user_id=?
2026-06-04 19:11:13 [http-nio-8080-exec-2] DEBUG org.hibernate.SQL - 
    select
        up1_0.id,
        up1_0.age,
        up1_0.fitness_goal,
        up1_0.user_id,
        up1_0.weight_kg 
    from
        user_profiles up1_0 
    where
        up1_0.user_id=?
2026-06-04 19:11:13 [http-nio-8080-exec-2] DEBUG org.hibernate.SQL - 
    select
        c1_0.id,
        c1_0.name,
        c1_0.specialization 
    from
        coaches c1_0 
    where
        c1_0.id=?
2026-06-04 19:11:13 [http-nio-8080-exec-2] DEBUG org.hibernate.SQL - 
    select
        up1_0.id,
        up1_0.age,
        up1_0.fitness_goal,
        up1_0.user_id,
        up1_0.weight_kg 
    from
        user_profiles up1_0 
    where
        up1_0.user_id=?
2026-06-04 19:11:13 [http-nio-8080-exec-2] DEBUG org.hibernate.SQL - 
    select
        up1_0.id,
        up1_0.age,
        up1_0.fitness_goal,
        up1_0.user_id,
        up1_0.weight_kg 
    from
        user_profiles up1_0 
    where
        up1_0.user_id=?
2026-06-04 19:11:13 [http-nio-8080-exec-2] DEBUG org.hibernate.SQL - 
    select
        up1_0.id,
        up1_0.age,
        up1_0.fitness_goal,
        up1_0.user_id,
        up1_0.weight_kg 
    from
        user_profiles up1_0 
    where
        up1_0.user_id=?
2026-06-04 19:11:13 [http-nio-8080-exec-2] DEBUG org.hibernate.SQL - 
    select
        up1_0.id,
        up1_0.age,
        up1_0.fitness_goal,
        up1_0.user_id,
        up1_0.weight_kg 
    from
        user_profiles up1_0 
    where
        up1_0.user_id=?
2026-06-04 19:11:13 [http-nio-8080-exec-3] DEBUG org.hibernate.SQL - 
    select
        u1_0.id,
        u1_0.coach_id,
        u1_0.email,
        u1_0.nutrition_plan_id,
        u1_0.password,
        u1_0.role,
        u1_0.username,
        u1_0.workout_group_id 
    from
        users u1_0 
    order by
        u1_0.username 
    offset
        ? rows 
    fetch
        first ? rows only
2026-06-04 19:11:13 [http-nio-8080-exec-3] DEBUG org.hibernate.SQL - 
    select
        up1_0.id,
        up1_0.age,
        up1_0.fitness_goal,
        up1_0.user_id,
        up1_0.weight_kg 
    from
        user_profiles up1_0 
    where
        up1_0.user_id=?
2026-06-04 19:11:13 [http-nio-8080-exec-3] DEBUG org.hibernate.SQL - 
    select
        up1_0.id,
        up1_0.age,
        up1_0.fitness_goal,
        up1_0.user_id,
        up1_0.weight_kg 
    from
        user_profiles up1_0 
    where
        up1_0.user_id=?
2026-06-04 19:11:13 [http-nio-8080-exec-3] DEBUG org.hibernate.SQL - 
    select
        up1_0.id,
        up1_0.age,
        up1_0.fitness_goal,
        up1_0.user_id,
        up1_0.weight_kg 
    from
        user_profiles up1_0 
    where
        up1_0.user_id=?
2026-06-04 19:11:13 [http-nio-8080-exec-3] DEBUG org.hibernate.SQL - 
    select
        c1_0.id,
        c1_0.name,
        c1_0.specialization 
    from
        coaches c1_0 
    where
        c1_0.id=?
2026-06-04 19:11:13 [http-nio-8080-exec-3] DEBUG org.hibernate.SQL - 
    select
        up1_0.id,
        up1_0.age,
        up1_0.fitness_goal,
        up1_0.user_id,
        up1_0.weight_kg 
    from
        user_profiles up1_0 
    where
        up1_0.user_id=?
2026-06-04 19:11:13 [http-nio-8080-exec-3] DEBUG org.hibernate.SQL - 
    select
        c1_0.id,
        c1_0.name,
        c1_0.specialization 
    from
        coaches c1_0 
    where
        c1_0.id=?
2026-06-04 19:11:13 [http-nio-8080-exec-3] DEBUG org.hibernate.SQL - 
    select
        up1_0.id,
        up1_0.age,
        up1_0.fitness_goal,
        up1_0.user_id,
        up1_0.weight_kg 
    from
        user_profiles up1_0 
    where
        up1_0.user_id=?
2026-06-04 19:11:13 [http-nio-8080-exec-3] DEBUG org.hibernate.SQL - 
    select
        count(u1_0.id) 
    from
        users u1_0
2026-06-04 19:11:13 [http-nio-8080-exec-3] DEBUG org.hibernate.SQL - 
    select
        c1_0.id,
        c1_0.name,
        c1_0.specialization 
    from
        coaches c1_0
2026-06-04 19:11:14 [http-nio-8080-exec-5] DEBUG org.hibernate.SQL - 
    select
        up1_0.id,
        up1_0.age,
        up1_0.fitness_goal,
        up1_0.user_id,
        up1_0.weight_kg 
    from
        user_profiles up1_0 
    order by
        up1_0.id 
    offset
        ? rows 
    fetch
        first ? rows only
2026-06-04 19:11:14 [http-nio-8080-exec-5] DEBUG org.hibernate.SQL - 
    select
        u1_0.id,
        c1_0.id,
        c1_0.name,
        c1_0.specialization,
        u1_0.email,
        np1_0.id,
        np1_0.calories,
        np1_0.description,
        np1_0.name,
        u1_0.password,
        p1_0.id,
        p1_0.age,
        p1_0.fitness_goal,
        p1_0.user_id,
        p1_0.weight_kg,
        u1_0.role,
        u1_0.username,
        wg1_0.id,
        wg1_0.category,
        wg1_0.description,
        wg1_0.name 
    from
        users u1_0 
    left join
        coaches c1_0 
            on c1_0.id=u1_0.coach_id 
    left join
        nutrition_plans np1_0 
            on np1_0.id=u1_0.nutrition_plan_id 
    left join
        user_profiles p1_0 
            on u1_0.id=p1_0.user_id 
    left join
        workout_groups wg1_0 
            on wg1_0.id=u1_0.workout_group_id 
    where
        u1_0.id=?
2026-06-04 19:11:16 [http-nio-8080-exec-4] DEBUG org.hibernate.SQL - 
    select
        u1_0.id,
        u1_0.coach_id,
        u1_0.email,
        u1_0.nutrition_plan_id,
        u1_0.password,
        u1_0.role,
        u1_0.username,
        u1_0.workout_group_id 
    from
        users u1_0
2026-06-04 19:11:16 [http-nio-8080-exec-4] DEBUG org.hibernate.SQL - 
    select
        up1_0.id,
        up1_0.age,
        up1_0.fitness_goal,
        up1_0.user_id,
        up1_0.weight_kg 
    from
        user_profiles up1_0 
    where
        up1_0.user_id=?
2026-06-04 19:11:16 [http-nio-8080-exec-4] DEBUG org.hibernate.SQL - 
    select
        up1_0.id,
        up1_0.age,
        up1_0.fitness_goal,
        up1_0.user_id,
        up1_0.weight_kg 
    from
        user_profiles up1_0 
    where
        up1_0.user_id=?
2026-06-04 19:11:16 [http-nio-8080-exec-4] DEBUG org.hibernate.SQL - 
    select
        c1_0.id,
        c1_0.name,
        c1_0.specialization 
    from
        coaches c1_0 
    where
        c1_0.id=?
2026-06-04 19:11:16 [http-nio-8080-exec-4] DEBUG org.hibernate.SQL - 
    select
        up1_0.id,
        up1_0.age,
        up1_0.fitness_goal,
        up1_0.user_id,
        up1_0.weight_kg 
    from
        user_profiles up1_0 
    where
        up1_0.user_id=?
2026-06-04 19:11:16 [http-nio-8080-exec-4] DEBUG org.hibernate.SQL - 
    select
        up1_0.id,
        up1_0.age,
        up1_0.fitness_goal,
        up1_0.user_id,
        up1_0.weight_kg 
    from
        user_profiles up1_0 
    where
        up1_0.user_id=?
2026-06-04 19:11:16 [http-nio-8080-exec-4] DEBUG org.hibernate.SQL - 
    select
        up1_0.id,
        up1_0.age,
        up1_0.fitness_goal,
        up1_0.user_id,
        up1_0.weight_kg 
    from
        user_profiles up1_0 
    where
        up1_0.user_id=?
2026-06-04 19:11:16 [http-nio-8080-exec-4] DEBUG org.hibernate.SQL - 
    select
        up1_0.id,
        up1_0.age,
        up1_0.fitness_goal,
        up1_0.user_id,
        up1_0.weight_kg 
    from
        user_profiles up1_0 
    where
        up1_0.user_id=?
2026-06-04 19:11:16 [http-nio-8080-exec-4] DEBUG org.hibernate.SQL - 
    select
        c1_0.id,
        c1_0.name,
        c1_0.specialization 
    from
        coaches c1_0 
    where
        c1_0.id=?
2026-06-04 19:11:16 [http-nio-8080-exec-4] DEBUG org.hibernate.SQL - 
    select
        up1_0.id,
        up1_0.age,
        up1_0.fitness_goal,
        up1_0.user_id,
        up1_0.weight_kg 
    from
        user_profiles up1_0 
    where
        up1_0.user_id=?
2026-06-04 19:11:16 [http-nio-8080-exec-4] DEBUG org.hibernate.SQL - 
    select
        up1_0.id,
        up1_0.age,
        up1_0.fitness_goal,
        up1_0.user_id,
        up1_0.weight_kg 
    from
        user_profiles up1_0 
    where
        up1_0.user_id=?
2026-06-04 19:11:16 [http-nio-8080-exec-4] DEBUG org.hibernate.SQL - 
    select
        up1_0.id,
        up1_0.age,
        up1_0.fitness_goal,
        up1_0.user_id,
        up1_0.weight_kg 
    from
        user_profiles up1_0 
    where
        up1_0.user_id=?
2026-06-04 19:11:16 [http-nio-8080-exec-4] DEBUG org.hibernate.SQL - 
    select
        c1_0.id,
        c1_0.name,
        c1_0.specialization 
    from
        coaches c1_0 
    where
        c1_0.id=?
2026-06-04 19:11:16 [http-nio-8080-exec-4] DEBUG org.hibernate.SQL - 
    select
        up1_0.id,
        up1_0.age,
        up1_0.fitness_goal,
        up1_0.user_id,
        up1_0.weight_kg 
    from
        user_profiles up1_0 
    where
        up1_0.user_id=?
2026-06-04 19:11:16 [http-nio-8080-exec-4] DEBUG org.hibernate.SQL - 
    select
        up1_0.id,
        up1_0.age,
        up1_0.fitness_goal,
        up1_0.user_id,
        up1_0.weight_kg 
    from
        user_profiles up1_0 
    where
        up1_0.user_id=?
2026-06-04 19:11:16 [http-nio-8080-exec-4] DEBUG org.hibernate.SQL - 
    select
        up1_0.id,
        up1_0.age,
        up1_0.fitness_goal,
        up1_0.user_id,
        up1_0.weight_kg 
    from
        user_profiles up1_0 
    where
        up1_0.user_id=?
2026-06-04 19:11:16 [http-nio-8080-exec-4] DEBUG org.hibernate.SQL - 
    select
        up1_0.id,
        up1_0.age,
        up1_0.fitness_goal,
        up1_0.user_id,
        up1_0.weight_kg 
    from
        user_profiles up1_0 
    where
        up1_0.user_id=?
2026-06-04 19:11:26 [http-nio-8080-exec-7] DEBUG org.hibernate.SQL - 
    select
        up1_0.id,
        up1_0.age,
        up1_0.fitness_goal,
        up1_0.user_id,
        up1_0.weight_kg 
    from
        user_profiles up1_0 
    order by
        up1_0.id 
    offset
        ? rows 
    fetch
        first ? rows only
2026-06-04 19:11:26 [http-nio-8080-exec-7] DEBUG org.hibernate.SQL - 
    select
        u1_0.id,
        c1_0.id,
        c1_0.name,
        c1_0.specialization,
        u1_0.email,
        np1_0.id,
        np1_0.calories,
        np1_0.description,
        np1_0.name,
        u1_0.password,
        p1_0.id,
        p1_0.age,
        p1_0.fitness_goal,
        p1_0.user_id,
        p1_0.weight_kg,
        u1_0.role,
        u1_0.username,
        wg1_0.id,
        wg1_0.category,
        wg1_0.description,
        wg1_0.name 
    from
        users u1_0 
    left join
        coaches c1_0 
            on c1_0.id=u1_0.coach_id 
    left join
        nutrition_plans np1_0 
            on np1_0.id=u1_0.nutrition_plan_id 
    left join
        user_profiles p1_0 
            on u1_0.id=p1_0.user_id 
    left join
        workout_groups wg1_0 
            on wg1_0.id=u1_0.workout_group_id 
    where
        u1_0.id=?
2026-06-04 19:11:27 [http-nio-8080-exec-8] DEBUG org.hibernate.SQL - 
    select
        c1_0.id,
        c1_0.name,
        c1_0.specialization 
    from
        coaches c1_0 
    order by
        c1_0.name 
    offset
        ? rows 
    fetch
        first ? rows only
2026-06-04 19:11:27 [http-nio-8080-exec-8] DEBUG org.hibernate.SQL - 
    select
        count(c1_0.id) 
    from
        coaches c1_0
2026-06-04 19:11:28 [http-nio-8080-exec-10] DEBUG org.hibernate.SQL - 
    select
        wg1_0.id,
        wg1_0.category,
        wg1_0.description,
        wg1_0.name 
    from
        workout_groups wg1_0 
    order by
        wg1_0.name 
    offset
        ? rows 
    fetch
        first ? rows only
2026-06-04 19:11:32 [http-nio-8080-exec-1] DEBUG org.hibernate.SQL - 
    select
        e1_0.id,
        e1_0.description,
        e1_0.duration,
        e1_0.muscle_group,
        e1_0.name,
        e1_0.reps,
        e1_0.sets 
    from
        exercises e1_0
2026-06-04 19:11:34 [http-nio-8080-exec-2] DEBUG org.hibernate.SQL - 
    select
        wg1_0.id,
        wg1_0.category,
        wg1_0.description,
        wg1_0.name 
    from
        workout_groups wg1_0 
    order by
        wg1_0.name 
    offset
        ? rows 
    fetch
        first ? rows only
2026-06-04 19:11:36 [http-nio-8080-exec-5] DEBUG org.hibernate.SQL - 
    select
        e1_0.id,
        e1_0.description,
        e1_0.duration,
        e1_0.muscle_group,
        e1_0.name,
        e1_0.reps,
        e1_0.sets 
    from
        exercises e1_0
2026-06-04 19:11:38 [http-nio-8080-exec-4] DEBUG org.hibernate.SQL - 
    select
        wg1_0.id,
        wg1_0.category,
        wg1_0.description,
        wg1_0.name 
    from
        workout_groups wg1_0 
    order by
        wg1_0.name 
    offset
        ? rows 
    fetch
        first ? rows only
2026-06-04 19:11:39 [http-nio-8080-exec-7] DEBUG org.hibernate.SQL - 
    select
        np1_0.id,
        np1_0.calories,
        np1_0.description,
        np1_0.name 
    from
        nutrition_plans np1_0 
    order by
        np1_0.name 
    offset
        ? rows 
    fetch
        first ? rows only
2026-06-04 19:11:40 [http-nio-8080-exec-8] DEBUG org.hibernate.SQL - 
    select
        e1_0.id,
        e1_0.description,
        e1_0.duration,
        e1_0.muscle_group,
        e1_0.name,
        e1_0.reps,
        e1_0.sets 
    from
        exercises e1_0
2026-06-04 19:11:44 [http-nio-8080-exec-9] DEBUG org.hibernate.SQL - 
    select
        e1_0.id,
        e1_0.description,
        e1_0.duration,
        e1_0.muscle_group,
        e1_0.name,
        e1_0.reps,
        e1_0.sets 
    from
        exercises e1_0 
    where
        e1_0.id=?
2026-06-04 19:11:44 [http-nio-8080-exec-9] DEBUG org.hibernate.SQL - 
    select
        wg1_0.id,
        wg1_0.category,
        wg1_0.description,
        wg1_0.name 
    from
        workout_groups wg1_0
2026-06-04 19:11:47 [http-nio-8080-exec-10] DEBUG org.hibernate.SQL - 
    select
        e1_0.id,
        e1_0.description,
        e1_0.duration,
        e1_0.muscle_group,
        e1_0.name,
        e1_0.reps,
        e1_0.sets 
    from
        exercises e1_0
2026-06-04 19:11:49 [http-nio-8080-exec-2] DEBUG org.hibernate.SQL - 
    select
        np1_0.id,
        np1_0.calories,
        np1_0.description,
        np1_0.name 
    from
        nutrition_plans np1_0 
    order by
        np1_0.name 
    offset
        ? rows 
    fetch
        first ? rows only
2026-06-04 19:11:55 [http-nio-8080-exec-3] DEBUG org.hibernate.SQL - 
    select
        e1_0.id,
        e1_0.description,
        e1_0.duration,
        e1_0.muscle_group,
        e1_0.name,
        e1_0.reps,
        e1_0.sets 
    from
        exercises e1_0
2026-06-04 19:11:56 [http-nio-8080-exec-4] DEBUG org.hibernate.SQL - 
    select
        np1_0.id,
        np1_0.calories,
        np1_0.description,
        np1_0.name 
    from
        nutrition_plans np1_0 
    order by
        np1_0.name 
    offset
        ? rows 
    fetch
        first ? rows only
2026-06-04 19:11:56 [http-nio-8080-exec-6] DEBUG org.hibernate.SQL - 
    select
        np1_0.id,
        np1_0.calories,
        np1_0.description,
        np1_0.name 
    from
        nutrition_plans np1_0 
    where
        np1_0.id=?
2026-06-04 19:11:59 [http-nio-8080-exec-8] DEBUG org.hibernate.SQL - 
    select
        np1_0.id,
        np1_0.calories,
        np1_0.description,
        np1_0.name 
    from
        nutrition_plans np1_0 
    order by
        np1_0.name 
    offset
        ? rows 
    fetch
        first ? rows only
2026-06-04 19:12:01 [http-nio-8080-exec-9] DEBUG org.hibernate.SQL - 
    select
        np1_0.id,
        np1_0.calories,
        np1_0.description,
        np1_0.name 
    from
        nutrition_plans np1_0 
    where
        np1_0.id=?
2026-06-04 19:12:12 [http-nio-8080-exec-10] DEBUG org.hibernate.SQL - 
    select
        np1_0.id,
        np1_0.calories,
        np1_0.description,
        np1_0.name,
        u1_0.nutrition_plan_id,
        u1_0.id,
        c1_0.id,
        c1_0.name,
        c1_0.specialization,
        u1_0.email,
        u1_0.password,
        p1_0.id,
        p1_0.age,
        p1_0.fitness_goal,
        p1_0.user_id,
        p1_0.weight_kg,
        u1_0.role,
        u1_0.username,
        wg1_0.id,
        wg1_0.category,
        wg1_0.description,
        wg1_0.name 
    from
        nutrition_plans np1_0 
    left join
        users u1_0 
            on np1_0.id=u1_0.nutrition_plan_id 
    left join
        coaches c1_0 
            on c1_0.id=u1_0.coach_id 
    left join
        user_profiles p1_0 
            on u1_0.id=p1_0.user_id 
    left join
        workout_groups wg1_0 
            on wg1_0.id=u1_0.workout_group_id 
    where
        np1_0.id=?
2026-06-04 19:12:12 [http-nio-8080-exec-10] DEBUG org.hibernate.SQL - 
    update
        nutrition_plans 
    set
        calories=?,
        description=?,
        name=? 
    where
        id=?
2026-06-04 19:12:12 [http-nio-8080-exec-1] DEBUG org.hibernate.SQL - 
    select
        np1_0.id,
        np1_0.calories,
        np1_0.description,
        np1_0.name 
    from
        nutrition_plans np1_0 
    order by
        np1_0.name 
    offset
        ? rows 
    fetch
        first ? rows only
2026-06-04 19:12:15 [http-nio-8080-exec-2] DEBUG org.hibernate.SQL - 
    select
        np1_0.id,
        np1_0.calories,
        np1_0.description,
        np1_0.name 
    from
        nutrition_plans np1_0 
    where
        np1_0.id=?
2026-06-04 19:12:19 [http-nio-8080-exec-5] DEBUG org.hibernate.SQL - 
    select
        np1_0.id,
        np1_0.calories,
        np1_0.description,
        np1_0.name 
    from
        nutrition_plans np1_0 
    order by
        np1_0.name 
    offset
        ? rows 
    fetch
        first ? rows only
2026-06-04 19:13:01 [http-nio-8080-exec-4] DEBUG org.hibernate.SQL - 
    select
        np1_0.id,
        np1_0.calories,
        np1_0.description,
        np1_0.name 
    from
        nutrition_plans np1_0 
    where
        np1_0.id=?
2026-06-04 19:13:24 [http-nio-8080-exec-7] DEBUG org.hibernate.SQL - 
    select
        np1_0.id,
        np1_0.calories,
        np1_0.description,
        np1_0.name 
    from
        nutrition_plans np1_0 
    order by
        np1_0.name 
    offset
        ? rows 
    fetch
        first ? rows only
2026-06-04 19:15:24 [SpringApplicationShutdownHook] INFO  o.s.b.w.e.tomcat.GracefulShutdown - Commencing graceful shutdown. Waiting for active requests to complete
2026-06-04 19:15:24 [tomcat-shutdown] INFO  o.s.b.w.e.tomcat.GracefulShutdown - Graceful shutdown complete
2026-06-04 19:15:24 [SpringApplicationShutdownHook] INFO  o.s.o.j.LocalContainerEntityManagerFactoryBean - Closing JPA EntityManagerFactory for persistence unit 'default'
2026-06-04 19:15:24 [SpringApplicationShutdownHook] INFO  com.zaxxer.hikari.HikariDataSource - HikariPool-1 - Shutdown initiated...
2026-06-04 19:15:24 [SpringApplicationShutdownHook] INFO  com.zaxxer.hikari.HikariDataSource - HikariPool-1 - Shutdown completed.
2026-06-04 19:15:27 [main] INFO  com.fitness.opp.OppApplication - Starting OppApplication using Java 21.0.10 with PID 9772 (C:\Users\Dunduc George\Desktop\fitness\opp\target\classes started by Dunduc George in C:\Users\Dunduc George\Desktop\fitness)
2026-06-04 19:15:27 [main] DEBUG com.fitness.opp.OppApplication - Running with Spring Boot v3.4.1, Spring v6.2.1
2026-06-04 19:15:27 [main] INFO  com.fitness.opp.OppApplication - The following 1 profile is active: "dev"
2026-06-04 19:15:28 [main] INFO  o.s.d.r.c.RepositoryConfigurationDelegate - Bootstrapping Spring Data JPA repositories in DEFAULT mode.
2026-06-04 19:15:28 [main] INFO  o.s.d.r.c.RepositoryConfigurationDelegate - Finished Spring Data repository scanning in 70 ms. Found 6 JPA repository interfaces.
2026-06-04 19:15:29 [main] INFO  o.s.b.w.e.tomcat.TomcatWebServer - Tomcat initialized with port 8080 (http)
2026-06-04 19:15:29 [main] INFO  o.a.catalina.core.StandardService - Starting service [Tomcat]
2026-06-04 19:15:29 [main] INFO  o.a.catalina.core.StandardEngine - Starting Servlet engine: [Apache Tomcat/10.1.34]
2026-06-04 19:15:29 [main] INFO  o.a.c.c.C.[Tomcat].[localhost].[/] - Initializing Spring embedded WebApplicationContext
2026-06-04 19:15:29 [main] INFO  o.s.b.w.s.c.ServletWebServerApplicationContext - Root WebApplicationContext: initialization completed in 1597 ms
2026-06-04 19:15:29 [main] INFO  o.h.jpa.internal.util.LogHelper - HHH000204: Processing PersistenceUnitInfo [name: default]
2026-06-04 19:15:29 [main] INFO  org.hibernate.Version - HHH000412: Hibernate ORM core version 6.6.4.Final
2026-06-04 19:15:29 [main] INFO  o.h.c.i.RegionFactoryInitiator - HHH000026: Second-level cache disabled
2026-06-04 19:15:30 [main] INFO  o.s.o.j.p.SpringPersistenceUnitInfo - No LoadTimeWeaver setup: ignoring JPA class transformer
2026-06-04 19:15:30 [main] INFO  com.zaxxer.hikari.HikariDataSource - HikariPool-1 - Starting...
2026-06-04 19:15:30 [main] INFO  com.zaxxer.hikari.pool.HikariPool - HikariPool-1 - Added connection oracle.jdbc.driver.T4CConnection@23321be7
2026-06-04 19:15:30 [main] INFO  com.zaxxer.hikari.HikariDataSource - HikariPool-1 - Start completed.
2026-06-04 19:15:30 [main] WARN  org.hibernate.orm.deprecation - HHH90000025: OracleDialect does not need to be specified explicitly using 'hibernate.dialect' (remove the property setting and it will be selected by default)
2026-06-04 19:15:30 [main] INFO  o.hibernate.orm.connections.pooling - HHH10001005: Database info:
	Database JDBC URL [Connecting through datasource 'HikariDataSource (HikariPool-1)']
	Database driver: undefined/unknown
	Database version: 21.3
	Autocommit mode: undefined/unknown
	Isolation level: undefined/unknown
	Minimum pool size: undefined/unknown
	Maximum pool size: undefined/unknown
2026-06-04 19:15:32 [main] INFO  o.h.e.t.j.p.i.JtaPlatformInitiator - HHH000489: No JTA platform available (set 'hibernate.transaction.jta.platform' to enable JTA platform integration)
2026-06-04 19:15:35 [main] INFO  o.s.o.j.LocalContainerEntityManagerFactoryBean - Initialized JPA EntityManagerFactory for persistence unit 'default'
2026-06-04 19:15:35 [main] WARN  o.s.b.a.o.j.JpaBaseConfiguration$JpaWebConfiguration - spring.jpa.open-in-view is enabled by default. Therefore, database queries may be performed during view rendering. Explicitly configure spring.jpa.open-in-view to disable this warning
2026-06-04 19:15:35 [main] INFO  o.s.s.c.a.a.c.InitializeAuthenticationProviderBeanManagerConfigurer$InitializeAuthenticationProviderManagerConfigurer - Global AuthenticationManager configured with AuthenticationProvider bean with name authenticationProvider
2026-06-04 19:15:35 [main] WARN  o.s.s.c.a.a.c.InitializeUserDetailsBeanManagerConfigurer$InitializeUserDetailsManagerConfigurer - Global AuthenticationManager configured with an AuthenticationProvider bean. UserDetailsService beans will not be used by Spring Security for automatically configuring username/password login. Consider removing the AuthenticationProvider bean. Alternatively, consider using the UserDetailsService in a manually instantiated DaoAuthenticationProvider. If the current configuration is intentional, to turn off this warning, increase the logging level of 'org.springframework.security.config.annotation.authentication.configuration.InitializeUserDetailsBeanManagerConfigurer' to ERROR
2026-06-04 19:15:36 [main] INFO  o.s.b.w.e.tomcat.TomcatWebServer - Tomcat started on port 8080 (http) with context path '/'
2026-06-04 19:15:36 [main] INFO  com.fitness.opp.OppApplication - Started OppApplication in 9.028 seconds (process running for 9.497)
2026-06-04 19:15:36 [main] DEBUG org.hibernate.SQL - 
    select
        u1_0.id,
        u1_0.coach_id,
        u1_0.email,
        u1_0.nutrition_plan_id,
        u1_0.password,
        u1_0.role,
        u1_0.username,
        u1_0.workout_group_id 
    from
        users u1_0 
    where
        u1_0.username=?
2026-06-04 19:15:36 [main] DEBUG org.hibernate.SQL - 
    select
        up1_0.id,
        up1_0.age,
        up1_0.fitness_goal,
        up1_0.user_id,
        up1_0.weight_kg 
    from
        user_profiles up1_0 
    where
        up1_0.user_id=?
2026-06-04 19:15:36 [main] DEBUG org.hibernate.SQL - 
    select
        u1_0.id,
        c1_0.id,
        c1_0.name,
        c1_0.specialization,
        u1_0.email,
        np1_0.id,
        np1_0.calories,
        np1_0.description,
        np1_0.name,
        u1_0.password,
        p1_0.id,
        p1_0.age,
        p1_0.fitness_goal,
        p1_0.user_id,
        p1_0.weight_kg,
        u1_0.role,
        u1_0.username,
        wg1_0.id,
        wg1_0.category,
        wg1_0.description,
        wg1_0.name 
    from
        users u1_0 
    left join
        coaches c1_0 
            on c1_0.id=u1_0.coach_id 
    left join
        nutrition_plans np1_0 
            on np1_0.id=u1_0.nutrition_plan_id 
    left join
        user_profiles p1_0 
            on u1_0.id=p1_0.user_id 
    left join
        workout_groups wg1_0 
            on wg1_0.id=u1_0.workout_group_id 
    where
        u1_0.id=?
2026-06-04 19:15:36 [main] DEBUG org.hibernate.SQL - 
    delete 
    from
        users 
    where
        id=?
2026-06-04 19:15:36 [main] DEBUG org.hibernate.SQL - 
    insert 
    into
        users
        (coach_id, email, nutrition_plan_id, password, role, username, workout_group_id, id) 
    values
        (?, ?, ?, ?, ?, ?, ?, default)
2026-06-04 19:15:38 [http-nio-8080-exec-1] INFO  o.a.c.c.C.[Tomcat].[localhost].[/] - Initializing Spring DispatcherServlet 'dispatcherServlet'
2026-06-04 19:15:38 [http-nio-8080-exec-1] INFO  o.s.web.servlet.DispatcherServlet - Initializing Servlet 'dispatcherServlet'
2026-06-04 19:15:38 [http-nio-8080-exec-1] INFO  o.s.web.servlet.DispatcherServlet - Completed initialization in 1 ms
2026-06-04 19:15:41 [http-nio-8080-exec-4] DEBUG org.hibernate.SQL - 
    select
        u1_0.id,
        u1_0.coach_id,
        u1_0.email,
        u1_0.nutrition_plan_id,
        u1_0.password,
        u1_0.role,
        u1_0.username,
        u1_0.workout_group_id 
    from
        users u1_0
2026-06-04 19:15:41 [http-nio-8080-exec-4] DEBUG org.hibernate.SQL - 
    select
        up1_0.id,
        up1_0.age,
        up1_0.fitness_goal,
        up1_0.user_id,
        up1_0.weight_kg 
    from
        user_profiles up1_0 
    where
        up1_0.user_id=?
2026-06-04 19:15:41 [http-nio-8080-exec-4] DEBUG org.hibernate.SQL - 
    select
        up1_0.id,
        up1_0.age,
        up1_0.fitness_goal,
        up1_0.user_id,
        up1_0.weight_kg 
    from
        user_profiles up1_0 
    where
        up1_0.user_id=?
2026-06-04 19:15:41 [http-nio-8080-exec-4] DEBUG org.hibernate.SQL - 
    select
        c1_0.id,
        c1_0.name,
        c1_0.specialization 
    from
        coaches c1_0 
    where
        c1_0.id=?
2026-06-04 19:15:41 [http-nio-8080-exec-4] DEBUG org.hibernate.SQL - 
    select
        up1_0.id,
        up1_0.age,
        up1_0.fitness_goal,
        up1_0.user_id,
        up1_0.weight_kg 
    from
        user_profiles up1_0 
    where
        up1_0.user_id=?
2026-06-04 19:15:41 [http-nio-8080-exec-4] DEBUG org.hibernate.SQL - 
    select
        up1_0.id,
        up1_0.age,
        up1_0.fitness_goal,
        up1_0.user_id,
        up1_0.weight_kg 
    from
        user_profiles up1_0 
    where
        up1_0.user_id=?
2026-06-04 19:15:41 [http-nio-8080-exec-4] DEBUG org.hibernate.SQL - 
    select
        up1_0.id,
        up1_0.age,
        up1_0.fitness_goal,
        up1_0.user_id,
        up1_0.weight_kg 
    from
        user_profiles up1_0 
    where
        up1_0.user_id=?
2026-06-04 19:15:41 [http-nio-8080-exec-4] DEBUG org.hibernate.SQL - 
    select
        up1_0.id,
        up1_0.age,
        up1_0.fitness_goal,
        up1_0.user_id,
        up1_0.weight_kg 
    from
        user_profiles up1_0 
    where
        up1_0.user_id=?
2026-06-04 19:15:41 [http-nio-8080-exec-4] DEBUG org.hibernate.SQL - 
    select
        c1_0.id,
        c1_0.name,
        c1_0.specialization 
    from
        coaches c1_0 
    where
        c1_0.id=?
2026-06-04 19:15:41 [http-nio-8080-exec-4] DEBUG org.hibernate.SQL - 
    select
        up1_0.id,
        up1_0.age,
        up1_0.fitness_goal,
        up1_0.user_id,
        up1_0.weight_kg 
    from
        user_profiles up1_0 
    where
        up1_0.user_id=?
2026-06-04 19:15:41 [http-nio-8080-exec-4] DEBUG org.hibernate.SQL - 
    select
        up1_0.id,
        up1_0.age,
        up1_0.fitness_goal,
        up1_0.user_id,
        up1_0.weight_kg 
    from
        user_profiles up1_0 
    where
        up1_0.user_id=?
2026-06-04 19:15:41 [http-nio-8080-exec-4] DEBUG org.hibernate.SQL - 
    select
        up1_0.id,
        up1_0.age,
        up1_0.fitness_goal,
        up1_0.user_id,
        up1_0.weight_kg 
    from
        user_profiles up1_0 
    where
        up1_0.user_id=?
2026-06-04 19:15:41 [http-nio-8080-exec-4] DEBUG org.hibernate.SQL - 
    select
        c1_0.id,
        c1_0.name,
        c1_0.specialization 
    from
        coaches c1_0 
    where
        c1_0.id=?
2026-06-04 19:15:41 [http-nio-8080-exec-4] DEBUG org.hibernate.SQL - 
    select
        up1_0.id,
        up1_0.age,
        up1_0.fitness_goal,
        up1_0.user_id,
        up1_0.weight_kg 
    from
        user_profiles up1_0 
    where
        up1_0.user_id=?
2026-06-04 19:15:41 [http-nio-8080-exec-4] DEBUG org.hibernate.SQL - 
    select
        up1_0.id,
        up1_0.age,
        up1_0.fitness_goal,
        up1_0.user_id,
        up1_0.weight_kg 
    from
        user_profiles up1_0 
    where
        up1_0.user_id=?
2026-06-04 19:15:41 [http-nio-8080-exec-4] DEBUG org.hibernate.SQL - 
    select
        up1_0.id,
        up1_0.age,
        up1_0.fitness_goal,
        up1_0.user_id,
        up1_0.weight_kg 
    from
        user_profiles up1_0 
    where
        up1_0.user_id=?
2026-06-04 19:15:41 [http-nio-8080-exec-4] DEBUG org.hibernate.SQL - 
    select
        up1_0.id,
        up1_0.age,
        up1_0.fitness_goal,
        up1_0.user_id,
        up1_0.weight_kg 
    from
        user_profiles up1_0 
    where
        up1_0.user_id=?
2026-06-04 19:15:41 [http-nio-8080-exec-5] DEBUG org.hibernate.SQL - 
    select
        u1_0.id,
        u1_0.coach_id,
        u1_0.email,
        u1_0.nutrition_plan_id,
        u1_0.password,
        u1_0.role,
        u1_0.username,
        u1_0.workout_group_id 
    from
        users u1_0 
    order by
        u1_0.username 
    offset
        ? rows 
    fetch
        first ? rows only
2026-06-04 19:15:41 [http-nio-8080-exec-5] DEBUG org.hibernate.SQL - 
    select
        up1_0.id,
        up1_0.age,
        up1_0.fitness_goal,
        up1_0.user_id,
        up1_0.weight_kg 
    from
        user_profiles up1_0 
    where
        up1_0.user_id=?
2026-06-04 19:15:41 [http-nio-8080-exec-5] DEBUG org.hibernate.SQL - 
    select
        up1_0.id,
        up1_0.age,
        up1_0.fitness_goal,
        up1_0.user_id,
        up1_0.weight_kg 
    from
        user_profiles up1_0 
    where
        up1_0.user_id=?
2026-06-04 19:15:41 [http-nio-8080-exec-5] DEBUG org.hibernate.SQL - 
    select
        up1_0.id,
        up1_0.age,
        up1_0.fitness_goal,
        up1_0.user_id,
        up1_0.weight_kg 
    from
        user_profiles up1_0 
    where
        up1_0.user_id=?
2026-06-04 19:15:41 [http-nio-8080-exec-5] DEBUG org.hibernate.SQL - 
    select
        c1_0.id,
        c1_0.name,
        c1_0.specialization 
    from
        coaches c1_0 
    where
        c1_0.id=?
2026-06-04 19:15:41 [http-nio-8080-exec-5] DEBUG org.hibernate.SQL - 
    select
        up1_0.id,
        up1_0.age,
        up1_0.fitness_goal,
        up1_0.user_id,
        up1_0.weight_kg 
    from
        user_profiles up1_0 
    where
        up1_0.user_id=?
2026-06-04 19:15:41 [http-nio-8080-exec-5] DEBUG org.hibernate.SQL - 
    select
        c1_0.id,
        c1_0.name,
        c1_0.specialization 
    from
        coaches c1_0 
    where
        c1_0.id=?
2026-06-04 19:15:41 [http-nio-8080-exec-5] DEBUG org.hibernate.SQL - 
    select
        up1_0.id,
        up1_0.age,
        up1_0.fitness_goal,
        up1_0.user_id,
        up1_0.weight_kg 
    from
        user_profiles up1_0 
    where
        up1_0.user_id=?
2026-06-04 19:15:41 [http-nio-8080-exec-5] DEBUG org.hibernate.SQL - 
    select
        count(u1_0.id) 
    from
        users u1_0
2026-06-04 19:15:41 [http-nio-8080-exec-5] DEBUG org.hibernate.SQL - 
    select
        c1_0.id,
        c1_0.name,
        c1_0.specialization 
    from
        coaches c1_0
2026-06-04 19:15:42 [http-nio-8080-exec-7] DEBUG org.hibernate.SQL - 
    select
        np1_0.id,
        np1_0.calories,
        np1_0.description,
        np1_0.name 
    from
        nutrition_plans np1_0 
    order by
        np1_0.name 
    offset
        ? rows 
    fetch
        first ? rows only
2026-06-04 19:15:49 [http-nio-8080-exec-8] DEBUG org.hibernate.SQL - 
    select
        np1_0.id,
        np1_0.calories,
        np1_0.description,
        np1_0.name 
    from
        nutrition_plans np1_0 
    where
        np1_0.id=?
2026-06-04 19:15:50 [http-nio-8080-exec-9] DEBUG org.hibernate.SQL - 
    select
        np1_0.id,
        np1_0.calories,
        np1_0.description,
        np1_0.name 
    from
        nutrition_plans np1_0 
    order by
        np1_0.name 
    offset
        ? rows 
    fetch
        first ? rows only
2026-06-04 19:15:51 [http-nio-8080-exec-1] DEBUG org.hibernate.SQL - 
    select
        np1_0.id,
        np1_0.calories,
        np1_0.description,
        np1_0.name 
    from
        nutrition_plans np1_0 
    where
        np1_0.id=?
2026-06-04 19:15:52 [http-nio-8080-exec-2] DEBUG org.hibernate.SQL - 
    select
        np1_0.id,
        np1_0.calories,
        np1_0.description,
        np1_0.name 
    from
        nutrition_plans np1_0 
    order by
        np1_0.name 
    offset
        ? rows 
    fetch
        first ? rows only
2026-06-04 19:15:57 [http-nio-8080-exec-3] DEBUG org.hibernate.SQL - 
    select
        np1_0.id,
        np1_0.calories,
        np1_0.description,
        np1_0.name 
    from
        nutrition_plans np1_0 
    where
        np1_0.id=?
2026-06-04 19:15:59 [http-nio-8080-exec-4] DEBUG org.hibernate.SQL - 
    select
        np1_0.id,
        np1_0.calories,
        np1_0.description,
        np1_0.name 
    from
        nutrition_plans np1_0 
    order by
        np1_0.name 
    offset
        ? rows 
    fetch
        first ? rows only
2026-06-04 19:16:10 [http-nio-8080-exec-6] DEBUG org.hibernate.SQL - 
    select
        np1_0.id,
        np1_0.calories,
        np1_0.description,
        np1_0.name 
    from
        nutrition_plans np1_0 
    where
        np1_0.id=?
2026-06-04 19:16:15 [http-nio-8080-exec-7] DEBUG org.hibernate.SQL - 
    select
        np1_0.id,
        np1_0.calories,
        np1_0.description,
        np1_0.name,
        u1_0.nutrition_plan_id,
        u1_0.id,
        c1_0.id,
        c1_0.name,
        c1_0.specialization,
        u1_0.email,
        u1_0.password,
        p1_0.id,
        p1_0.age,
        p1_0.fitness_goal,
        p1_0.user_id,
        p1_0.weight_kg,
        u1_0.role,
        u1_0.username,
        wg1_0.id,
        wg1_0.category,
        wg1_0.description,
        wg1_0.name 
    from
        nutrition_plans np1_0 
    left join
        users u1_0 
            on np1_0.id=u1_0.nutrition_plan_id 
    left join
        coaches c1_0 
            on c1_0.id=u1_0.coach_id 
    left join
        user_profiles p1_0 
            on u1_0.id=p1_0.user_id 
    left join
        workout_groups wg1_0 
            on wg1_0.id=u1_0.workout_group_id 
    where
        np1_0.id=?
2026-06-04 19:16:15 [http-nio-8080-exec-7] DEBUG org.hibernate.SQL - 
    update
        nutrition_plans 
    set
        calories=?,
        description=?,
        name=? 
    where
        id=?
2026-06-04 19:16:15 [http-nio-8080-exec-8] DEBUG org.hibernate.SQL - 
    select
        np1_0.id,
        np1_0.calories,
        np1_0.description,
        np1_0.name 
    from
        nutrition_plans np1_0 
    order by
        np1_0.name 
    offset
        ? rows 
    fetch
        first ? rows only
2026-06-04 19:16:19 [http-nio-8080-exec-10] DEBUG org.hibernate.SQL - 
    select
        e1_0.id,
        e1_0.description,
        e1_0.duration,
        e1_0.muscle_group,
        e1_0.name,
        e1_0.reps,
        e1_0.sets 
    from
        exercises e1_0
2026-06-04 19:16:19 [http-nio-8080-exec-2] DEBUG org.hibernate.SQL - 
    select
        wg1_0.id,
        wg1_0.category,
        wg1_0.description,
        wg1_0.name 
    from
        workout_groups wg1_0 
    order by
        wg1_0.name 
    offset
        ? rows 
    fetch
        first ? rows only
2026-06-04 19:16:20 [http-nio-8080-exec-3] DEBUG org.hibernate.SQL - 
    select
        c1_0.id,
        c1_0.name,
        c1_0.specialization 
    from
        coaches c1_0 
    order by
        c1_0.name 
    offset
        ? rows 
    fetch
        first ? rows only
2026-06-04 19:16:20 [http-nio-8080-exec-3] DEBUG org.hibernate.SQL - 
    select
        count(c1_0.id) 
    from
        coaches c1_0
2026-06-04 19:16:20 [http-nio-8080-exec-4] DEBUG org.hibernate.SQL - 
    select
        wg1_0.id,
        wg1_0.category,
        wg1_0.description,
        wg1_0.name 
    from
        workout_groups wg1_0 
    order by
        wg1_0.name 
    offset
        ? rows 
    fetch
        first ? rows only
2026-06-04 19:16:21 [http-nio-8080-exec-5] DEBUG org.hibernate.SQL - 
    select
        e1_0.id,
        e1_0.description,
        e1_0.duration,
        e1_0.muscle_group,
        e1_0.name,
        e1_0.reps,
        e1_0.sets 
    from
        exercises e1_0
2026-06-04 19:16:21 [http-nio-8080-exec-6] DEBUG org.hibernate.SQL - 
    select
        wg1_0.id,
        wg1_0.category,
        wg1_0.description,
        wg1_0.name 
    from
        workout_groups wg1_0 
    order by
        wg1_0.name 
    offset
        ? rows 
    fetch
        first ? rows only
2026-06-04 19:16:23 [http-nio-8080-exec-7] DEBUG org.hibernate.SQL - 
    select
        e1_0.id,
        e1_0.description,
        e1_0.duration,
        e1_0.muscle_group,
        e1_0.name,
        e1_0.reps,
        e1_0.sets 
    from
        exercises e1_0
2026-06-04 19:16:25 [http-nio-8080-exec-8] DEBUG org.hibernate.SQL - 
    select
        wg1_0.id,
        wg1_0.category,
        wg1_0.description,
        wg1_0.name 
    from
        workout_groups wg1_0 
    order by
        wg1_0.name 
    offset
        ? rows 
    fetch
        first ? rows only
2026-06-04 19:16:25 [http-nio-8080-exec-9] DEBUG org.hibernate.SQL - 
    select
        c1_0.id,
        c1_0.name,
        c1_0.specialization 
    from
        coaches c1_0 
    order by
        c1_0.name 
    offset
        ? rows 
    fetch
        first ? rows only
2026-06-04 19:16:25 [http-nio-8080-exec-9] DEBUG org.hibernate.SQL - 
    select
        count(c1_0.id) 
    from
        coaches c1_0
2026-06-04 19:16:26 [http-nio-8080-exec-10] DEBUG org.hibernate.SQL - 
    select
        up1_0.id,
        up1_0.age,
        up1_0.fitness_goal,
        up1_0.user_id,
        up1_0.weight_kg 
    from
        user_profiles up1_0 
    order by
        up1_0.id 
    offset
        ? rows 
    fetch
        first ? rows only
2026-06-04 19:16:26 [http-nio-8080-exec-10] DEBUG org.hibernate.SQL - 
    select
        u1_0.id,
        c1_0.id,
        c1_0.name,
        c1_0.specialization,
        u1_0.email,
        np1_0.id,
        np1_0.calories,
        np1_0.description,
        np1_0.name,
        u1_0.password,
        p1_0.id,
        p1_0.age,
        p1_0.fitness_goal,
        p1_0.user_id,
        p1_0.weight_kg,
        u1_0.role,
        u1_0.username,
        wg1_0.id,
        wg1_0.category,
        wg1_0.description,
        wg1_0.name 
    from
        users u1_0 
    left join
        coaches c1_0 
            on c1_0.id=u1_0.coach_id 
    left join
        nutrition_plans np1_0 
            on np1_0.id=u1_0.nutrition_plan_id 
    left join
        user_profiles p1_0 
            on u1_0.id=p1_0.user_id 
    left join
        workout_groups wg1_0 
            on wg1_0.id=u1_0.workout_group_id 
    where
        u1_0.id=?
2026-06-04 19:16:28 [http-nio-8080-exec-1] DEBUG org.hibernate.SQL - 
    select
        u1_0.id,
        u1_0.coach_id,
        u1_0.email,
        u1_0.nutrition_plan_id,
        u1_0.password,
        u1_0.role,
        u1_0.username,
        u1_0.workout_group_id 
    from
        users u1_0 
    order by
        u1_0.username 
    offset
        ? rows 
    fetch
        first ? rows only
2026-06-04 19:16:28 [http-nio-8080-exec-1] DEBUG org.hibernate.SQL - 
    select
        up1_0.id,
        up1_0.age,
        up1_0.fitness_goal,
        up1_0.user_id,
        up1_0.weight_kg 
    from
        user_profiles up1_0 
    where
        up1_0.user_id=?
2026-06-04 19:16:28 [http-nio-8080-exec-1] DEBUG org.hibernate.SQL - 
    select
        up1_0.id,
        up1_0.age,
        up1_0.fitness_goal,
        up1_0.user_id,
        up1_0.weight_kg 
    from
        user_profiles up1_0 
    where
        up1_0.user_id=?
2026-06-04 19:16:28 [http-nio-8080-exec-1] DEBUG org.hibernate.SQL - 
    select
        up1_0.id,
        up1_0.age,
        up1_0.fitness_goal,
        up1_0.user_id,
        up1_0.weight_kg 
    from
        user_profiles up1_0 
    where
        up1_0.user_id=?
2026-06-04 19:16:28 [http-nio-8080-exec-1] DEBUG org.hibernate.SQL - 
    select
        c1_0.id,
        c1_0.name,
        c1_0.specialization 
    from
        coaches c1_0 
    where
        c1_0.id=?
2026-06-04 19:16:28 [http-nio-8080-exec-1] DEBUG org.hibernate.SQL - 
    select
        up1_0.id,
        up1_0.age,
        up1_0.fitness_goal,
        up1_0.user_id,
        up1_0.weight_kg 
    from
        user_profiles up1_0 
    where
        up1_0.user_id=?
2026-06-04 19:16:28 [http-nio-8080-exec-1] DEBUG org.hibernate.SQL - 
    select
        c1_0.id,
        c1_0.name,
        c1_0.specialization 
    from
        coaches c1_0 
    where
        c1_0.id=?
2026-06-04 19:16:28 [http-nio-8080-exec-1] DEBUG org.hibernate.SQL - 
    select
        up1_0.id,
        up1_0.age,
        up1_0.fitness_goal,
        up1_0.user_id,
        up1_0.weight_kg 
    from
        user_profiles up1_0 
    where
        up1_0.user_id=?
2026-06-04 19:16:28 [http-nio-8080-exec-1] DEBUG org.hibernate.SQL - 
    select
        count(u1_0.id) 
    from
        users u1_0
2026-06-04 19:16:28 [http-nio-8080-exec-1] DEBUG org.hibernate.SQL - 
    select
        c1_0.id,
        c1_0.name,
        c1_0.specialization 
    from
        coaches c1_0
2026-06-04 19:16:37 [http-nio-8080-exec-5] DEBUG org.hibernate.SQL - 
    select
        u1_0.id,
        u1_0.coach_id,
        u1_0.email,
        u1_0.nutrition_plan_id,
        u1_0.password,
        u1_0.role,
        u1_0.username,
        u1_0.workout_group_id 
    from
        users u1_0
2026-06-04 19:16:37 [http-nio-8080-exec-5] DEBUG org.hibernate.SQL - 
    select
        up1_0.id,
        up1_0.age,
        up1_0.fitness_goal,
        up1_0.user_id,
        up1_0.weight_kg 
    from
        user_profiles up1_0 
    where
        up1_0.user_id=?
2026-06-04 19:16:37 [http-nio-8080-exec-5] DEBUG org.hibernate.SQL - 
    select
        up1_0.id,
        up1_0.age,
        up1_0.fitness_goal,
        up1_0.user_id,
        up1_0.weight_kg 
    from
        user_profiles up1_0 
    where
        up1_0.user_id=?
2026-06-04 19:16:37 [http-nio-8080-exec-5] DEBUG org.hibernate.SQL - 
    select
        c1_0.id,
        c1_0.name,
        c1_0.specialization 
    from
        coaches c1_0 
    where
        c1_0.id=?
2026-06-04 19:16:37 [http-nio-8080-exec-5] DEBUG org.hibernate.SQL - 
    select
        up1_0.id,
        up1_0.age,
        up1_0.fitness_goal,
        up1_0.user_id,
        up1_0.weight_kg 
    from
        user_profiles up1_0 
    where
        up1_0.user_id=?
2026-06-04 19:16:37 [http-nio-8080-exec-5] DEBUG org.hibernate.SQL - 
    select
        up1_0.id,
        up1_0.age,
        up1_0.fitness_goal,
        up1_0.user_id,
        up1_0.weight_kg 
    from
        user_profiles up1_0 
    where
        up1_0.user_id=?
2026-06-04 19:16:37 [http-nio-8080-exec-5] DEBUG org.hibernate.SQL - 
    select
        up1_0.id,
        up1_0.age,
        up1_0.fitness_goal,
        up1_0.user_id,
        up1_0.weight_kg 
    from
        user_profiles up1_0 
    where
        up1_0.user_id=?
2026-06-04 19:16:37 [http-nio-8080-exec-5] DEBUG org.hibernate.SQL - 
    select
        up1_0.id,
        up1_0.age,
        up1_0.fitness_goal,
        up1_0.user_id,
        up1_0.weight_kg 
    from
        user_profiles up1_0 
    where
        up1_0.user_id=?
2026-06-04 19:16:37 [http-nio-8080-exec-5] DEBUG org.hibernate.SQL - 
    select
        c1_0.id,
        c1_0.name,
        c1_0.specialization 
    from
        coaches c1_0 
    where
        c1_0.id=?
2026-06-04 19:16:37 [http-nio-8080-exec-5] DEBUG org.hibernate.SQL - 
    select
        up1_0.id,
        up1_0.age,
        up1_0.fitness_goal,
        up1_0.user_id,
        up1_0.weight_kg 
    from
        user_profiles up1_0 
    where
        up1_0.user_id=?
2026-06-04 19:16:37 [http-nio-8080-exec-5] DEBUG org.hibernate.SQL - 
    select
        up1_0.id,
        up1_0.age,
        up1_0.fitness_goal,
        up1_0.user_id,
        up1_0.weight_kg 
    from
        user_profiles up1_0 
    where
        up1_0.user_id=?
2026-06-04 19:16:37 [http-nio-8080-exec-5] DEBUG org.hibernate.SQL - 
    select
        up1_0.id,
        up1_0.age,
        up1_0.fitness_goal,
        up1_0.user_id,
        up1_0.weight_kg 
    from
        user_profiles up1_0 
    where
        up1_0.user_id=?
2026-06-04 19:16:37 [http-nio-8080-exec-5] DEBUG org.hibernate.SQL - 
    select
        c1_0.id,
        c1_0.name,
        c1_0.specialization 
    from
        coaches c1_0 
    where
        c1_0.id=?
2026-06-04 19:16:37 [http-nio-8080-exec-5] DEBUG org.hibernate.SQL - 
    select
        up1_0.id,
        up1_0.age,
        up1_0.fitness_goal,
        up1_0.user_id,
        up1_0.weight_kg 
    from
        user_profiles up1_0 
    where
        up1_0.user_id=?
2026-06-04 19:16:37 [http-nio-8080-exec-5] DEBUG org.hibernate.SQL - 
    select
        up1_0.id,
        up1_0.age,
        up1_0.fitness_goal,
        up1_0.user_id,
        up1_0.weight_kg 
    from
        user_profiles up1_0 
    where
        up1_0.user_id=?
2026-06-04 19:16:37 [http-nio-8080-exec-5] DEBUG org.hibernate.SQL - 
    select
        up1_0.id,
        up1_0.age,
        up1_0.fitness_goal,
        up1_0.user_id,
        up1_0.weight_kg 
    from
        user_profiles up1_0 
    where
        up1_0.user_id=?
2026-06-04 19:16:37 [http-nio-8080-exec-5] DEBUG org.hibernate.SQL - 
    select
        up1_0.id,
        up1_0.age,
        up1_0.fitness_goal,
        up1_0.user_id,
        up1_0.weight_kg 
    from
        user_profiles up1_0 
    where
        up1_0.user_id=?
2026-06-04 19:16:37 [http-nio-8080-exec-6] DEBUG org.hibernate.SQL - 
    select
        u1_0.id,
        u1_0.coach_id,
        u1_0.email,
        u1_0.nutrition_plan_id,
        u1_0.password,
        u1_0.role,
        u1_0.username,
        u1_0.workout_group_id 
    from
        users u1_0 
    order by
        u1_0.username 
    offset
        ? rows 
    fetch
        first ? rows only
2026-06-04 19:16:37 [http-nio-8080-exec-6] DEBUG org.hibernate.SQL - 
    select
        up1_0.id,
        up1_0.age,
        up1_0.fitness_goal,
        up1_0.user_id,
        up1_0.weight_kg 
    from
        user_profiles up1_0 
    where
        up1_0.user_id=?
2026-06-04 19:16:37 [http-nio-8080-exec-6] DEBUG org.hibernate.SQL - 
    select
        up1_0.id,
        up1_0.age,
        up1_0.fitness_goal,
        up1_0.user_id,
        up1_0.weight_kg 
    from
        user_profiles up1_0 
    where
        up1_0.user_id=?
2026-06-04 19:16:37 [http-nio-8080-exec-6] DEBUG org.hibernate.SQL - 
    select
        up1_0.id,
        up1_0.age,
        up1_0.fitness_goal,
        up1_0.user_id,
        up1_0.weight_kg 
    from
        user_profiles up1_0 
    where
        up1_0.user_id=?
2026-06-04 19:16:37 [http-nio-8080-exec-6] DEBUG org.hibernate.SQL - 
    select
        c1_0.id,
        c1_0.name,
        c1_0.specialization 
    from
        coaches c1_0 
    where
        c1_0.id=?
2026-06-04 19:16:37 [http-nio-8080-exec-6] DEBUG org.hibernate.SQL - 
    select
        up1_0.id,
        up1_0.age,
        up1_0.fitness_goal,
        up1_0.user_id,
        up1_0.weight_kg 
    from
        user_profiles up1_0 
    where
        up1_0.user_id=?
2026-06-04 19:16:37 [http-nio-8080-exec-6] DEBUG org.hibernate.SQL - 
    select
        c1_0.id,
        c1_0.name,
        c1_0.specialization 
    from
        coaches c1_0 
    where
        c1_0.id=?
2026-06-04 19:16:37 [http-nio-8080-exec-6] DEBUG org.hibernate.SQL - 
    select
        up1_0.id,
        up1_0.age,
        up1_0.fitness_goal,
        up1_0.user_id,
        up1_0.weight_kg 
    from
        user_profiles up1_0 
    where
        up1_0.user_id=?
2026-06-04 19:16:37 [http-nio-8080-exec-6] DEBUG org.hibernate.SQL - 
    select
        count(u1_0.id) 
    from
        users u1_0
2026-06-04 19:16:37 [http-nio-8080-exec-6] DEBUG org.hibernate.SQL - 
    select
        c1_0.id,
        c1_0.name,
        c1_0.specialization 
    from
        coaches c1_0
2026-06-04 19:16:38 [http-nio-8080-exec-8] DEBUG org.hibernate.SQL - 
    select
        up1_0.id,
        up1_0.age,
        up1_0.fitness_goal,
        up1_0.user_id,
        up1_0.weight_kg 
    from
        user_profiles up1_0 
    order by
        up1_0.id 
    offset
        ? rows 
    fetch
        first ? rows only
2026-06-04 19:16:38 [http-nio-8080-exec-8] DEBUG org.hibernate.SQL - 
    select
        u1_0.id,
        c1_0.id,
        c1_0.name,
        c1_0.specialization,
        u1_0.email,
        np1_0.id,
        np1_0.calories,
        np1_0.description,
        np1_0.name,
        u1_0.password,
        p1_0.id,
        p1_0.age,
        p1_0.fitness_goal,
        p1_0.user_id,
        p1_0.weight_kg,
        u1_0.role,
        u1_0.username,
        wg1_0.id,
        wg1_0.category,
        wg1_0.description,
        wg1_0.name 
    from
        users u1_0 
    left join
        coaches c1_0 
            on c1_0.id=u1_0.coach_id 
    left join
        nutrition_plans np1_0 
            on np1_0.id=u1_0.nutrition_plan_id 
    left join
        user_profiles p1_0 
            on u1_0.id=p1_0.user_id 
    left join
        workout_groups wg1_0 
            on wg1_0.id=u1_0.workout_group_id 
    where
        u1_0.id=?
2026-06-04 19:16:39 [http-nio-8080-exec-10] DEBUG org.hibernate.SQL - 
    select
        c1_0.id,
        c1_0.name,
        c1_0.specialization 
    from
        coaches c1_0 
    order by
        c1_0.name 
    offset
        ? rows 
    fetch
        first ? rows only
2026-06-04 19:16:39 [http-nio-8080-exec-10] DEBUG org.hibernate.SQL - 
    select
        count(c1_0.id) 
    from
        coaches c1_0
2026-06-04 19:16:40 [http-nio-8080-exec-1] DEBUG org.hibernate.SQL - 
    select
        wg1_0.id,
        wg1_0.category,
        wg1_0.description,
        wg1_0.name 
    from
        workout_groups wg1_0 
    order by
        wg1_0.name 
    offset
        ? rows 
    fetch
        first ? rows only
2026-06-04 19:16:41 [http-nio-8080-exec-2] DEBUG org.hibernate.SQL - 
    select
        e1_0.id,
        e1_0.description,
        e1_0.duration,
        e1_0.muscle_group,
        e1_0.name,
        e1_0.reps,
        e1_0.sets 
    from
        exercises e1_0
2026-06-04 19:16:42 [http-nio-8080-exec-3] DEBUG org.hibernate.SQL - 
    select
        np1_0.id,
        np1_0.calories,
        np1_0.description,
        np1_0.name 
    from
        nutrition_plans np1_0 
    order by
        np1_0.name 
    offset
        ? rows 
    fetch
        first ? rows only
2026-06-04 19:16:44 [http-nio-8080-exec-4] DEBUG org.hibernate.SQL - 
    select
        u1_0.id,
        u1_0.coach_id,
        u1_0.email,
        u1_0.nutrition_plan_id,
        u1_0.password,
        u1_0.role,
        u1_0.username,
        u1_0.workout_group_id 
    from
        users u1_0 
    order by
        u1_0.username 
    offset
        ? rows 
    fetch
        first ? rows only
2026-06-04 19:16:44 [http-nio-8080-exec-4] DEBUG org.hibernate.SQL - 
    select
        up1_0.id,
        up1_0.age,
        up1_0.fitness_goal,
        up1_0.user_id,
        up1_0.weight_kg 
    from
        user_profiles up1_0 
    where
        up1_0.user_id=?
2026-06-04 19:16:44 [http-nio-8080-exec-4] DEBUG org.hibernate.SQL - 
    select
        up1_0.id,
        up1_0.age,
        up1_0.fitness_goal,
        up1_0.user_id,
        up1_0.weight_kg 
    from
        user_profiles up1_0 
    where
        up1_0.user_id=?
2026-06-04 19:16:44 [http-nio-8080-exec-4] DEBUG org.hibernate.SQL - 
    select
        up1_0.id,
        up1_0.age,
        up1_0.fitness_goal,
        up1_0.user_id,
        up1_0.weight_kg 
    from
        user_profiles up1_0 
    where
        up1_0.user_id=?
2026-06-04 19:16:44 [http-nio-8080-exec-4] DEBUG org.hibernate.SQL - 
    select
        c1_0.id,
        c1_0.name,
        c1_0.specialization 
    from
        coaches c1_0 
    where
        c1_0.id=?
2026-06-04 19:16:44 [http-nio-8080-exec-4] DEBUG org.hibernate.SQL - 
    select
        up1_0.id,
        up1_0.age,
        up1_0.fitness_goal,
        up1_0.user_id,
        up1_0.weight_kg 
    from
        user_profiles up1_0 
    where
        up1_0.user_id=?
2026-06-04 19:16:44 [http-nio-8080-exec-4] DEBUG org.hibernate.SQL - 
    select
        c1_0.id,
        c1_0.name,
        c1_0.specialization 
    from
        coaches c1_0 
    where
        c1_0.id=?
2026-06-04 19:16:44 [http-nio-8080-exec-4] DEBUG org.hibernate.SQL - 
    select
        up1_0.id,
        up1_0.age,
        up1_0.fitness_goal,
        up1_0.user_id,
        up1_0.weight_kg 
    from
        user_profiles up1_0 
    where
        up1_0.user_id=?
2026-06-04 19:16:44 [http-nio-8080-exec-4] DEBUG org.hibernate.SQL - 
    select
        count(u1_0.id) 
    from
        users u1_0
2026-06-04 19:16:44 [http-nio-8080-exec-4] DEBUG org.hibernate.SQL - 
    select
        c1_0.id,
        c1_0.name,
        c1_0.specialization 
    from
        coaches c1_0
2026-06-04 19:16:45 [http-nio-8080-exec-6] DEBUG org.hibernate.SQL - 
    select
        up1_0.id,
        up1_0.age,
        up1_0.fitness_goal,
        up1_0.user_id,
        up1_0.weight_kg 
    from
        user_profiles up1_0 
    order by
        up1_0.id 
    offset
        ? rows 
    fetch
        first ? rows only
2026-06-04 19:16:45 [http-nio-8080-exec-6] DEBUG org.hibernate.SQL - 
    select
        u1_0.id,
        c1_0.id,
        c1_0.name,
        c1_0.specialization,
        u1_0.email,
        np1_0.id,
        np1_0.calories,
        np1_0.description,
        np1_0.name,
        u1_0.password,
        p1_0.id,
        p1_0.age,
        p1_0.fitness_goal,
        p1_0.user_id,
        p1_0.weight_kg,
        u1_0.role,
        u1_0.username,
        wg1_0.id,
        wg1_0.category,
        wg1_0.description,
        wg1_0.name 
    from
        users u1_0 
    left join
        coaches c1_0 
            on c1_0.id=u1_0.coach_id 
    left join
        nutrition_plans np1_0 
            on np1_0.id=u1_0.nutrition_plan_id 
    left join
        user_profiles p1_0 
            on u1_0.id=p1_0.user_id 
    left join
        workout_groups wg1_0 
            on wg1_0.id=u1_0.workout_group_id 
    where
        u1_0.id=?
2026-06-04 19:16:47 [http-nio-8080-exec-7] DEBUG org.hibernate.SQL - 
    select
        up1_0.id,
        up1_0.age,
        up1_0.fitness_goal,
        up1_0.user_id,
        up1_0.weight_kg 
    from
        user_profiles up1_0 
    where
        up1_0.id=?
2026-06-04 19:16:47 [http-nio-8080-exec-7] DEBUG org.hibernate.SQL - 
    select
        u1_0.id,
        u1_0.coach_id,
        u1_0.email,
        u1_0.nutrition_plan_id,
        u1_0.password,
        u1_0.role,
        u1_0.username,
        u1_0.workout_group_id 
    from
        users u1_0
2026-06-04 19:16:47 [http-nio-8080-exec-7] DEBUG org.hibernate.SQL - 
    select
        up1_0.id,
        up1_0.age,
        up1_0.fitness_goal,
        up1_0.user_id,
        up1_0.weight_kg 
    from
        user_profiles up1_0 
    where
        up1_0.user_id=?
2026-06-04 19:16:47 [http-nio-8080-exec-7] DEBUG org.hibernate.SQL - 
    select
        c1_0.id,
        c1_0.name,
        c1_0.specialization 
    from
        coaches c1_0 
    where
        c1_0.id=?
2026-06-04 19:16:47 [http-nio-8080-exec-7] DEBUG org.hibernate.SQL - 
    select
        up1_0.id,
        up1_0.age,
        up1_0.fitness_goal,
        up1_0.user_id,
        up1_0.weight_kg 
    from
        user_profiles up1_0 
    where
        up1_0.user_id=?
2026-06-04 19:16:47 [http-nio-8080-exec-7] DEBUG org.hibernate.SQL - 
    select
        up1_0.id,
        up1_0.age,
        up1_0.fitness_goal,
        up1_0.user_id,
        up1_0.weight_kg 
    from
        user_profiles up1_0 
    where
        up1_0.user_id=?
2026-06-04 19:16:47 [http-nio-8080-exec-7] DEBUG org.hibernate.SQL - 
    select
        up1_0.id,
        up1_0.age,
        up1_0.fitness_goal,
        up1_0.user_id,
        up1_0.weight_kg 
    from
        user_profiles up1_0 
    where
        up1_0.user_id=?
2026-06-04 19:16:47 [http-nio-8080-exec-7] DEBUG org.hibernate.SQL - 
    select
        up1_0.id,
        up1_0.age,
        up1_0.fitness_goal,
        up1_0.user_id,
        up1_0.weight_kg 
    from
        user_profiles up1_0 
    where
        up1_0.user_id=?
2026-06-04 19:16:47 [http-nio-8080-exec-7] DEBUG org.hibernate.SQL - 
    select
        c1_0.id,
        c1_0.name,
        c1_0.specialization 
    from
        coaches c1_0 
    where
        c1_0.id=?
2026-06-04 19:16:47 [http-nio-8080-exec-7] DEBUG org.hibernate.SQL - 
    select
        up1_0.id,
        up1_0.age,
        up1_0.fitness_goal,
        up1_0.user_id,
        up1_0.weight_kg 
    from
        user_profiles up1_0 
    where
        up1_0.user_id=?
2026-06-04 19:16:47 [http-nio-8080-exec-7] DEBUG org.hibernate.SQL - 
    select
        up1_0.id,
        up1_0.age,
        up1_0.fitness_goal,
        up1_0.user_id,
        up1_0.weight_kg 
    from
        user_profiles up1_0 
    where
        up1_0.user_id=?
2026-06-04 19:16:47 [http-nio-8080-exec-7] DEBUG org.hibernate.SQL - 
    select
        up1_0.id,
        up1_0.age,
        up1_0.fitness_goal,
        up1_0.user_id,
        up1_0.weight_kg 
    from
        user_profiles up1_0 
    where
        up1_0.user_id=?
2026-06-04 19:16:47 [http-nio-8080-exec-7] DEBUG org.hibernate.SQL - 
    select
        c1_0.id,
        c1_0.name,
        c1_0.specialization 
    from
        coaches c1_0 
    where
        c1_0.id=?
2026-06-04 19:16:47 [http-nio-8080-exec-7] DEBUG org.hibernate.SQL - 
    select
        up1_0.id,
        up1_0.age,
        up1_0.fitness_goal,
        up1_0.user_id,
        up1_0.weight_kg 
    from
        user_profiles up1_0 
    where
        up1_0.user_id=?
2026-06-04 19:16:47 [http-nio-8080-exec-7] DEBUG org.hibernate.SQL - 
    select
        up1_0.id,
        up1_0.age,
        up1_0.fitness_goal,
        up1_0.user_id,
        up1_0.weight_kg 
    from
        user_profiles up1_0 
    where
        up1_0.user_id=?
2026-06-04 19:16:47 [http-nio-8080-exec-7] DEBUG org.hibernate.SQL - 
    select
        up1_0.id,
        up1_0.age,
        up1_0.fitness_goal,
        up1_0.user_id,
        up1_0.weight_kg 
    from
        user_profiles up1_0 
    where
        up1_0.user_id=?
2026-06-04 19:16:47 [http-nio-8080-exec-7] DEBUG org.hibernate.SQL - 
    select
        up1_0.id,
        up1_0.age,
        up1_0.fitness_goal,
        up1_0.user_id,
        up1_0.weight_kg 
    from
        user_profiles up1_0 
    where
        up1_0.user_id=?
2026-06-04 19:16:49 [http-nio-8080-exec-8] DEBUG org.hibernate.SQL - 
    select
        up1_0.id,
        up1_0.age,
        up1_0.fitness_goal,
        up1_0.user_id,
        up1_0.weight_kg 
    from
        user_profiles up1_0 
    order by
        up1_0.id 
    offset
        ? rows 
    fetch
        first ? rows only
2026-06-04 19:16:49 [http-nio-8080-exec-8] DEBUG org.hibernate.SQL - 
    select
        u1_0.id,
        c1_0.id,
        c1_0.name,
        c1_0.specialization,
        u1_0.email,
        np1_0.id,
        np1_0.calories,
        np1_0.description,
        np1_0.name,
        u1_0.password,
        p1_0.id,
        p1_0.age,
        p1_0.fitness_goal,
        p1_0.user_id,
        p1_0.weight_kg,
        u1_0.role,
        u1_0.username,
        wg1_0.id,
        wg1_0.category,
        wg1_0.description,
        wg1_0.name 
    from
        users u1_0 
    left join
        coaches c1_0 
            on c1_0.id=u1_0.coach_id 
    left join
        nutrition_plans np1_0 
            on np1_0.id=u1_0.nutrition_plan_id 
    left join
        user_profiles p1_0 
            on u1_0.id=p1_0.user_id 
    left join
        workout_groups wg1_0 
            on wg1_0.id=u1_0.workout_group_id 
    where
        u1_0.id=?
2026-06-04 19:16:50 [http-nio-8080-exec-10] DEBUG org.hibernate.SQL - 
    select
        u1_0.id,
        u1_0.coach_id,
        u1_0.email,
        u1_0.nutrition_plan_id,
        u1_0.password,
        u1_0.role,
        u1_0.username,
        u1_0.workout_group_id 
    from
        users u1_0 
    order by
        u1_0.username 
    offset
        ? rows 
    fetch
        first ? rows only
2026-06-04 19:16:50 [http-nio-8080-exec-10] DEBUG org.hibernate.SQL - 
    select
        up1_0.id,
        up1_0.age,
        up1_0.fitness_goal,
        up1_0.user_id,
        up1_0.weight_kg 
    from
        user_profiles up1_0 
    where
        up1_0.user_id=?
2026-06-04 19:16:50 [http-nio-8080-exec-10] DEBUG org.hibernate.SQL - 
    select
        up1_0.id,
        up1_0.age,
        up1_0.fitness_goal,
        up1_0.user_id,
        up1_0.weight_kg 
    from
        user_profiles up1_0 
    where
        up1_0.user_id=?
2026-06-04 19:16:50 [http-nio-8080-exec-10] DEBUG org.hibernate.SQL - 
    select
        up1_0.id,
        up1_0.age,
        up1_0.fitness_goal,
        up1_0.user_id,
        up1_0.weight_kg 
    from
        user_profiles up1_0 
    where
        up1_0.user_id=?
2026-06-04 19:16:50 [http-nio-8080-exec-10] DEBUG org.hibernate.SQL - 
    select
        c1_0.id,
        c1_0.name,
        c1_0.specialization 
    from
        coaches c1_0 
    where
        c1_0.id=?
2026-06-04 19:16:50 [http-nio-8080-exec-10] DEBUG org.hibernate.SQL - 
    select
        up1_0.id,
        up1_0.age,
        up1_0.fitness_goal,
        up1_0.user_id,
        up1_0.weight_kg 
    from
        user_profiles up1_0 
    where
        up1_0.user_id=?
2026-06-04 19:16:50 [http-nio-8080-exec-10] DEBUG org.hibernate.SQL - 
    select
        c1_0.id,
        c1_0.name,
        c1_0.specialization 
    from
        coaches c1_0 
    where
        c1_0.id=?
2026-06-04 19:16:50 [http-nio-8080-exec-10] DEBUG org.hibernate.SQL - 
    select
        up1_0.id,
        up1_0.age,
        up1_0.fitness_goal,
        up1_0.user_id,
        up1_0.weight_kg 
    from
        user_profiles up1_0 
    where
        up1_0.user_id=?
2026-06-04 19:16:50 [http-nio-8080-exec-10] DEBUG org.hibernate.SQL - 
    select
        count(u1_0.id) 
    from
        users u1_0
2026-06-04 19:16:50 [http-nio-8080-exec-10] DEBUG org.hibernate.SQL - 
    select
        c1_0.id,
        c1_0.name,
        c1_0.specialization 
    from
        coaches c1_0
2026-06-04 19:16:54 [http-nio-8080-exec-1] DEBUG org.hibernate.SQL - 
    select
        up1_0.id,
        up1_0.age,
        up1_0.fitness_goal,
        up1_0.user_id,
        up1_0.weight_kg 
    from
        user_profiles up1_0 
    order by
        up1_0.id 
    offset
        ? rows 
    fetch
        first ? rows only
2026-06-04 19:16:54 [http-nio-8080-exec-1] DEBUG org.hibernate.SQL - 
    select
        u1_0.id,
        c1_0.id,
        c1_0.name,
        c1_0.specialization,
        u1_0.email,
        np1_0.id,
        np1_0.calories,
        np1_0.description,
        np1_0.name,
        u1_0.password,
        p1_0.id,
        p1_0.age,
        p1_0.fitness_goal,
        p1_0.user_id,
        p1_0.weight_kg,
        u1_0.role,
        u1_0.username,
        wg1_0.id,
        wg1_0.category,
        wg1_0.description,
        wg1_0.name 
    from
        users u1_0 
    left join
        coaches c1_0 
            on c1_0.id=u1_0.coach_id 
    left join
        nutrition_plans np1_0 
            on np1_0.id=u1_0.nutrition_plan_id 
    left join
        user_profiles p1_0 
            on u1_0.id=p1_0.user_id 
    left join
        workout_groups wg1_0 
            on wg1_0.id=u1_0.workout_group_id 
    where
        u1_0.id=?
2026-06-04 19:17:54 [SpringApplicationShutdownHook] INFO  o.s.b.w.e.tomcat.GracefulShutdown - Commencing graceful shutdown. Waiting for active requests to complete
2026-06-04 19:17:54 [tomcat-shutdown] INFO  o.s.b.w.e.tomcat.GracefulShutdown - Graceful shutdown complete
2026-06-04 19:17:54 [SpringApplicationShutdownHook] INFO  o.s.o.j.LocalContainerEntityManagerFactoryBean - Closing JPA EntityManagerFactory for persistence unit 'default'
2026-06-04 19:17:54 [SpringApplicationShutdownHook] INFO  com.zaxxer.hikari.HikariDataSource - HikariPool-1 - Shutdown initiated...
2026-06-04 19:17:54 [SpringApplicationShutdownHook] INFO  com.zaxxer.hikari.HikariDataSource - HikariPool-1 - Shutdown completed.
2026-06-04 19:17:56 [main] INFO  com.fitness.opp.OppApplication - Starting OppApplication using Java 21.0.10 with PID 11884 (C:\Users\Dunduc George\Desktop\fitness\opp\target\classes started by Dunduc George in C:\Users\Dunduc George\Desktop\fitness)
2026-06-04 19:17:56 [main] DEBUG com.fitness.opp.OppApplication - Running with Spring Boot v3.4.1, Spring v6.2.1
2026-06-04 19:17:56 [main] INFO  com.fitness.opp.OppApplication - The following 1 profile is active: "dev"
2026-06-04 19:17:57 [main] INFO  o.s.d.r.c.RepositoryConfigurationDelegate - Bootstrapping Spring Data JPA repositories in DEFAULT mode.
2026-06-04 19:17:57 [main] INFO  o.s.d.r.c.RepositoryConfigurationDelegate - Finished Spring Data repository scanning in 73 ms. Found 6 JPA repository interfaces.
2026-06-04 19:17:58 [main] INFO  o.s.b.w.e.tomcat.TomcatWebServer - Tomcat initialized with port 8080 (http)
2026-06-04 19:17:58 [main] INFO  o.a.catalina.core.StandardService - Starting service [Tomcat]
2026-06-04 19:17:58 [main] INFO  o.a.catalina.core.StandardEngine - Starting Servlet engine: [Apache Tomcat/10.1.34]
2026-06-04 19:17:58 [main] INFO  o.a.c.c.C.[Tomcat].[localhost].[/] - Initializing Spring embedded WebApplicationContext
2026-06-04 19:17:58 [main] INFO  o.s.b.w.s.c.ServletWebServerApplicationContext - Root WebApplicationContext: initialization completed in 1541 ms
2026-06-04 19:17:58 [main] INFO  o.h.jpa.internal.util.LogHelper - HHH000204: Processing PersistenceUnitInfo [name: default]
2026-06-04 19:17:58 [main] INFO  org.hibernate.Version - HHH000412: Hibernate ORM core version 6.6.4.Final
2026-06-04 19:17:58 [main] INFO  o.h.c.i.RegionFactoryInitiator - HHH000026: Second-level cache disabled
2026-06-04 19:17:59 [main] INFO  o.s.o.j.p.SpringPersistenceUnitInfo - No LoadTimeWeaver setup: ignoring JPA class transformer
2026-06-04 19:17:59 [main] INFO  com.zaxxer.hikari.HikariDataSource - HikariPool-1 - Starting...
2026-06-04 19:17:59 [main] INFO  com.zaxxer.hikari.pool.HikariPool - HikariPool-1 - Added connection oracle.jdbc.driver.T4CConnection@349f3ff7
2026-06-04 19:17:59 [main] INFO  com.zaxxer.hikari.HikariDataSource - HikariPool-1 - Start completed.
2026-06-04 19:18:00 [main] WARN  org.hibernate.orm.deprecation - HHH90000025: OracleDialect does not need to be specified explicitly using 'hibernate.dialect' (remove the property setting and it will be selected by default)
2026-06-04 19:18:00 [main] INFO  o.hibernate.orm.connections.pooling - HHH10001005: Database info:
	Database JDBC URL [Connecting through datasource 'HikariDataSource (HikariPool-1)']
	Database driver: undefined/unknown
	Database version: 21.3
	Autocommit mode: undefined/unknown
	Isolation level: undefined/unknown
	Minimum pool size: undefined/unknown
	Maximum pool size: undefined/unknown
2026-06-04 19:18:01 [main] INFO  o.h.e.t.j.p.i.JtaPlatformInitiator - HHH000489: No JTA platform available (set 'hibernate.transaction.jta.platform' to enable JTA platform integration)
2026-06-04 19:18:01 [main] INFO  o.s.o.j.LocalContainerEntityManagerFactoryBean - Initialized JPA EntityManagerFactory for persistence unit 'default'
2026-06-04 19:18:02 [main] WARN  o.s.b.a.o.j.JpaBaseConfiguration$JpaWebConfiguration - spring.jpa.open-in-view is enabled by default. Therefore, database queries may be performed during view rendering. Explicitly configure spring.jpa.open-in-view to disable this warning
2026-06-04 19:18:02 [main] INFO  o.s.s.c.a.a.c.InitializeAuthenticationProviderBeanManagerConfigurer$InitializeAuthenticationProviderManagerConfigurer - Global AuthenticationManager configured with AuthenticationProvider bean with name authenticationProvider
2026-06-04 19:18:02 [main] WARN  o.s.s.c.a.a.c.InitializeUserDetailsBeanManagerConfigurer$InitializeUserDetailsManagerConfigurer - Global AuthenticationManager configured with an AuthenticationProvider bean. UserDetailsService beans will not be used by Spring Security for automatically configuring username/password login. Consider removing the AuthenticationProvider bean. Alternatively, consider using the UserDetailsService in a manually instantiated DaoAuthenticationProvider. If the current configuration is intentional, to turn off this warning, increase the logging level of 'org.springframework.security.config.annotation.authentication.configuration.InitializeUserDetailsBeanManagerConfigurer' to ERROR
2026-06-04 19:18:02 [main] INFO  o.s.b.w.e.tomcat.TomcatWebServer - Tomcat started on port 8080 (http) with context path '/'
2026-06-04 19:18:02 [main] INFO  com.fitness.opp.OppApplication - Started OppApplication in 6.527 seconds (process running for 7.037)
2026-06-04 19:18:03 [main] DEBUG org.hibernate.SQL - 
    select
        u1_0.id,
        u1_0.coach_id,
        u1_0.email,
        u1_0.nutrition_plan_id,
        u1_0.password,
        u1_0.role,
        u1_0.username,
        u1_0.workout_group_id 
    from
        users u1_0 
    where
        u1_0.username=?
2026-06-04 19:18:03 [main] DEBUG org.hibernate.SQL - 
    select
        up1_0.id,
        up1_0.age,
        up1_0.fitness_goal,
        up1_0.user_id,
        up1_0.weight_kg 
    from
        user_profiles up1_0 
    where
        up1_0.user_id=?
2026-06-04 19:18:03 [main] DEBUG org.hibernate.SQL - 
    select
        u1_0.id,
        c1_0.id,
        c1_0.name,
        c1_0.specialization,
        u1_0.email,
        np1_0.id,
        np1_0.calories,
        np1_0.description,
        np1_0.name,
        u1_0.password,
        p1_0.id,
        p1_0.age,
        p1_0.fitness_goal,
        p1_0.user_id,
        p1_0.weight_kg,
        u1_0.role,
        u1_0.username,
        wg1_0.id,
        wg1_0.category,
        wg1_0.description,
        wg1_0.name 
    from
        users u1_0 
    left join
        coaches c1_0 
            on c1_0.id=u1_0.coach_id 
    left join
        nutrition_plans np1_0 
            on np1_0.id=u1_0.nutrition_plan_id 
    left join
        user_profiles p1_0 
            on u1_0.id=p1_0.user_id 
    left join
        workout_groups wg1_0 
            on wg1_0.id=u1_0.workout_group_id 
    where
        u1_0.id=?
2026-06-04 19:18:03 [main] DEBUG org.hibernate.SQL - 
    delete 
    from
        users 
    where
        id=?
2026-06-04 19:18:03 [main] DEBUG org.hibernate.SQL - 
    insert 
    into
        users
        (coach_id, email, nutrition_plan_id, password, role, username, workout_group_id, id) 
    values
        (?, ?, ?, ?, ?, ?, ?, default)
2026-06-04 19:18:08 [http-nio-8080-exec-1] INFO  o.a.c.c.C.[Tomcat].[localhost].[/] - Initializing Spring DispatcherServlet 'dispatcherServlet'
2026-06-04 19:18:08 [http-nio-8080-exec-1] INFO  o.s.web.servlet.DispatcherServlet - Initializing Servlet 'dispatcherServlet'
2026-06-04 19:18:08 [http-nio-8080-exec-1] INFO  o.s.web.servlet.DispatcherServlet - Completed initialization in 1 ms
2026-06-04 19:18:11 [http-nio-8080-exec-4] DEBUG org.hibernate.SQL - 
    select
        u1_0.id,
        u1_0.coach_id,
        u1_0.email,
        u1_0.nutrition_plan_id,
        u1_0.password,
        u1_0.role,
        u1_0.username,
        u1_0.workout_group_id 
    from
        users u1_0
2026-06-04 19:18:11 [http-nio-8080-exec-4] DEBUG org.hibernate.SQL - 
    select
        up1_0.id,
        up1_0.age,
        up1_0.fitness_goal,
        up1_0.user_id,
        up1_0.weight_kg 
    from
        user_profiles up1_0 
    where
        up1_0.user_id=?
2026-06-04 19:18:11 [http-nio-8080-exec-4] DEBUG org.hibernate.SQL - 
    select
        up1_0.id,
        up1_0.age,
        up1_0.fitness_goal,
        up1_0.user_id,
        up1_0.weight_kg 
    from
        user_profiles up1_0 
    where
        up1_0.user_id=?
2026-06-04 19:18:11 [http-nio-8080-exec-4] DEBUG org.hibernate.SQL - 
    select
        c1_0.id,
        c1_0.name,
        c1_0.specialization 
    from
        coaches c1_0 
    where
        c1_0.id=?
2026-06-04 19:18:11 [http-nio-8080-exec-4] DEBUG org.hibernate.SQL - 
    select
        up1_0.id,
        up1_0.age,
        up1_0.fitness_goal,
        up1_0.user_id,
        up1_0.weight_kg 
    from
        user_profiles up1_0 
    where
        up1_0.user_id=?
2026-06-04 19:18:11 [http-nio-8080-exec-4] DEBUG org.hibernate.SQL - 
    select
        up1_0.id,
        up1_0.age,
        up1_0.fitness_goal,
        up1_0.user_id,
        up1_0.weight_kg 
    from
        user_profiles up1_0 
    where
        up1_0.user_id=?
2026-06-04 19:18:11 [http-nio-8080-exec-4] DEBUG org.hibernate.SQL - 
    select
        up1_0.id,
        up1_0.age,
        up1_0.fitness_goal,
        up1_0.user_id,
        up1_0.weight_kg 
    from
        user_profiles up1_0 
    where
        up1_0.user_id=?
2026-06-04 19:18:11 [http-nio-8080-exec-4] DEBUG org.hibernate.SQL - 
    select
        up1_0.id,
        up1_0.age,
        up1_0.fitness_goal,
        up1_0.user_id,
        up1_0.weight_kg 
    from
        user_profiles up1_0 
    where
        up1_0.user_id=?
2026-06-04 19:18:11 [http-nio-8080-exec-4] DEBUG org.hibernate.SQL - 
    select
        c1_0.id,
        c1_0.name,
        c1_0.specialization 
    from
        coaches c1_0 
    where
        c1_0.id=?
2026-06-04 19:18:11 [http-nio-8080-exec-4] DEBUG org.hibernate.SQL - 
    select
        up1_0.id,
        up1_0.age,
        up1_0.fitness_goal,
        up1_0.user_id,
        up1_0.weight_kg 
    from
        user_profiles up1_0 
    where
        up1_0.user_id=?
2026-06-04 19:18:11 [http-nio-8080-exec-4] DEBUG org.hibernate.SQL - 
    select
        up1_0.id,
        up1_0.age,
        up1_0.fitness_goal,
        up1_0.user_id,
        up1_0.weight_kg 
    from
        user_profiles up1_0 
    where
        up1_0.user_id=?
2026-06-04 19:18:11 [http-nio-8080-exec-4] DEBUG org.hibernate.SQL - 
    select
        up1_0.id,
        up1_0.age,
        up1_0.fitness_goal,
        up1_0.user_id,
        up1_0.weight_kg 
    from
        user_profiles up1_0 
    where
        up1_0.user_id=?
2026-06-04 19:18:11 [http-nio-8080-exec-4] DEBUG org.hibernate.SQL - 
    select
        c1_0.id,
        c1_0.name,
        c1_0.specialization 
    from
        coaches c1_0 
    where
        c1_0.id=?
2026-06-04 19:18:11 [http-nio-8080-exec-4] DEBUG org.hibernate.SQL - 
    select
        up1_0.id,
        up1_0.age,
        up1_0.fitness_goal,
        up1_0.user_id,
        up1_0.weight_kg 
    from
        user_profiles up1_0 
    where
        up1_0.user_id=?
2026-06-04 19:18:11 [http-nio-8080-exec-4] DEBUG org.hibernate.SQL - 
    select
        up1_0.id,
        up1_0.age,
        up1_0.fitness_goal,
        up1_0.user_id,
        up1_0.weight_kg 
    from
        user_profiles up1_0 
    where
        up1_0.user_id=?
2026-06-04 19:18:11 [http-nio-8080-exec-4] DEBUG org.hibernate.SQL - 
    select
        up1_0.id,
        up1_0.age,
        up1_0.fitness_goal,
        up1_0.user_id,
        up1_0.weight_kg 
    from
        user_profiles up1_0 
    where
        up1_0.user_id=?
2026-06-04 19:18:11 [http-nio-8080-exec-4] DEBUG org.hibernate.SQL - 
    select
        up1_0.id,
        up1_0.age,
        up1_0.fitness_goal,
        up1_0.user_id,
        up1_0.weight_kg 
    from
        user_profiles up1_0 
    where
        up1_0.user_id=?
2026-06-04 19:18:11 [http-nio-8080-exec-5] DEBUG org.hibernate.SQL - 
    select
        u1_0.id,
        u1_0.coach_id,
        u1_0.email,
        u1_0.nutrition_plan_id,
        u1_0.password,
        u1_0.role,
        u1_0.username,
        u1_0.workout_group_id 
    from
        users u1_0 
    order by
        u1_0.username 
    offset
        ? rows 
    fetch
        first ? rows only
2026-06-04 19:18:11 [http-nio-8080-exec-5] DEBUG org.hibernate.SQL - 
    select
        up1_0.id,
        up1_0.age,
        up1_0.fitness_goal,
        up1_0.user_id,
        up1_0.weight_kg 
    from
        user_profiles up1_0 
    where
        up1_0.user_id=?
2026-06-04 19:18:11 [http-nio-8080-exec-5] DEBUG org.hibernate.SQL - 
    select
        up1_0.id,
        up1_0.age,
        up1_0.fitness_goal,
        up1_0.user_id,
        up1_0.weight_kg 
    from
        user_profiles up1_0 
    where
        up1_0.user_id=?
2026-06-04 19:18:11 [http-nio-8080-exec-5] DEBUG org.hibernate.SQL - 
    select
        up1_0.id,
        up1_0.age,
        up1_0.fitness_goal,
        up1_0.user_id,
        up1_0.weight_kg 
    from
        user_profiles up1_0 
    where
        up1_0.user_id=?
2026-06-04 19:18:11 [http-nio-8080-exec-5] DEBUG org.hibernate.SQL - 
    select
        c1_0.id,
        c1_0.name,
        c1_0.specialization 
    from
        coaches c1_0 
    where
        c1_0.id=?
2026-06-04 19:18:11 [http-nio-8080-exec-5] DEBUG org.hibernate.SQL - 
    select
        up1_0.id,
        up1_0.age,
        up1_0.fitness_goal,
        up1_0.user_id,
        up1_0.weight_kg 
    from
        user_profiles up1_0 
    where
        up1_0.user_id=?
2026-06-04 19:18:11 [http-nio-8080-exec-5] DEBUG org.hibernate.SQL - 
    select
        c1_0.id,
        c1_0.name,
        c1_0.specialization 
    from
        coaches c1_0 
    where
        c1_0.id=?
2026-06-04 19:18:11 [http-nio-8080-exec-5] DEBUG org.hibernate.SQL - 
    select
        up1_0.id,
        up1_0.age,
        up1_0.fitness_goal,
        up1_0.user_id,
        up1_0.weight_kg 
    from
        user_profiles up1_0 
    where
        up1_0.user_id=?
2026-06-04 19:18:11 [http-nio-8080-exec-5] DEBUG org.hibernate.SQL - 
    select
        count(u1_0.id) 
    from
        users u1_0
2026-06-04 19:18:11 [http-nio-8080-exec-5] DEBUG org.hibernate.SQL - 
    select
        c1_0.id,
        c1_0.name,
        c1_0.specialization 
    from
        coaches c1_0
2026-06-04 19:18:15 [http-nio-8080-exec-7] DEBUG org.hibernate.SQL - 
    select
        up1_0.id,
        up1_0.age,
        up1_0.fitness_goal,
        up1_0.user_id,
        up1_0.weight_kg 
    from
        user_profiles up1_0 
    order by
        up1_0.id 
    offset
        ? rows 
    fetch
        first ? rows only
2026-06-04 19:18:15 [http-nio-8080-exec-7] DEBUG org.hibernate.SQL - 
    select
        u1_0.id,
        c1_0.id,
        c1_0.name,
        c1_0.specialization,
        u1_0.email,
        np1_0.id,
        np1_0.calories,
        np1_0.description,
        np1_0.name,
        u1_0.password,
        p1_0.id,
        p1_0.age,
        p1_0.fitness_goal,
        p1_0.user_id,
        p1_0.weight_kg,
        u1_0.role,
        u1_0.username,
        wg1_0.id,
        wg1_0.category,
        wg1_0.description,
        wg1_0.name 
    from
        users u1_0 
    left join
        coaches c1_0 
            on c1_0.id=u1_0.coach_id 
    left join
        nutrition_plans np1_0 
            on np1_0.id=u1_0.nutrition_plan_id 
    left join
        user_profiles p1_0 
            on u1_0.id=p1_0.user_id 
    left join
        workout_groups wg1_0 
            on wg1_0.id=u1_0.workout_group_id 
    where
        u1_0.id=?
2026-06-04 19:18:16 [http-nio-8080-exec-8] DEBUG org.hibernate.SQL - 
    select
        up1_0.id,
        up1_0.age,
        up1_0.fitness_goal,
        up1_0.user_id,
        up1_0.weight_kg 
    from
        user_profiles up1_0 
    where
        up1_0.id=?
2026-06-04 19:18:16 [http-nio-8080-exec-8] DEBUG org.hibernate.SQL - 
    select
        u1_0.id,
        u1_0.coach_id,
        u1_0.email,
        u1_0.nutrition_plan_id,
        u1_0.password,
        u1_0.role,
        u1_0.username,
        u1_0.workout_group_id 
    from
        users u1_0
2026-06-04 19:18:16 [http-nio-8080-exec-8] DEBUG org.hibernate.SQL - 
    select
        up1_0.id,
        up1_0.age,
        up1_0.fitness_goal,
        up1_0.user_id,
        up1_0.weight_kg 
    from
        user_profiles up1_0 
    where
        up1_0.user_id=?
2026-06-04 19:18:16 [http-nio-8080-exec-8] DEBUG org.hibernate.SQL - 
    select
        c1_0.id,
        c1_0.name,
        c1_0.specialization 
    from
        coaches c1_0 
    where
        c1_0.id=?
2026-06-04 19:18:16 [http-nio-8080-exec-8] DEBUG org.hibernate.SQL - 
    select
        up1_0.id,
        up1_0.age,
        up1_0.fitness_goal,
        up1_0.user_id,
        up1_0.weight_kg 
    from
        user_profiles up1_0 
    where
        up1_0.user_id=?
2026-06-04 19:18:16 [http-nio-8080-exec-8] DEBUG org.hibernate.SQL - 
    select
        up1_0.id,
        up1_0.age,
        up1_0.fitness_goal,
        up1_0.user_id,
        up1_0.weight_kg 
    from
        user_profiles up1_0 
    where
        up1_0.user_id=?
2026-06-04 19:18:16 [http-nio-8080-exec-8] DEBUG org.hibernate.SQL - 
    select
        up1_0.id,
        up1_0.age,
        up1_0.fitness_goal,
        up1_0.user_id,
        up1_0.weight_kg 
    from
        user_profiles up1_0 
    where
        up1_0.user_id=?
2026-06-04 19:18:16 [http-nio-8080-exec-8] DEBUG org.hibernate.SQL - 
    select
        up1_0.id,
        up1_0.age,
        up1_0.fitness_goal,
        up1_0.user_id,
        up1_0.weight_kg 
    from
        user_profiles up1_0 
    where
        up1_0.user_id=?
2026-06-04 19:18:16 [http-nio-8080-exec-8] DEBUG org.hibernate.SQL - 
    select
        c1_0.id,
        c1_0.name,
        c1_0.specialization 
    from
        coaches c1_0 
    where
        c1_0.id=?
2026-06-04 19:18:16 [http-nio-8080-exec-8] DEBUG org.hibernate.SQL - 
    select
        up1_0.id,
        up1_0.age,
        up1_0.fitness_goal,
        up1_0.user_id,
        up1_0.weight_kg 
    from
        user_profiles up1_0 
    where
        up1_0.user_id=?
2026-06-04 19:18:16 [http-nio-8080-exec-8] DEBUG org.hibernate.SQL - 
    select
        up1_0.id,
        up1_0.age,
        up1_0.fitness_goal,
        up1_0.user_id,
        up1_0.weight_kg 
    from
        user_profiles up1_0 
    where
        up1_0.user_id=?
2026-06-04 19:18:16 [http-nio-8080-exec-8] DEBUG org.hibernate.SQL - 
    select
        up1_0.id,
        up1_0.age,
        up1_0.fitness_goal,
        up1_0.user_id,
        up1_0.weight_kg 
    from
        user_profiles up1_0 
    where
        up1_0.user_id=?
2026-06-04 19:18:16 [http-nio-8080-exec-8] DEBUG org.hibernate.SQL - 
    select
        c1_0.id,
        c1_0.name,
        c1_0.specialization 
    from
        coaches c1_0 
    where
        c1_0.id=?
2026-06-04 19:18:16 [http-nio-8080-exec-8] DEBUG org.hibernate.SQL - 
    select
        up1_0.id,
        up1_0.age,
        up1_0.fitness_goal,
        up1_0.user_id,
        up1_0.weight_kg 
    from
        user_profiles up1_0 
    where
        up1_0.user_id=?
2026-06-04 19:18:16 [http-nio-8080-exec-8] DEBUG org.hibernate.SQL - 
    select
        up1_0.id,
        up1_0.age,
        up1_0.fitness_goal,
        up1_0.user_id,
        up1_0.weight_kg 
    from
        user_profiles up1_0 
    where
        up1_0.user_id=?
2026-06-04 19:18:16 [http-nio-8080-exec-8] DEBUG org.hibernate.SQL - 
    select
        up1_0.id,
        up1_0.age,
        up1_0.fitness_goal,
        up1_0.user_id,
        up1_0.weight_kg 
    from
        user_profiles up1_0 
    where
        up1_0.user_id=?
2026-06-04 19:18:16 [http-nio-8080-exec-8] DEBUG org.hibernate.SQL - 
    select
        up1_0.id,
        up1_0.age,
        up1_0.fitness_goal,
        up1_0.user_id,
        up1_0.weight_kg 
    from
        user_profiles up1_0 
    where
        up1_0.user_id=?
2026-06-04 19:18:18 [http-nio-8080-exec-10] DEBUG org.hibernate.SQL - 
    select
        up1_0.id,
        up1_0.age,
        up1_0.fitness_goal,
        up1_0.user_id,
        up1_0.weight_kg 
    from
        user_profiles up1_0 
    order by
        up1_0.id 
    offset
        ? rows 
    fetch
        first ? rows only
2026-06-04 19:18:18 [http-nio-8080-exec-10] DEBUG org.hibernate.SQL - 
    select
        u1_0.id,
        c1_0.id,
        c1_0.name,
        c1_0.specialization,
        u1_0.email,
        np1_0.id,
        np1_0.calories,
        np1_0.description,
        np1_0.name,
        u1_0.password,
        p1_0.id,
        p1_0.age,
        p1_0.fitness_goal,
        p1_0.user_id,
        p1_0.weight_kg,
        u1_0.role,
        u1_0.username,
        wg1_0.id,
        wg1_0.category,
        wg1_0.description,
        wg1_0.name 
    from
        users u1_0 
    left join
        coaches c1_0 
            on c1_0.id=u1_0.coach_id 
    left join
        nutrition_plans np1_0 
            on np1_0.id=u1_0.nutrition_plan_id 
    left join
        user_profiles p1_0 
            on u1_0.id=p1_0.user_id 
    left join
        workout_groups wg1_0 
            on wg1_0.id=u1_0.workout_group_id 
    where
        u1_0.id=?
2026-06-04 19:18:19 [http-nio-8080-exec-1] DEBUG org.hibernate.SQL - 
    select
        u1_0.id,
        u1_0.coach_id,
        u1_0.email,
        u1_0.nutrition_plan_id,
        u1_0.password,
        u1_0.role,
        u1_0.username,
        u1_0.workout_group_id 
    from
        users u1_0 
    order by
        u1_0.username 
    offset
        ? rows 
    fetch
        first ? rows only
2026-06-04 19:18:19 [http-nio-8080-exec-1] DEBUG org.hibernate.SQL - 
    select
        up1_0.id,
        up1_0.age,
        up1_0.fitness_goal,
        up1_0.user_id,
        up1_0.weight_kg 
    from
        user_profiles up1_0 
    where
        up1_0.user_id=?
2026-06-04 19:18:19 [http-nio-8080-exec-1] DEBUG org.hibernate.SQL - 
    select
        up1_0.id,
        up1_0.age,
        up1_0.fitness_goal,
        up1_0.user_id,
        up1_0.weight_kg 
    from
        user_profiles up1_0 
    where
        up1_0.user_id=?
2026-06-04 19:18:19 [http-nio-8080-exec-1] DEBUG org.hibernate.SQL - 
    select
        up1_0.id,
        up1_0.age,
        up1_0.fitness_goal,
        up1_0.user_id,
        up1_0.weight_kg 
    from
        user_profiles up1_0 
    where
        up1_0.user_id=?
2026-06-04 19:18:19 [http-nio-8080-exec-1] DEBUG org.hibernate.SQL - 
    select
        c1_0.id,
        c1_0.name,
        c1_0.specialization 
    from
        coaches c1_0 
    where
        c1_0.id=?
2026-06-04 19:18:19 [http-nio-8080-exec-1] DEBUG org.hibernate.SQL - 
    select
        up1_0.id,
        up1_0.age,
        up1_0.fitness_goal,
        up1_0.user_id,
        up1_0.weight_kg 
    from
        user_profiles up1_0 
    where
        up1_0.user_id=?
2026-06-04 19:18:19 [http-nio-8080-exec-1] DEBUG org.hibernate.SQL - 
    select
        c1_0.id,
        c1_0.name,
        c1_0.specialization 
    from
        coaches c1_0 
    where
        c1_0.id=?
2026-06-04 19:18:19 [http-nio-8080-exec-1] DEBUG org.hibernate.SQL - 
    select
        up1_0.id,
        up1_0.age,
        up1_0.fitness_goal,
        up1_0.user_id,
        up1_0.weight_kg 
    from
        user_profiles up1_0 
    where
        up1_0.user_id=?
2026-06-04 19:18:19 [http-nio-8080-exec-1] DEBUG org.hibernate.SQL - 
    select
        count(u1_0.id) 
    from
        users u1_0
2026-06-04 19:18:19 [http-nio-8080-exec-1] DEBUG org.hibernate.SQL - 
    select
        c1_0.id,
        c1_0.name,
        c1_0.specialization 
    from
        coaches c1_0
2026-06-04 19:18:25 [http-nio-8080-exec-4] DEBUG org.hibernate.SQL - 
    select
        u1_0.id,
        u1_0.coach_id,
        u1_0.email,
        u1_0.nutrition_plan_id,
        u1_0.password,
        u1_0.role,
        u1_0.username,
        u1_0.workout_group_id 
    from
        users u1_0
2026-06-04 19:18:25 [http-nio-8080-exec-4] DEBUG org.hibernate.SQL - 
    select
        up1_0.id,
        up1_0.age,
        up1_0.fitness_goal,
        up1_0.user_id,
        up1_0.weight_kg 
    from
        user_profiles up1_0 
    where
        up1_0.user_id=?
2026-06-04 19:18:25 [http-nio-8080-exec-4] DEBUG org.hibernate.SQL - 
    select
        up1_0.id,
        up1_0.age,
        up1_0.fitness_goal,
        up1_0.user_id,
        up1_0.weight_kg 
    from
        user_profiles up1_0 
    where
        up1_0.user_id=?
2026-06-04 19:18:25 [http-nio-8080-exec-4] DEBUG org.hibernate.SQL - 
    select
        c1_0.id,
        c1_0.name,
        c1_0.specialization 
    from
        coaches c1_0 
    where
        c1_0.id=?
2026-06-04 19:18:25 [http-nio-8080-exec-4] DEBUG org.hibernate.SQL - 
    select
        up1_0.id,
        up1_0.age,
        up1_0.fitness_goal,
        up1_0.user_id,
        up1_0.weight_kg 
    from
        user_profiles up1_0 
    where
        up1_0.user_id=?
2026-06-04 19:18:25 [http-nio-8080-exec-4] DEBUG org.hibernate.SQL - 
    select
        up1_0.id,
        up1_0.age,
        up1_0.fitness_goal,
        up1_0.user_id,
        up1_0.weight_kg 
    from
        user_profiles up1_0 
    where
        up1_0.user_id=?
2026-06-04 19:18:25 [http-nio-8080-exec-4] DEBUG org.hibernate.SQL - 
    select
        up1_0.id,
        up1_0.age,
        up1_0.fitness_goal,
        up1_0.user_id,
        up1_0.weight_kg 
    from
        user_profiles up1_0 
    where
        up1_0.user_id=?
2026-06-04 19:18:25 [http-nio-8080-exec-4] DEBUG org.hibernate.SQL - 
    select
        up1_0.id,
        up1_0.age,
        up1_0.fitness_goal,
        up1_0.user_id,
        up1_0.weight_kg 
    from
        user_profiles up1_0 
    where
        up1_0.user_id=?
2026-06-04 19:18:25 [http-nio-8080-exec-4] DEBUG org.hibernate.SQL - 
    select
        c1_0.id,
        c1_0.name,
        c1_0.specialization 
    from
        coaches c1_0 
    where
        c1_0.id=?
2026-06-04 19:18:25 [http-nio-8080-exec-4] DEBUG org.hibernate.SQL - 
    select
        up1_0.id,
        up1_0.age,
        up1_0.fitness_goal,
        up1_0.user_id,
        up1_0.weight_kg 
    from
        user_profiles up1_0 
    where
        up1_0.user_id=?
2026-06-04 19:18:25 [http-nio-8080-exec-4] DEBUG org.hibernate.SQL - 
    select
        up1_0.id,
        up1_0.age,
        up1_0.fitness_goal,
        up1_0.user_id,
        up1_0.weight_kg 
    from
        user_profiles up1_0 
    where
        up1_0.user_id=?
2026-06-04 19:18:25 [http-nio-8080-exec-4] DEBUG org.hibernate.SQL - 
    select
        up1_0.id,
        up1_0.age,
        up1_0.fitness_goal,
        up1_0.user_id,
        up1_0.weight_kg 
    from
        user_profiles up1_0 
    where
        up1_0.user_id=?
2026-06-04 19:18:25 [http-nio-8080-exec-4] DEBUG org.hibernate.SQL - 
    select
        c1_0.id,
        c1_0.name,
        c1_0.specialization 
    from
        coaches c1_0 
    where
        c1_0.id=?
2026-06-04 19:18:25 [http-nio-8080-exec-4] DEBUG org.hibernate.SQL - 
    select
        up1_0.id,
        up1_0.age,
        up1_0.fitness_goal,
        up1_0.user_id,
        up1_0.weight_kg 
    from
        user_profiles up1_0 
    where
        up1_0.user_id=?
2026-06-04 19:18:25 [http-nio-8080-exec-4] DEBUG org.hibernate.SQL - 
    select
        up1_0.id,
        up1_0.age,
        up1_0.fitness_goal,
        up1_0.user_id,
        up1_0.weight_kg 
    from
        user_profiles up1_0 
    where
        up1_0.user_id=?
2026-06-04 19:18:25 [http-nio-8080-exec-4] DEBUG org.hibernate.SQL - 
    select
        up1_0.id,
        up1_0.age,
        up1_0.fitness_goal,
        up1_0.user_id,
        up1_0.weight_kg 
    from
        user_profiles up1_0 
    where
        up1_0.user_id=?
2026-06-04 19:18:25 [http-nio-8080-exec-4] DEBUG org.hibernate.SQL - 
    select
        up1_0.id,
        up1_0.age,
        up1_0.fitness_goal,
        up1_0.user_id,
        up1_0.weight_kg 
    from
        user_profiles up1_0 
    where
        up1_0.user_id=?
2026-06-04 19:18:25 [http-nio-8080-exec-5] DEBUG org.hibernate.SQL - 
    select
        u1_0.id,
        u1_0.coach_id,
        u1_0.email,
        u1_0.nutrition_plan_id,
        u1_0.password,
        u1_0.role,
        u1_0.username,
        u1_0.workout_group_id 
    from
        users u1_0 
    order by
        u1_0.username 
    offset
        ? rows 
    fetch
        first ? rows only
2026-06-04 19:18:25 [http-nio-8080-exec-5] DEBUG org.hibernate.SQL - 
    select
        up1_0.id,
        up1_0.age,
        up1_0.fitness_goal,
        up1_0.user_id,
        up1_0.weight_kg 
    from
        user_profiles up1_0 
    where
        up1_0.user_id=?
2026-06-04 19:18:25 [http-nio-8080-exec-5] DEBUG org.hibernate.SQL - 
    select
        up1_0.id,
        up1_0.age,
        up1_0.fitness_goal,
        up1_0.user_id,
        up1_0.weight_kg 
    from
        user_profiles up1_0 
    where
        up1_0.user_id=?
2026-06-04 19:18:25 [http-nio-8080-exec-5] DEBUG org.hibernate.SQL - 
    select
        up1_0.id,
        up1_0.age,
        up1_0.fitness_goal,
        up1_0.user_id,
        up1_0.weight_kg 
    from
        user_profiles up1_0 
    where
        up1_0.user_id=?
2026-06-04 19:18:25 [http-nio-8080-exec-5] DEBUG org.hibernate.SQL - 
    select
        c1_0.id,
        c1_0.name,
        c1_0.specialization 
    from
        coaches c1_0 
    where
        c1_0.id=?
2026-06-04 19:18:25 [http-nio-8080-exec-5] DEBUG org.hibernate.SQL - 
    select
        up1_0.id,
        up1_0.age,
        up1_0.fitness_goal,
        up1_0.user_id,
        up1_0.weight_kg 
    from
        user_profiles up1_0 
    where
        up1_0.user_id=?
2026-06-04 19:18:25 [http-nio-8080-exec-5] DEBUG org.hibernate.SQL - 
    select
        c1_0.id,
        c1_0.name,
        c1_0.specialization 
    from
        coaches c1_0 
    where
        c1_0.id=?
2026-06-04 19:18:25 [http-nio-8080-exec-5] DEBUG org.hibernate.SQL - 
    select
        up1_0.id,
        up1_0.age,
        up1_0.fitness_goal,
        up1_0.user_id,
        up1_0.weight_kg 
    from
        user_profiles up1_0 
    where
        up1_0.user_id=?
2026-06-04 19:18:25 [http-nio-8080-exec-5] DEBUG org.hibernate.SQL - 
    select
        count(u1_0.id) 
    from
        users u1_0
2026-06-04 19:18:25 [http-nio-8080-exec-5] DEBUG org.hibernate.SQL - 
    select
        c1_0.id,
        c1_0.name,
        c1_0.specialization 
    from
        coaches c1_0
2026-06-04 19:18:31 [http-nio-8080-exec-1] DEBUG org.hibernate.SQL - 
    select
        u1_0.id,
        u1_0.coach_id,
        u1_0.email,
        u1_0.nutrition_plan_id,
        u1_0.password,
        u1_0.role,
        u1_0.username,
        u1_0.workout_group_id 
    from
        users u1_0
2026-06-04 19:18:31 [http-nio-8080-exec-1] DEBUG org.hibernate.SQL - 
    select
        up1_0.id,
        up1_0.age,
        up1_0.fitness_goal,
        up1_0.user_id,
        up1_0.weight_kg 
    from
        user_profiles up1_0 
    where
        up1_0.user_id=?
2026-06-04 19:18:31 [http-nio-8080-exec-1] DEBUG org.hibernate.SQL - 
    select
        up1_0.id,
        up1_0.age,
        up1_0.fitness_goal,
        up1_0.user_id,
        up1_0.weight_kg 
    from
        user_profiles up1_0 
    where
        up1_0.user_id=?
2026-06-04 19:18:31 [http-nio-8080-exec-1] DEBUG org.hibernate.SQL - 
    select
        c1_0.id,
        c1_0.name,
        c1_0.specialization 
    from
        coaches c1_0 
    where
        c1_0.id=?
2026-06-04 19:18:31 [http-nio-8080-exec-1] DEBUG org.hibernate.SQL - 
    select
        up1_0.id,
        up1_0.age,
        up1_0.fitness_goal,
        up1_0.user_id,
        up1_0.weight_kg 
    from
        user_profiles up1_0 
    where
        up1_0.user_id=?
2026-06-04 19:18:31 [http-nio-8080-exec-1] DEBUG org.hibernate.SQL - 
    select
        up1_0.id,
        up1_0.age,
        up1_0.fitness_goal,
        up1_0.user_id,
        up1_0.weight_kg 
    from
        user_profiles up1_0 
    where
        up1_0.user_id=?
2026-06-04 19:18:31 [http-nio-8080-exec-1] DEBUG org.hibernate.SQL - 
    select
        up1_0.id,
        up1_0.age,
        up1_0.fitness_goal,
        up1_0.user_id,
        up1_0.weight_kg 
    from
        user_profiles up1_0 
    where
        up1_0.user_id=?
2026-06-04 19:18:31 [http-nio-8080-exec-1] DEBUG org.hibernate.SQL - 
    select
        up1_0.id,
        up1_0.age,
        up1_0.fitness_goal,
        up1_0.user_id,
        up1_0.weight_kg 
    from
        user_profiles up1_0 
    where
        up1_0.user_id=?
2026-06-04 19:18:31 [http-nio-8080-exec-1] DEBUG org.hibernate.SQL - 
    select
        c1_0.id,
        c1_0.name,
        c1_0.specialization 
    from
        coaches c1_0 
    where
        c1_0.id=?
2026-06-04 19:18:31 [http-nio-8080-exec-1] DEBUG org.hibernate.SQL - 
    select
        up1_0.id,
        up1_0.age,
        up1_0.fitness_goal,
        up1_0.user_id,
        up1_0.weight_kg 
    from
        user_profiles up1_0 
    where
        up1_0.user_id=?
2026-06-04 19:18:31 [http-nio-8080-exec-1] DEBUG org.hibernate.SQL - 
    select
        up1_0.id,
        up1_0.age,
        up1_0.fitness_goal,
        up1_0.user_id,
        up1_0.weight_kg 
    from
        user_profiles up1_0 
    where
        up1_0.user_id=?
2026-06-04 19:18:31 [http-nio-8080-exec-1] DEBUG org.hibernate.SQL - 
    select
        up1_0.id,
        up1_0.age,
        up1_0.fitness_goal,
        up1_0.user_id,
        up1_0.weight_kg 
    from
        user_profiles up1_0 
    where
        up1_0.user_id=?
2026-06-04 19:18:31 [http-nio-8080-exec-1] DEBUG org.hibernate.SQL - 
    select
        c1_0.id,
        c1_0.name,
        c1_0.specialization 
    from
        coaches c1_0 
    where
        c1_0.id=?
2026-06-04 19:18:31 [http-nio-8080-exec-1] DEBUG org.hibernate.SQL - 
    select
        up1_0.id,
        up1_0.age,
        up1_0.fitness_goal,
        up1_0.user_id,
        up1_0.weight_kg 
    from
        user_profiles up1_0 
    where
        up1_0.user_id=?
2026-06-04 19:18:31 [http-nio-8080-exec-1] DEBUG org.hibernate.SQL - 
    select
        up1_0.id,
        up1_0.age,
        up1_0.fitness_goal,
        up1_0.user_id,
        up1_0.weight_kg 
    from
        user_profiles up1_0 
    where
        up1_0.user_id=?
2026-06-04 19:18:31 [http-nio-8080-exec-1] DEBUG org.hibernate.SQL - 
    select
        up1_0.id,
        up1_0.age,
        up1_0.fitness_goal,
        up1_0.user_id,
        up1_0.weight_kg 
    from
        user_profiles up1_0 
    where
        up1_0.user_id=?
2026-06-04 19:18:31 [http-nio-8080-exec-1] DEBUG org.hibernate.SQL - 
    select
        up1_0.id,
        up1_0.age,
        up1_0.fitness_goal,
        up1_0.user_id,
        up1_0.weight_kg 
    from
        user_profiles up1_0 
    where
        up1_0.user_id=?
2026-06-04 19:18:31 [http-nio-8080-exec-2] DEBUG org.hibernate.SQL - 
    select
        u1_0.id,
        u1_0.coach_id,
        u1_0.email,
        u1_0.nutrition_plan_id,
        u1_0.password,
        u1_0.role,
        u1_0.username,
        u1_0.workout_group_id 
    from
        users u1_0 
    order by
        u1_0.username 
    offset
        ? rows 
    fetch
        first ? rows only
2026-06-04 19:18:31 [http-nio-8080-exec-2] DEBUG org.hibernate.SQL - 
    select
        up1_0.id,
        up1_0.age,
        up1_0.fitness_goal,
        up1_0.user_id,
        up1_0.weight_kg 
    from
        user_profiles up1_0 
    where
        up1_0.user_id=?
2026-06-04 19:18:31 [http-nio-8080-exec-2] DEBUG org.hibernate.SQL - 
    select
        up1_0.id,
        up1_0.age,
        up1_0.fitness_goal,
        up1_0.user_id,
        up1_0.weight_kg 
    from
        user_profiles up1_0 
    where
        up1_0.user_id=?
2026-06-04 19:18:31 [http-nio-8080-exec-2] DEBUG org.hibernate.SQL - 
    select
        up1_0.id,
        up1_0.age,
        up1_0.fitness_goal,
        up1_0.user_id,
        up1_0.weight_kg 
    from
        user_profiles up1_0 
    where
        up1_0.user_id=?
2026-06-04 19:18:31 [http-nio-8080-exec-2] DEBUG org.hibernate.SQL - 
    select
        c1_0.id,
        c1_0.name,
        c1_0.specialization 
    from
        coaches c1_0 
    where
        c1_0.id=?
2026-06-04 19:18:31 [http-nio-8080-exec-2] DEBUG org.hibernate.SQL - 
    select
        up1_0.id,
        up1_0.age,
        up1_0.fitness_goal,
        up1_0.user_id,
        up1_0.weight_kg 
    from
        user_profiles up1_0 
    where
        up1_0.user_id=?
2026-06-04 19:18:31 [http-nio-8080-exec-2] DEBUG org.hibernate.SQL - 
    select
        c1_0.id,
        c1_0.name,
        c1_0.specialization 
    from
        coaches c1_0 
    where
        c1_0.id=?
2026-06-04 19:18:31 [http-nio-8080-exec-2] DEBUG org.hibernate.SQL - 
    select
        up1_0.id,
        up1_0.age,
        up1_0.fitness_goal,
        up1_0.user_id,
        up1_0.weight_kg 
    from
        user_profiles up1_0 
    where
        up1_0.user_id=?
2026-06-04 19:18:31 [http-nio-8080-exec-2] DEBUG org.hibernate.SQL - 
    select
        count(u1_0.id) 
    from
        users u1_0
2026-06-04 19:18:31 [http-nio-8080-exec-2] DEBUG org.hibernate.SQL - 
    select
        c1_0.id,
        c1_0.name,
        c1_0.specialization 
    from
        coaches c1_0
2026-06-04 19:19:17 [SpringApplicationShutdownHook] INFO  o.s.b.w.e.tomcat.GracefulShutdown - Commencing graceful shutdown. Waiting for active requests to complete
2026-06-04 19:19:17 [tomcat-shutdown] INFO  o.s.b.w.e.tomcat.GracefulShutdown - Graceful shutdown complete
2026-06-04 19:19:17 [SpringApplicationShutdownHook] INFO  o.s.o.j.LocalContainerEntityManagerFactoryBean - Closing JPA EntityManagerFactory for persistence unit 'default'
2026-06-04 19:19:17 [SpringApplicationShutdownHook] INFO  com.zaxxer.hikari.HikariDataSource - HikariPool-1 - Shutdown initiated...
2026-06-04 19:19:17 [SpringApplicationShutdownHook] INFO  com.zaxxer.hikari.HikariDataSource - HikariPool-1 - Shutdown completed.
2026-06-04 19:19:27 [main] INFO  com.fitness.opp.OppApplication - Starting OppApplication using Java 21.0.10 with PID 4128 (C:\Users\Dunduc George\Desktop\fitness\opp\target\classes started by Dunduc George in C:\Users\Dunduc George\Desktop\fitness)
2026-06-04 19:19:27 [main] DEBUG com.fitness.opp.OppApplication - Running with Spring Boot v3.4.1, Spring v6.2.1
2026-06-04 19:19:27 [main] INFO  com.fitness.opp.OppApplication - The following 1 profile is active: "dev"
2026-06-04 19:19:28 [main] INFO  o.s.d.r.c.RepositoryConfigurationDelegate - Bootstrapping Spring Data JPA repositories in DEFAULT mode.
2026-06-04 19:19:28 [main] INFO  o.s.d.r.c.RepositoryConfigurationDelegate - Finished Spring Data repository scanning in 86 ms. Found 6 JPA repository interfaces.
2026-06-04 19:19:28 [main] INFO  o.s.b.w.e.tomcat.TomcatWebServer - Tomcat initialized with port 8080 (http)
2026-06-04 19:19:29 [main] INFO  o.a.catalina.core.StandardService - Starting service [Tomcat]
2026-06-04 19:19:29 [main] INFO  o.a.catalina.core.StandardEngine - Starting Servlet engine: [Apache Tomcat/10.1.34]
2026-06-04 19:19:29 [main] INFO  o.a.c.c.C.[Tomcat].[localhost].[/] - Initializing Spring embedded WebApplicationContext
2026-06-04 19:19:29 [main] INFO  o.s.b.w.s.c.ServletWebServerApplicationContext - Root WebApplicationContext: initialization completed in 1564 ms
2026-06-04 19:19:29 [main] INFO  o.h.jpa.internal.util.LogHelper - HHH000204: Processing PersistenceUnitInfo [name: default]
2026-06-04 19:19:29 [main] INFO  org.hibernate.Version - HHH000412: Hibernate ORM core version 6.6.4.Final
2026-06-04 19:19:29 [main] INFO  o.h.c.i.RegionFactoryInitiator - HHH000026: Second-level cache disabled
2026-06-04 19:19:29 [main] INFO  o.s.o.j.p.SpringPersistenceUnitInfo - No LoadTimeWeaver setup: ignoring JPA class transformer
2026-06-04 19:19:29 [main] INFO  com.zaxxer.hikari.HikariDataSource - HikariPool-1 - Starting...
2026-06-04 19:19:30 [main] INFO  com.zaxxer.hikari.pool.HikariPool - HikariPool-1 - Added connection oracle.jdbc.driver.T4CConnection@177ddd24
2026-06-04 19:19:30 [main] INFO  com.zaxxer.hikari.HikariDataSource - HikariPool-1 - Start completed.
2026-06-04 19:19:30 [main] WARN  org.hibernate.orm.deprecation - HHH90000025: OracleDialect does not need to be specified explicitly using 'hibernate.dialect' (remove the property setting and it will be selected by default)
2026-06-04 19:19:30 [main] INFO  o.hibernate.orm.connections.pooling - HHH10001005: Database info:
	Database JDBC URL [Connecting through datasource 'HikariDataSource (HikariPool-1)']
	Database driver: undefined/unknown
	Database version: 21.3
	Autocommit mode: undefined/unknown
	Isolation level: undefined/unknown
	Minimum pool size: undefined/unknown
	Maximum pool size: undefined/unknown
2026-06-04 19:19:32 [main] INFO  o.h.e.t.j.p.i.JtaPlatformInitiator - HHH000489: No JTA platform available (set 'hibernate.transaction.jta.platform' to enable JTA platform integration)
2026-06-04 19:19:32 [main] INFO  o.s.o.j.LocalContainerEntityManagerFactoryBean - Initialized JPA EntityManagerFactory for persistence unit 'default'
2026-06-04 19:19:32 [main] WARN  o.s.b.a.o.j.JpaBaseConfiguration$JpaWebConfiguration - spring.jpa.open-in-view is enabled by default. Therefore, database queries may be performed during view rendering. Explicitly configure spring.jpa.open-in-view to disable this warning
2026-06-04 19:19:32 [main] INFO  o.s.s.c.a.a.c.InitializeAuthenticationProviderBeanManagerConfigurer$InitializeAuthenticationProviderManagerConfigurer - Global AuthenticationManager configured with AuthenticationProvider bean with name authenticationProvider
2026-06-04 19:19:32 [main] WARN  o.s.s.c.a.a.c.InitializeUserDetailsBeanManagerConfigurer$InitializeUserDetailsManagerConfigurer - Global AuthenticationManager configured with an AuthenticationProvider bean. UserDetailsService beans will not be used by Spring Security for automatically configuring username/password login. Consider removing the AuthenticationProvider bean. Alternatively, consider using the UserDetailsService in a manually instantiated DaoAuthenticationProvider. If the current configuration is intentional, to turn off this warning, increase the logging level of 'org.springframework.security.config.annotation.authentication.configuration.InitializeUserDetailsBeanManagerConfigurer' to ERROR
2026-06-04 19:19:33 [main] INFO  o.s.b.w.e.tomcat.TomcatWebServer - Tomcat started on port 8080 (http) with context path '/'
2026-06-04 19:19:33 [main] INFO  com.fitness.opp.OppApplication - Started OppApplication in 6.727 seconds (process running for 7.278)
2026-06-04 19:19:33 [main] DEBUG org.hibernate.SQL - 
    select
        u1_0.id,
        u1_0.coach_id,
        u1_0.email,
        u1_0.nutrition_plan_id,
        u1_0.password,
        u1_0.role,
        u1_0.username,
        u1_0.workout_group_id 
    from
        users u1_0 
    where
        u1_0.username=?
2026-06-04 19:19:33 [main] DEBUG org.hibernate.SQL - 
    select
        up1_0.id,
        up1_0.age,
        up1_0.fitness_goal,
        up1_0.user_id,
        up1_0.weight_kg 
    from
        user_profiles up1_0 
    where
        up1_0.user_id=?
2026-06-04 19:19:33 [main] DEBUG org.hibernate.SQL - 
    select
        u1_0.id,
        c1_0.id,
        c1_0.name,
        c1_0.specialization,
        u1_0.email,
        np1_0.id,
        np1_0.calories,
        np1_0.description,
        np1_0.name,
        u1_0.password,
        p1_0.id,
        p1_0.age,
        p1_0.fitness_goal,
        p1_0.user_id,
        p1_0.weight_kg,
        u1_0.role,
        u1_0.username,
        wg1_0.id,
        wg1_0.category,
        wg1_0.description,
        wg1_0.name 
    from
        users u1_0 
    left join
        coaches c1_0 
            on c1_0.id=u1_0.coach_id 
    left join
        nutrition_plans np1_0 
            on np1_0.id=u1_0.nutrition_plan_id 
    left join
        user_profiles p1_0 
            on u1_0.id=p1_0.user_id 
    left join
        workout_groups wg1_0 
            on wg1_0.id=u1_0.workout_group_id 
    where
        u1_0.id=?
2026-06-04 19:19:33 [main] DEBUG org.hibernate.SQL - 
    delete 
    from
        users 
    where
        id=?
2026-06-04 19:19:33 [main] DEBUG org.hibernate.SQL - 
    insert 
    into
        users
        (coach_id, email, nutrition_plan_id, password, role, username, workout_group_id, id) 
    values
        (?, ?, ?, ?, ?, ?, ?, default)
2026-06-04 19:19:39 [http-nio-8080-exec-1] INFO  o.a.c.c.C.[Tomcat].[localhost].[/] - Initializing Spring DispatcherServlet 'dispatcherServlet'
2026-06-04 19:19:39 [http-nio-8080-exec-1] INFO  o.s.web.servlet.DispatcherServlet - Initializing Servlet 'dispatcherServlet'
2026-06-04 19:19:39 [http-nio-8080-exec-1] INFO  o.s.web.servlet.DispatcherServlet - Completed initialization in 1 ms
2026-06-04 19:20:17 [SpringApplicationShutdownHook] INFO  o.s.b.w.e.tomcat.GracefulShutdown - Commencing graceful shutdown. Waiting for active requests to complete
2026-06-04 19:20:17 [tomcat-shutdown] INFO  o.s.b.w.e.tomcat.GracefulShutdown - Graceful shutdown complete
2026-06-04 19:20:17 [SpringApplicationShutdownHook] INFO  o.s.o.j.LocalContainerEntityManagerFactoryBean - Closing JPA EntityManagerFactory for persistence unit 'default'
2026-06-04 19:20:17 [SpringApplicationShutdownHook] INFO  com.zaxxer.hikari.HikariDataSource - HikariPool-1 - Shutdown initiated...
2026-06-04 19:20:17 [SpringApplicationShutdownHook] INFO  com.zaxxer.hikari.HikariDataSource - HikariPool-1 - Shutdown completed.
2026-06-04 19:21:16 [main] INFO  com.fitness.opp.OppApplication - Starting OppApplication using Java 21.0.10 with PID 10412 (C:\Users\Dunduc George\Desktop\fitness\opp\target\classes started by Dunduc George in C:\Users\Dunduc George\Desktop\fitness)
2026-06-04 19:21:16 [main] DEBUG com.fitness.opp.OppApplication - Running with Spring Boot v3.4.1, Spring v6.2.1
2026-06-04 19:21:16 [main] INFO  com.fitness.opp.OppApplication - The following 1 profile is active: "dev"
2026-06-04 19:21:17 [main] INFO  o.s.d.r.c.RepositoryConfigurationDelegate - Bootstrapping Spring Data JPA repositories in DEFAULT mode.
2026-06-04 19:21:17 [main] INFO  o.s.d.r.c.RepositoryConfigurationDelegate - Finished Spring Data repository scanning in 84 ms. Found 6 JPA repository interfaces.
2026-06-04 19:21:18 [main] INFO  o.s.b.w.e.tomcat.TomcatWebServer - Tomcat initialized with port 8080 (http)
2026-06-04 19:21:18 [main] INFO  o.a.catalina.core.StandardService - Starting service [Tomcat]
2026-06-04 19:21:18 [main] INFO  o.a.catalina.core.StandardEngine - Starting Servlet engine: [Apache Tomcat/10.1.34]
2026-06-04 19:21:18 [main] INFO  o.a.c.c.C.[Tomcat].[localhost].[/] - Initializing Spring embedded WebApplicationContext
2026-06-04 19:21:18 [main] INFO  o.s.b.w.s.c.ServletWebServerApplicationContext - Root WebApplicationContext: initialization completed in 1947 ms
2026-06-04 19:21:19 [main] INFO  o.h.jpa.internal.util.LogHelper - HHH000204: Processing PersistenceUnitInfo [name: default]
2026-06-04 19:21:19 [main] INFO  org.hibernate.Version - HHH000412: Hibernate ORM core version 6.6.4.Final
2026-06-04 19:21:19 [main] INFO  o.h.c.i.RegionFactoryInitiator - HHH000026: Second-level cache disabled
2026-06-04 19:21:19 [main] INFO  o.s.o.j.p.SpringPersistenceUnitInfo - No LoadTimeWeaver setup: ignoring JPA class transformer
2026-06-04 19:21:19 [main] INFO  com.zaxxer.hikari.HikariDataSource - HikariPool-1 - Starting...
2026-06-04 19:21:20 [main] INFO  com.zaxxer.hikari.pool.HikariPool - HikariPool-1 - Added connection oracle.jdbc.driver.T4CConnection@574ebdaf
2026-06-04 19:21:20 [main] INFO  com.zaxxer.hikari.HikariDataSource - HikariPool-1 - Start completed.
2026-06-04 19:21:20 [main] WARN  org.hibernate.orm.deprecation - HHH90000025: OracleDialect does not need to be specified explicitly using 'hibernate.dialect' (remove the property setting and it will be selected by default)
2026-06-04 19:21:20 [main] INFO  o.hibernate.orm.connections.pooling - HHH10001005: Database info:
	Database JDBC URL [Connecting through datasource 'HikariDataSource (HikariPool-1)']
	Database driver: undefined/unknown
	Database version: 21.3
	Autocommit mode: undefined/unknown
	Isolation level: undefined/unknown
	Minimum pool size: undefined/unknown
	Maximum pool size: undefined/unknown
2026-06-04 19:21:21 [main] INFO  o.h.e.t.j.p.i.JtaPlatformInitiator - HHH000489: No JTA platform available (set 'hibernate.transaction.jta.platform' to enable JTA platform integration)
2026-06-04 19:21:22 [main] INFO  o.s.o.j.LocalContainerEntityManagerFactoryBean - Initialized JPA EntityManagerFactory for persistence unit 'default'
2026-06-04 19:21:22 [main] WARN  o.s.b.a.o.j.JpaBaseConfiguration$JpaWebConfiguration - spring.jpa.open-in-view is enabled by default. Therefore, database queries may be performed during view rendering. Explicitly configure spring.jpa.open-in-view to disable this warning
2026-06-04 19:21:22 [main] INFO  o.s.s.c.a.a.c.InitializeAuthenticationProviderBeanManagerConfigurer$InitializeAuthenticationProviderManagerConfigurer - Global AuthenticationManager configured with AuthenticationProvider bean with name authenticationProvider
2026-06-04 19:21:22 [main] WARN  o.s.s.c.a.a.c.InitializeUserDetailsBeanManagerConfigurer$InitializeUserDetailsManagerConfigurer - Global AuthenticationManager configured with an AuthenticationProvider bean. UserDetailsService beans will not be used by Spring Security for automatically configuring username/password login. Consider removing the AuthenticationProvider bean. Alternatively, consider using the UserDetailsService in a manually instantiated DaoAuthenticationProvider. If the current configuration is intentional, to turn off this warning, increase the logging level of 'org.springframework.security.config.annotation.authentication.configuration.InitializeUserDetailsBeanManagerConfigurer' to ERROR
2026-06-04 19:21:23 [main] INFO  o.s.b.w.e.tomcat.TomcatWebServer - Tomcat started on port 8080 (http) with context path '/'
2026-06-04 19:21:23 [main] INFO  com.fitness.opp.OppApplication - Started OppApplication in 7.628 seconds (process running for 8.294)
2026-06-04 19:21:23 [main] DEBUG org.hibernate.SQL - 
    select
        u1_0.id,
        u1_0.coach_id,
        u1_0.email,
        u1_0.nutrition_plan_id,
        u1_0.password,
        u1_0.role,
        u1_0.username,
        u1_0.workout_group_id 
    from
        users u1_0 
    where
        u1_0.username=?
2026-06-04 19:21:24 [main] DEBUG org.hibernate.SQL - 
    select
        up1_0.id,
        up1_0.age,
        up1_0.fitness_goal,
        up1_0.user_id,
        up1_0.weight_kg 
    from
        user_profiles up1_0 
    where
        up1_0.user_id=?
2026-06-04 19:21:24 [main] DEBUG org.hibernate.SQL - 
    select
        u1_0.id,
        c1_0.id,
        c1_0.name,
        c1_0.specialization,
        u1_0.email,
        np1_0.id,
        np1_0.calories,
        np1_0.description,
        np1_0.name,
        u1_0.password,
        p1_0.id,
        p1_0.age,
        p1_0.fitness_goal,
        p1_0.user_id,
        p1_0.weight_kg,
        u1_0.role,
        u1_0.username,
        wg1_0.id,
        wg1_0.category,
        wg1_0.description,
        wg1_0.name 
    from
        users u1_0 
    left join
        coaches c1_0 
            on c1_0.id=u1_0.coach_id 
    left join
        nutrition_plans np1_0 
            on np1_0.id=u1_0.nutrition_plan_id 
    left join
        user_profiles p1_0 
            on u1_0.id=p1_0.user_id 
    left join
        workout_groups wg1_0 
            on wg1_0.id=u1_0.workout_group_id 
    where
        u1_0.id=?
2026-06-04 19:21:24 [main] DEBUG org.hibernate.SQL - 
    delete 
    from
        users 
    where
        id=?
2026-06-04 19:21:24 [main] DEBUG org.hibernate.SQL - 
    insert 
    into
        users
        (coach_id, email, nutrition_plan_id, password, role, username, workout_group_id, id) 
    values
        (?, ?, ?, ?, ?, ?, ?, default)
2026-06-04 19:30:13 [SpringApplicationShutdownHook] INFO  o.s.b.w.e.tomcat.GracefulShutdown - Commencing graceful shutdown. Waiting for active requests to complete
2026-06-04 19:30:13 [tomcat-shutdown] INFO  o.s.b.w.e.tomcat.GracefulShutdown - Graceful shutdown complete
2026-06-04 19:30:13 [SpringApplicationShutdownHook] INFO  o.s.o.j.LocalContainerEntityManagerFactoryBean - Closing JPA EntityManagerFactory for persistence unit 'default'
2026-06-04 19:30:13 [SpringApplicationShutdownHook] INFO  com.zaxxer.hikari.HikariDataSource - HikariPool-1 - Shutdown initiated...
2026-06-04 19:30:13 [SpringApplicationShutdownHook] INFO  com.zaxxer.hikari.HikariDataSource - HikariPool-1 - Shutdown completed.
2026-06-06 15:02:47 [main] INFO  com.fitness.opp.OppApplication - Starting OppApplication using Java 21.0.10 with PID 3616 (C:\Users\Dunduc George\Desktop\fitness\opp\target\classes started by Dunduc George in C:\Users\Dunduc George\Desktop\fitness)
2026-06-06 15:02:47 [main] DEBUG com.fitness.opp.OppApplication - Running with Spring Boot v3.4.1, Spring v6.2.1
2026-06-06 15:02:47 [main] INFO  com.fitness.opp.OppApplication - The following 1 profile is active: "dev"
2026-06-06 15:02:48 [main] INFO  o.s.d.r.c.RepositoryConfigurationDelegate - Bootstrapping Spring Data JPA repositories in DEFAULT mode.
2026-06-06 15:02:48 [main] INFO  o.s.d.r.c.RepositoryConfigurationDelegate - Finished Spring Data repository scanning in 72 ms. Found 6 JPA repository interfaces.
2026-06-06 15:02:50 [main] INFO  o.s.b.w.e.tomcat.TomcatWebServer - Tomcat initialized with port 8080 (http)
2026-06-06 15:02:51 [main] INFO  o.a.catalina.core.StandardService - Starting service [Tomcat]
2026-06-06 15:02:51 [main] INFO  o.a.catalina.core.StandardEngine - Starting Servlet engine: [Apache Tomcat/10.1.34]
2026-06-06 15:02:52 [main] INFO  o.a.c.c.C.[Tomcat].[localhost].[/] - Initializing Spring embedded WebApplicationContext
2026-06-06 15:02:52 [main] INFO  o.s.b.w.s.c.ServletWebServerApplicationContext - Root WebApplicationContext: initialization completed in 4773 ms
2026-06-06 15:02:53 [main] INFO  o.h.jpa.internal.util.LogHelper - HHH000204: Processing PersistenceUnitInfo [name: default]
2026-06-06 15:02:53 [main] INFO  org.hibernate.Version - HHH000412: Hibernate ORM core version 6.6.4.Final
2026-06-06 15:02:53 [main] INFO  o.h.c.i.RegionFactoryInitiator - HHH000026: Second-level cache disabled
2026-06-06 15:02:53 [main] INFO  o.s.o.j.p.SpringPersistenceUnitInfo - No LoadTimeWeaver setup: ignoring JPA class transformer
2026-06-06 15:02:53 [main] INFO  com.zaxxer.hikari.HikariDataSource - HikariPool-1 - Starting...
2026-06-06 15:02:54 [main] INFO  com.zaxxer.hikari.pool.HikariPool - HikariPool-1 - Added connection oracle.jdbc.driver.T4CConnection@54daf8f9
2026-06-06 15:02:54 [main] INFO  com.zaxxer.hikari.HikariDataSource - HikariPool-1 - Start completed.
2026-06-06 15:02:54 [main] WARN  org.hibernate.orm.deprecation - HHH90000025: OracleDialect does not need to be specified explicitly using 'hibernate.dialect' (remove the property setting and it will be selected by default)
2026-06-06 15:02:54 [main] INFO  o.hibernate.orm.connections.pooling - HHH10001005: Database info:
	Database JDBC URL [Connecting through datasource 'HikariDataSource (HikariPool-1)']
	Database driver: undefined/unknown
	Database version: 21.3
	Autocommit mode: undefined/unknown
	Isolation level: undefined/unknown
	Minimum pool size: undefined/unknown
	Maximum pool size: undefined/unknown
2026-06-06 15:02:55 [main] INFO  o.h.e.t.j.p.i.JtaPlatformInitiator - HHH000489: No JTA platform available (set 'hibernate.transaction.jta.platform' to enable JTA platform integration)
2026-06-06 15:02:56 [main] INFO  o.s.o.j.LocalContainerEntityManagerFactoryBean - Initialized JPA EntityManagerFactory for persistence unit 'default'
2026-06-06 15:02:56 [main] WARN  o.s.b.a.o.j.JpaBaseConfiguration$JpaWebConfiguration - spring.jpa.open-in-view is enabled by default. Therefore, database queries may be performed during view rendering. Explicitly configure spring.jpa.open-in-view to disable this warning
2026-06-06 15:02:56 [main] INFO  o.s.s.c.a.a.c.InitializeAuthenticationProviderBeanManagerConfigurer$InitializeAuthenticationProviderManagerConfigurer - Global AuthenticationManager configured with AuthenticationProvider bean with name authenticationProvider
2026-06-06 15:02:56 [main] WARN  o.s.s.c.a.a.c.InitializeUserDetailsBeanManagerConfigurer$InitializeUserDetailsManagerConfigurer - Global AuthenticationManager configured with an AuthenticationProvider bean. UserDetailsService beans will not be used by Spring Security for automatically configuring username/password login. Consider removing the AuthenticationProvider bean. Alternatively, consider using the UserDetailsService in a manually instantiated DaoAuthenticationProvider. If the current configuration is intentional, to turn off this warning, increase the logging level of 'org.springframework.security.config.annotation.authentication.configuration.InitializeUserDetailsBeanManagerConfigurer' to ERROR
2026-06-06 15:02:57 [main] INFO  o.s.b.w.e.tomcat.TomcatWebServer - Tomcat started on port 8080 (http) with context path '/'
2026-06-06 15:02:57 [main] INFO  com.fitness.opp.OppApplication - Started OppApplication in 11.034 seconds (process running for 11.725)
2026-06-06 15:02:57 [main] DEBUG org.hibernate.SQL - 
    select
        u1_0.id,
        u1_0.coach_id,
        u1_0.email,
        u1_0.nutrition_plan_id,
        u1_0.password,
        u1_0.role,
        u1_0.username,
        u1_0.workout_group_id 
    from
        users u1_0 
    where
        u1_0.username=?
2026-06-06 15:02:57 [main] DEBUG org.hibernate.SQL - 
    select
        up1_0.id,
        up1_0.age,
        up1_0.fitness_goal,
        up1_0.user_id,
        up1_0.weight_kg 
    from
        user_profiles up1_0 
    where
        up1_0.user_id=?
2026-06-06 15:02:57 [main] DEBUG org.hibernate.SQL - 
    select
        u1_0.id,
        c1_0.id,
        c1_0.name,
        c1_0.specialization,
        u1_0.email,
        np1_0.id,
        np1_0.calories,
        np1_0.description,
        np1_0.name,
        u1_0.password,
        p1_0.id,
        p1_0.age,
        p1_0.fitness_goal,
        p1_0.user_id,
        p1_0.weight_kg,
        u1_0.role,
        u1_0.username,
        wg1_0.id,
        wg1_0.category,
        wg1_0.description,
        wg1_0.name 
    from
        users u1_0 
    left join
        coaches c1_0 
            on c1_0.id=u1_0.coach_id 
    left join
        nutrition_plans np1_0 
            on np1_0.id=u1_0.nutrition_plan_id 
    left join
        user_profiles p1_0 
            on u1_0.id=p1_0.user_id 
    left join
        workout_groups wg1_0 
            on wg1_0.id=u1_0.workout_group_id 
    where
        u1_0.id=?
2026-06-06 15:02:57 [main] DEBUG org.hibernate.SQL - 
    delete 
    from
        users 
    where
        id=?
2026-06-06 15:02:57 [main] DEBUG org.hibernate.SQL - 
    insert 
    into
        users
        (coach_id, email, nutrition_plan_id, password, role, username, workout_group_id, id) 
    values
        (?, ?, ?, ?, ?, ?, ?, default)
2026-06-06 15:03:31 [http-nio-8080-exec-1] INFO  o.a.c.c.C.[Tomcat].[localhost].[/] - Initializing Spring DispatcherServlet 'dispatcherServlet'
2026-06-06 15:03:31 [http-nio-8080-exec-1] INFO  o.s.web.servlet.DispatcherServlet - Initializing Servlet 'dispatcherServlet'
2026-06-06 15:03:31 [http-nio-8080-exec-1] INFO  o.s.web.servlet.DispatcherServlet - Completed initialization in 4 ms
2026-06-06 15:03:37 [http-nio-8080-exec-4] DEBUG org.hibernate.SQL - 
    select
        u1_0.id,
        u1_0.coach_id,
        u1_0.email,
        u1_0.nutrition_plan_id,
        u1_0.password,
        u1_0.role,
        u1_0.username,
        u1_0.workout_group_id 
    from
        users u1_0
2026-06-06 15:03:37 [http-nio-8080-exec-4] DEBUG org.hibernate.SQL - 
    select
        up1_0.id,
        up1_0.age,
        up1_0.fitness_goal,
        up1_0.user_id,
        up1_0.weight_kg 
    from
        user_profiles up1_0 
    where
        up1_0.user_id=?
2026-06-06 15:03:37 [http-nio-8080-exec-4] DEBUG org.hibernate.SQL - 
    select
        up1_0.id,
        up1_0.age,
        up1_0.fitness_goal,
        up1_0.user_id,
        up1_0.weight_kg 
    from
        user_profiles up1_0 
    where
        up1_0.user_id=?
2026-06-06 15:03:37 [http-nio-8080-exec-4] DEBUG org.hibernate.SQL - 
    select
        c1_0.id,
        c1_0.name,
        c1_0.specialization 
    from
        coaches c1_0 
    where
        c1_0.id=?
2026-06-06 15:03:37 [http-nio-8080-exec-4] DEBUG org.hibernate.SQL - 
    select
        up1_0.id,
        up1_0.age,
        up1_0.fitness_goal,
        up1_0.user_id,
        up1_0.weight_kg 
    from
        user_profiles up1_0 
    where
        up1_0.user_id=?
2026-06-06 15:03:37 [http-nio-8080-exec-4] DEBUG org.hibernate.SQL - 
    select
        up1_0.id,
        up1_0.age,
        up1_0.fitness_goal,
        up1_0.user_id,
        up1_0.weight_kg 
    from
        user_profiles up1_0 
    where
        up1_0.user_id=?
2026-06-06 15:03:37 [http-nio-8080-exec-4] DEBUG org.hibernate.SQL - 
    select
        up1_0.id,
        up1_0.age,
        up1_0.fitness_goal,
        up1_0.user_id,
        up1_0.weight_kg 
    from
        user_profiles up1_0 
    where
        up1_0.user_id=?
2026-06-06 15:03:37 [http-nio-8080-exec-4] DEBUG org.hibernate.SQL - 
    select
        up1_0.id,
        up1_0.age,
        up1_0.fitness_goal,
        up1_0.user_id,
        up1_0.weight_kg 
    from
        user_profiles up1_0 
    where
        up1_0.user_id=?
2026-06-06 15:03:37 [http-nio-8080-exec-4] DEBUG org.hibernate.SQL - 
    select
        c1_0.id,
        c1_0.name,
        c1_0.specialization 
    from
        coaches c1_0 
    where
        c1_0.id=?
2026-06-06 15:03:37 [http-nio-8080-exec-4] DEBUG org.hibernate.SQL - 
    select
        up1_0.id,
        up1_0.age,
        up1_0.fitness_goal,
        up1_0.user_id,
        up1_0.weight_kg 
    from
        user_profiles up1_0 
    where
        up1_0.user_id=?
2026-06-06 15:03:37 [http-nio-8080-exec-4] DEBUG org.hibernate.SQL - 
    select
        up1_0.id,
        up1_0.age,
        up1_0.fitness_goal,
        up1_0.user_id,
        up1_0.weight_kg 
    from
        user_profiles up1_0 
    where
        up1_0.user_id=?
2026-06-06 15:03:37 [http-nio-8080-exec-4] DEBUG org.hibernate.SQL - 
    select
        up1_0.id,
        up1_0.age,
        up1_0.fitness_goal,
        up1_0.user_id,
        up1_0.weight_kg 
    from
        user_profiles up1_0 
    where
        up1_0.user_id=?
2026-06-06 15:03:37 [http-nio-8080-exec-4] DEBUG org.hibernate.SQL - 
    select
        c1_0.id,
        c1_0.name,
        c1_0.specialization 
    from
        coaches c1_0 
    where
        c1_0.id=?
2026-06-06 15:03:37 [http-nio-8080-exec-4] DEBUG org.hibernate.SQL - 
    select
        up1_0.id,
        up1_0.age,
        up1_0.fitness_goal,
        up1_0.user_id,
        up1_0.weight_kg 
    from
        user_profiles up1_0 
    where
        up1_0.user_id=?
2026-06-06 15:03:37 [http-nio-8080-exec-4] DEBUG org.hibernate.SQL - 
    select
        up1_0.id,
        up1_0.age,
        up1_0.fitness_goal,
        up1_0.user_id,
        up1_0.weight_kg 
    from
        user_profiles up1_0 
    where
        up1_0.user_id=?
2026-06-06 15:03:37 [http-nio-8080-exec-4] DEBUG org.hibernate.SQL - 
    select
        up1_0.id,
        up1_0.age,
        up1_0.fitness_goal,
        up1_0.user_id,
        up1_0.weight_kg 
    from
        user_profiles up1_0 
    where
        up1_0.user_id=?
2026-06-06 15:03:37 [http-nio-8080-exec-4] DEBUG org.hibernate.SQL - 
    select
        up1_0.id,
        up1_0.age,
        up1_0.fitness_goal,
        up1_0.user_id,
        up1_0.weight_kg 
    from
        user_profiles up1_0 
    where
        up1_0.user_id=?
2026-06-06 15:03:37 [http-nio-8080-exec-4] DEBUG org.hibernate.SQL - 
    select
        u1_0.id,
        u1_0.coach_id,
        u1_0.email,
        u1_0.nutrition_plan_id,
        u1_0.password,
        u1_0.role,
        u1_0.username,
        u1_0.workout_group_id 
    from
        users u1_0
2026-06-06 15:03:37 [http-nio-8080-exec-4] DEBUG org.hibernate.SQL - 
    select
        up1_0.id,
        up1_0.age,
        up1_0.fitness_goal,
        up1_0.user_id,
        up1_0.weight_kg 
    from
        user_profiles up1_0 
    where
        up1_0.user_id=?
2026-06-06 15:03:37 [http-nio-8080-exec-4] DEBUG org.hibernate.SQL - 
    select
        up1_0.id,
        up1_0.age,
        up1_0.fitness_goal,
        up1_0.user_id,
        up1_0.weight_kg 
    from
        user_profiles up1_0 
    where
        up1_0.user_id=?
2026-06-06 15:03:37 [http-nio-8080-exec-4] DEBUG org.hibernate.SQL - 
    select
        c1_0.id,
        c1_0.name,
        c1_0.specialization 
    from
        coaches c1_0 
    where
        c1_0.id=?
2026-06-06 15:03:37 [http-nio-8080-exec-4] DEBUG org.hibernate.SQL - 
    select
        up1_0.id,
        up1_0.age,
        up1_0.fitness_goal,
        up1_0.user_id,
        up1_0.weight_kg 
    from
        user_profiles up1_0 
    where
        up1_0.user_id=?
2026-06-06 15:03:37 [http-nio-8080-exec-4] DEBUG org.hibernate.SQL - 
    select
        up1_0.id,
        up1_0.age,
        up1_0.fitness_goal,
        up1_0.user_id,
        up1_0.weight_kg 
    from
        user_profiles up1_0 
    where
        up1_0.user_id=?
2026-06-06 15:03:37 [http-nio-8080-exec-4] DEBUG org.hibernate.SQL - 
    select
        up1_0.id,
        up1_0.age,
        up1_0.fitness_goal,
        up1_0.user_id,
        up1_0.weight_kg 
    from
        user_profiles up1_0 
    where
        up1_0.user_id=?
2026-06-06 15:03:37 [http-nio-8080-exec-4] DEBUG org.hibernate.SQL - 
    select
        up1_0.id,
        up1_0.age,
        up1_0.fitness_goal,
        up1_0.user_id,
        up1_0.weight_kg 
    from
        user_profiles up1_0 
    where
        up1_0.user_id=?
2026-06-06 15:03:37 [http-nio-8080-exec-4] DEBUG org.hibernate.SQL - 
    select
        c1_0.id,
        c1_0.name,
        c1_0.specialization 
    from
        coaches c1_0 
    where
        c1_0.id=?
2026-06-06 15:03:37 [http-nio-8080-exec-4] DEBUG org.hibernate.SQL - 
    select
        up1_0.id,
        up1_0.age,
        up1_0.fitness_goal,
        up1_0.user_id,
        up1_0.weight_kg 
    from
        user_profiles up1_0 
    where
        up1_0.user_id=?
2026-06-06 15:03:37 [http-nio-8080-exec-4] DEBUG org.hibernate.SQL - 
    select
        up1_0.id,
        up1_0.age,
        up1_0.fitness_goal,
        up1_0.user_id,
        up1_0.weight_kg 
    from
        user_profiles up1_0 
    where
        up1_0.user_id=?
2026-06-06 15:03:37 [http-nio-8080-exec-4] DEBUG org.hibernate.SQL - 
    select
        up1_0.id,
        up1_0.age,
        up1_0.fitness_goal,
        up1_0.user_id,
        up1_0.weight_kg 
    from
        user_profiles up1_0 
    where
        up1_0.user_id=?
2026-06-06 15:03:37 [http-nio-8080-exec-4] DEBUG org.hibernate.SQL - 
    select
        c1_0.id,
        c1_0.name,
        c1_0.specialization 
    from
        coaches c1_0 
    where
        c1_0.id=?
2026-06-06 15:03:37 [http-nio-8080-exec-4] DEBUG org.hibernate.SQL - 
    select
        up1_0.id,
        up1_0.age,
        up1_0.fitness_goal,
        up1_0.user_id,
        up1_0.weight_kg 
    from
        user_profiles up1_0 
    where
        up1_0.user_id=?
2026-06-06 15:03:37 [http-nio-8080-exec-4] DEBUG org.hibernate.SQL - 
    select
        up1_0.id,
        up1_0.age,
        up1_0.fitness_goal,
        up1_0.user_id,
        up1_0.weight_kg 
    from
        user_profiles up1_0 
    where
        up1_0.user_id=?
2026-06-06 15:03:37 [http-nio-8080-exec-4] DEBUG org.hibernate.SQL - 
    select
        up1_0.id,
        up1_0.age,
        up1_0.fitness_goal,
        up1_0.user_id,
        up1_0.weight_kg 
    from
        user_profiles up1_0 
    where
        up1_0.user_id=?
2026-06-06 15:03:37 [http-nio-8080-exec-4] DEBUG org.hibernate.SQL - 
    select
        up1_0.id,
        up1_0.age,
        up1_0.fitness_goal,
        up1_0.user_id,
        up1_0.weight_kg 
    from
        user_profiles up1_0 
    where
        up1_0.user_id=?
2026-06-06 15:03:37 [http-nio-8080-exec-5] DEBUG org.hibernate.SQL - 
    select
        u1_0.id,
        u1_0.coach_id,
        u1_0.email,
        u1_0.nutrition_plan_id,
        u1_0.password,
        u1_0.role,
        u1_0.username,
        u1_0.workout_group_id 
    from
        users u1_0 
    order by
        u1_0.username 
    offset
        ? rows 
    fetch
        first ? rows only
2026-06-06 15:03:37 [http-nio-8080-exec-5] DEBUG org.hibernate.SQL - 
    select
        up1_0.id,
        up1_0.age,
        up1_0.fitness_goal,
        up1_0.user_id,
        up1_0.weight_kg 
    from
        user_profiles up1_0 
    where
        up1_0.user_id=?
2026-06-06 15:03:37 [http-nio-8080-exec-5] DEBUG org.hibernate.SQL - 
    select
        up1_0.id,
        up1_0.age,
        up1_0.fitness_goal,
        up1_0.user_id,
        up1_0.weight_kg 
    from
        user_profiles up1_0 
    where
        up1_0.user_id=?
2026-06-06 15:03:37 [http-nio-8080-exec-5] DEBUG org.hibernate.SQL - 
    select
        up1_0.id,
        up1_0.age,
        up1_0.fitness_goal,
        up1_0.user_id,
        up1_0.weight_kg 
    from
        user_profiles up1_0 
    where
        up1_0.user_id=?
2026-06-06 15:03:37 [http-nio-8080-exec-5] DEBUG org.hibernate.SQL - 
    select
        c1_0.id,
        c1_0.name,
        c1_0.specialization 
    from
        coaches c1_0 
    where
        c1_0.id=?
2026-06-06 15:03:37 [http-nio-8080-exec-5] DEBUG org.hibernate.SQL - 
    select
        up1_0.id,
        up1_0.age,
        up1_0.fitness_goal,
        up1_0.user_id,
        up1_0.weight_kg 
    from
        user_profiles up1_0 
    where
        up1_0.user_id=?
2026-06-06 15:03:37 [http-nio-8080-exec-5] DEBUG org.hibernate.SQL - 
    select
        c1_0.id,
        c1_0.name,
        c1_0.specialization 
    from
        coaches c1_0 
    where
        c1_0.id=?
2026-06-06 15:03:37 [http-nio-8080-exec-5] DEBUG org.hibernate.SQL - 
    select
        up1_0.id,
        up1_0.age,
        up1_0.fitness_goal,
        up1_0.user_id,
        up1_0.weight_kg 
    from
        user_profiles up1_0 
    where
        up1_0.user_id=?
2026-06-06 15:03:37 [http-nio-8080-exec-5] DEBUG org.hibernate.SQL - 
    select
        count(u1_0.id) 
    from
        users u1_0
2026-06-06 15:03:37 [http-nio-8080-exec-5] DEBUG org.hibernate.SQL - 
    select
        c1_0.id,
        c1_0.name,
        c1_0.specialization 
    from
        coaches c1_0
2026-06-06 15:03:40 [http-nio-8080-exec-7] DEBUG org.hibernate.SQL - 
    select
        up1_0.id,
        up1_0.age,
        up1_0.fitness_goal,
        up1_0.user_id,
        up1_0.weight_kg 
    from
        user_profiles up1_0 
    order by
        up1_0.id 
    offset
        ? rows 
    fetch
        first ? rows only
2026-06-06 15:03:40 [http-nio-8080-exec-7] DEBUG org.hibernate.SQL - 
    select
        u1_0.id,
        c1_0.id,
        c1_0.name,
        c1_0.specialization,
        u1_0.email,
        np1_0.id,
        np1_0.calories,
        np1_0.description,
        np1_0.name,
        u1_0.password,
        p1_0.id,
        p1_0.age,
        p1_0.fitness_goal,
        p1_0.user_id,
        p1_0.weight_kg,
        u1_0.role,
        u1_0.username,
        wg1_0.id,
        wg1_0.category,
        wg1_0.description,
        wg1_0.name 
    from
        users u1_0 
    left join
        coaches c1_0 
            on c1_0.id=u1_0.coach_id 
    left join
        nutrition_plans np1_0 
            on np1_0.id=u1_0.nutrition_plan_id 
    left join
        user_profiles p1_0 
            on u1_0.id=p1_0.user_id 
    left join
        workout_groups wg1_0 
            on wg1_0.id=u1_0.workout_group_id 
    where
        u1_0.id=?
2026-06-06 15:03:41 [http-nio-8080-exec-9] DEBUG org.hibernate.SQL - 
    select
        c1_0.id,
        c1_0.name,
        c1_0.specialization 
    from
        coaches c1_0 
    order by
        c1_0.name 
    offset
        ? rows 
    fetch
        first ? rows only
2026-06-06 15:03:41 [http-nio-8080-exec-9] DEBUG org.hibernate.SQL - 
    select
        count(c1_0.id) 
    from
        coaches c1_0
2026-06-06 15:03:41 [http-nio-8080-exec-10] DEBUG org.hibernate.SQL - 
    select
        wg1_0.id,
        wg1_0.category,
        wg1_0.description,
        wg1_0.name 
    from
        workout_groups wg1_0 
    order by
        wg1_0.name 
    offset
        ? rows 
    fetch
        first ? rows only
2026-06-06 15:03:42 [http-nio-8080-exec-1] DEBUG org.hibernate.SQL - 
    select
        wg1_0.id,
        wg1_0.category,
        wg1_0.description,
        wg1_0.name 
    from
        workout_groups wg1_0 
    order by
        wg1_0.name 
    offset
        ? rows 
    fetch
        first ? rows only
2026-06-06 15:03:42 [http-nio-8080-exec-2] DEBUG org.hibernate.SQL - 
    select
        e1_0.id,
        e1_0.description,
        e1_0.duration,
        e1_0.muscle_group,
        e1_0.name,
        e1_0.reps,
        e1_0.sets 
    from
        exercises e1_0
2026-06-06 15:03:43 [http-nio-8080-exec-3] DEBUG org.hibernate.SQL - 
    select
        np1_0.id,
        np1_0.calories,
        np1_0.description,
        np1_0.name 
    from
        nutrition_plans np1_0 
    order by
        np1_0.name 
    offset
        ? rows 
    fetch
        first ? rows only
2026-06-06 15:03:44 [http-nio-8080-exec-4] DEBUG org.hibernate.SQL - 
    select
        up1_0.id,
        up1_0.age,
        up1_0.fitness_goal,
        up1_0.user_id,
        up1_0.weight_kg 
    from
        user_profiles up1_0 
    order by
        up1_0.id 
    offset
        ? rows 
    fetch
        first ? rows only
2026-06-06 15:03:44 [http-nio-8080-exec-4] DEBUG org.hibernate.SQL - 
    select
        u1_0.id,
        c1_0.id,
        c1_0.name,
        c1_0.specialization,
        u1_0.email,
        np1_0.id,
        np1_0.calories,
        np1_0.description,
        np1_0.name,
        u1_0.password,
        p1_0.id,
        p1_0.age,
        p1_0.fitness_goal,
        p1_0.user_id,
        p1_0.weight_kg,
        u1_0.role,
        u1_0.username,
        wg1_0.id,
        wg1_0.category,
        wg1_0.description,
        wg1_0.name 
    from
        users u1_0 
    left join
        coaches c1_0 
            on c1_0.id=u1_0.coach_id 
    left join
        nutrition_plans np1_0 
            on np1_0.id=u1_0.nutrition_plan_id 
    left join
        user_profiles p1_0 
            on u1_0.id=p1_0.user_id 
    left join
        workout_groups wg1_0 
            on wg1_0.id=u1_0.workout_group_id 
    where
        u1_0.id=?
2026-06-06 15:03:44 [http-nio-8080-exec-6] DEBUG org.hibernate.SQL - 
    select
        u1_0.id,
        u1_0.coach_id,
        u1_0.email,
        u1_0.nutrition_plan_id,
        u1_0.password,
        u1_0.role,
        u1_0.username,
        u1_0.workout_group_id 
    from
        users u1_0 
    order by
        u1_0.username 
    offset
        ? rows 
    fetch
        first ? rows only
2026-06-06 15:03:44 [http-nio-8080-exec-6] DEBUG org.hibernate.SQL - 
    select
        up1_0.id,
        up1_0.age,
        up1_0.fitness_goal,
        up1_0.user_id,
        up1_0.weight_kg 
    from
        user_profiles up1_0 
    where
        up1_0.user_id=?
2026-06-06 15:03:44 [http-nio-8080-exec-6] DEBUG org.hibernate.SQL - 
    select
        up1_0.id,
        up1_0.age,
        up1_0.fitness_goal,
        up1_0.user_id,
        up1_0.weight_kg 
    from
        user_profiles up1_0 
    where
        up1_0.user_id=?
2026-06-06 15:03:44 [http-nio-8080-exec-6] DEBUG org.hibernate.SQL - 
    select
        up1_0.id,
        up1_0.age,
        up1_0.fitness_goal,
        up1_0.user_id,
        up1_0.weight_kg 
    from
        user_profiles up1_0 
    where
        up1_0.user_id=?
2026-06-06 15:03:44 [http-nio-8080-exec-6] DEBUG org.hibernate.SQL - 
    select
        c1_0.id,
        c1_0.name,
        c1_0.specialization 
    from
        coaches c1_0 
    where
        c1_0.id=?
2026-06-06 15:03:44 [http-nio-8080-exec-6] DEBUG org.hibernate.SQL - 
    select
        up1_0.id,
        up1_0.age,
        up1_0.fitness_goal,
        up1_0.user_id,
        up1_0.weight_kg 
    from
        user_profiles up1_0 
    where
        up1_0.user_id=?
2026-06-06 15:03:44 [http-nio-8080-exec-6] DEBUG org.hibernate.SQL - 
    select
        c1_0.id,
        c1_0.name,
        c1_0.specialization 
    from
        coaches c1_0 
    where
        c1_0.id=?
2026-06-06 15:03:44 [http-nio-8080-exec-6] DEBUG org.hibernate.SQL - 
    select
        up1_0.id,
        up1_0.age,
        up1_0.fitness_goal,
        up1_0.user_id,
        up1_0.weight_kg 
    from
        user_profiles up1_0 
    where
        up1_0.user_id=?
2026-06-06 15:03:44 [http-nio-8080-exec-6] DEBUG org.hibernate.SQL - 
    select
        count(u1_0.id) 
    from
        users u1_0
2026-06-06 15:03:44 [http-nio-8080-exec-6] DEBUG org.hibernate.SQL - 
    select
        c1_0.id,
        c1_0.name,
        c1_0.specialization 
    from
        coaches c1_0
2026-06-06 15:10:19 [SpringApplicationShutdownHook] INFO  o.s.b.w.e.tomcat.GracefulShutdown - Commencing graceful shutdown. Waiting for active requests to complete
2026-06-06 15:10:19 [tomcat-shutdown] INFO  o.s.b.w.e.tomcat.GracefulShutdown - Graceful shutdown complete
2026-06-06 15:10:19 [SpringApplicationShutdownHook] INFO  o.s.o.j.LocalContainerEntityManagerFactoryBean - Closing JPA EntityManagerFactory for persistence unit 'default'
2026-06-06 15:10:19 [SpringApplicationShutdownHook] INFO  com.zaxxer.hikari.HikariDataSource - HikariPool-1 - Shutdown initiated...
2026-06-06 15:10:19 [SpringApplicationShutdownHook] INFO  com.zaxxer.hikari.HikariDataSource - HikariPool-1 - Shutdown completed.
2026-06-06 15:26:30 [main] INFO  com.fitness.opp.OppApplication - Starting OppApplication using Java 21.0.10 with PID 8980 (C:\Users\Dunduc George\Desktop\fitness\opp\target\classes started by Dunduc George in C:\Users\Dunduc George\Desktop\fitness)
2026-06-06 15:26:30 [main] DEBUG com.fitness.opp.OppApplication - Running with Spring Boot v3.4.1, Spring v6.2.1
2026-06-06 15:26:30 [main] INFO  com.fitness.opp.OppApplication - The following 1 profile is active: "dev"
2026-06-06 15:26:34 [main] INFO  o.s.d.r.c.RepositoryConfigurationDelegate - Bootstrapping Spring Data JPA repositories in DEFAULT mode.
2026-06-06 15:26:34 [main] INFO  o.s.d.r.c.RepositoryConfigurationDelegate - Finished Spring Data repository scanning in 85 ms. Found 6 JPA repository interfaces.
2026-06-06 15:26:35 [main] INFO  o.s.b.w.e.tomcat.TomcatWebServer - Tomcat initialized with port 8080 (http)
2026-06-06 15:26:35 [main] INFO  o.a.catalina.core.StandardService - Starting service [Tomcat]
2026-06-06 15:26:35 [main] INFO  o.a.catalina.core.StandardEngine - Starting Servlet engine: [Apache Tomcat/10.1.34]
2026-06-06 15:26:35 [main] INFO  o.a.c.c.C.[Tomcat].[localhost].[/] - Initializing Spring embedded WebApplicationContext
2026-06-06 15:26:35 [main] INFO  o.s.b.w.s.c.ServletWebServerApplicationContext - Root WebApplicationContext: initialization completed in 4579 ms
2026-06-06 15:26:36 [main] INFO  o.h.jpa.internal.util.LogHelper - HHH000204: Processing PersistenceUnitInfo [name: default]
2026-06-06 15:26:36 [main] INFO  org.hibernate.Version - HHH000412: Hibernate ORM core version 6.6.4.Final
2026-06-06 15:26:36 [main] INFO  o.h.c.i.RegionFactoryInitiator - HHH000026: Second-level cache disabled
2026-06-06 15:26:37 [main] INFO  o.s.o.j.p.SpringPersistenceUnitInfo - No LoadTimeWeaver setup: ignoring JPA class transformer
2026-06-06 15:26:37 [main] INFO  com.zaxxer.hikari.HikariDataSource - HikariPool-1 - Starting...
2026-06-06 15:26:38 [main] INFO  com.zaxxer.hikari.pool.HikariPool - HikariPool-1 - Added connection oracle.jdbc.driver.T4CConnection@2ecdf528
2026-06-06 15:26:38 [main] INFO  com.zaxxer.hikari.HikariDataSource - HikariPool-1 - Start completed.
2026-06-06 15:26:39 [main] WARN  org.hibernate.orm.deprecation - HHH90000025: OracleDialect does not need to be specified explicitly using 'hibernate.dialect' (remove the property setting and it will be selected by default)
2026-06-06 15:26:39 [main] INFO  o.hibernate.orm.connections.pooling - HHH10001005: Database info:
	Database JDBC URL [Connecting through datasource 'HikariDataSource (HikariPool-1)']
	Database driver: undefined/unknown
	Database version: 21.3
	Autocommit mode: undefined/unknown
	Isolation level: undefined/unknown
	Minimum pool size: undefined/unknown
	Maximum pool size: undefined/unknown
2026-06-06 15:26:41 [main] INFO  o.h.e.t.j.p.i.JtaPlatformInitiator - HHH000489: No JTA platform available (set 'hibernate.transaction.jta.platform' to enable JTA platform integration)
2026-06-06 15:26:42 [main] INFO  o.s.o.j.LocalContainerEntityManagerFactoryBean - Initialized JPA EntityManagerFactory for persistence unit 'default'
2026-06-06 15:26:43 [main] WARN  o.s.b.a.o.j.JpaBaseConfiguration$JpaWebConfiguration - spring.jpa.open-in-view is enabled by default. Therefore, database queries may be performed during view rendering. Explicitly configure spring.jpa.open-in-view to disable this warning
2026-06-06 15:26:43 [main] INFO  o.s.s.c.a.a.c.InitializeAuthenticationProviderBeanManagerConfigurer$InitializeAuthenticationProviderManagerConfigurer - Global AuthenticationManager configured with AuthenticationProvider bean with name authenticationProvider
2026-06-06 15:26:43 [main] WARN  o.s.s.c.a.a.c.InitializeUserDetailsBeanManagerConfigurer$InitializeUserDetailsManagerConfigurer - Global AuthenticationManager configured with an AuthenticationProvider bean. UserDetailsService beans will not be used by Spring Security for automatically configuring username/password login. Consider removing the AuthenticationProvider bean. Alternatively, consider using the UserDetailsService in a manually instantiated DaoAuthenticationProvider. If the current configuration is intentional, to turn off this warning, increase the logging level of 'org.springframework.security.config.annotation.authentication.configuration.InitializeUserDetailsBeanManagerConfigurer' to ERROR
2026-06-06 15:26:44 [main] INFO  o.s.b.w.e.tomcat.TomcatWebServer - Tomcat started on port 8080 (http) with context path '/'
2026-06-06 15:26:44 [main] INFO  com.fitness.opp.OppApplication - Started OppApplication in 14.46 seconds (process running for 16.01)
2026-06-06 15:26:44 [main] DEBUG org.hibernate.SQL - 
    select
        u1_0.id,
        u1_0.coach_id,
        u1_0.email,
        u1_0.nutrition_plan_id,
        u1_0.password,
        u1_0.role,
        u1_0.username,
        u1_0.workout_group_id 
    from
        users u1_0 
    where
        u1_0.username=?
2026-06-06 15:26:44 [main] DEBUG org.hibernate.SQL - 
    select
        up1_0.id,
        up1_0.age,
        up1_0.fitness_goal,
        up1_0.user_id,
        up1_0.weight_kg 
    from
        user_profiles up1_0 
    where
        up1_0.user_id=?
2026-06-06 15:26:44 [main] DEBUG org.hibernate.SQL - 
    select
        u1_0.id,
        c1_0.id,
        c1_0.name,
        c1_0.specialization,
        u1_0.email,
        np1_0.id,
        np1_0.calories,
        np1_0.description,
        np1_0.name,
        u1_0.password,
        p1_0.id,
        p1_0.age,
        p1_0.fitness_goal,
        p1_0.user_id,
        p1_0.weight_kg,
        u1_0.role,
        u1_0.username,
        wg1_0.id,
        wg1_0.category,
        wg1_0.description,
        wg1_0.name 
    from
        users u1_0 
    left join
        coaches c1_0 
            on c1_0.id=u1_0.coach_id 
    left join
        nutrition_plans np1_0 
            on np1_0.id=u1_0.nutrition_plan_id 
    left join
        user_profiles p1_0 
            on u1_0.id=p1_0.user_id 
    left join
        workout_groups wg1_0 
            on wg1_0.id=u1_0.workout_group_id 
    where
        u1_0.id=?
2026-06-06 15:26:44 [main] DEBUG org.hibernate.SQL - 
    delete 
    from
        users 
    where
        id=?
2026-06-06 15:26:44 [main] DEBUG org.hibernate.SQL - 
    insert 
    into
        users
        (coach_id, email, nutrition_plan_id, password, role, username, workout_group_id, id) 
    values
        (?, ?, ?, ?, ?, ?, ?, default)
2026-06-06 15:27:01 [http-nio-8080-exec-1] INFO  o.a.c.c.C.[Tomcat].[localhost].[/] - Initializing Spring DispatcherServlet 'dispatcherServlet'
2026-06-06 15:27:01 [http-nio-8080-exec-1] INFO  o.s.web.servlet.DispatcherServlet - Initializing Servlet 'dispatcherServlet'
2026-06-06 15:27:01 [http-nio-8080-exec-1] INFO  o.s.web.servlet.DispatcherServlet - Completed initialization in 2 ms
2026-06-06 15:27:01 [http-nio-8080-exec-1] DEBUG org.hibernate.SQL - 
    select
        u1_0.id,
        u1_0.coach_id,
        u1_0.email,
        u1_0.nutrition_plan_id,
        u1_0.password,
        u1_0.role,
        u1_0.username,
        u1_0.workout_group_id 
    from
        users u1_0
2026-06-06 15:27:01 [http-nio-8080-exec-1] DEBUG org.hibernate.SQL - 
    select
        up1_0.id,
        up1_0.age,
        up1_0.fitness_goal,
        up1_0.user_id,
        up1_0.weight_kg 
    from
        user_profiles up1_0 
    where
        up1_0.user_id=?
2026-06-06 15:27:01 [http-nio-8080-exec-1] DEBUG org.hibernate.SQL - 
    select
        up1_0.id,
        up1_0.age,
        up1_0.fitness_goal,
        up1_0.user_id,
        up1_0.weight_kg 
    from
        user_profiles up1_0 
    where
        up1_0.user_id=?
2026-06-06 15:27:01 [http-nio-8080-exec-1] DEBUG org.hibernate.SQL - 
    select
        c1_0.id,
        c1_0.name,
        c1_0.specialization 
    from
        coaches c1_0 
    where
        c1_0.id=?
2026-06-06 15:27:01 [http-nio-8080-exec-1] DEBUG org.hibernate.SQL - 
    select
        up1_0.id,
        up1_0.age,
        up1_0.fitness_goal,
        up1_0.user_id,
        up1_0.weight_kg 
    from
        user_profiles up1_0 
    where
        up1_0.user_id=?
2026-06-06 15:27:01 [http-nio-8080-exec-1] DEBUG org.hibernate.SQL - 
    select
        up1_0.id,
        up1_0.age,
        up1_0.fitness_goal,
        up1_0.user_id,
        up1_0.weight_kg 
    from
        user_profiles up1_0 
    where
        up1_0.user_id=?
2026-06-06 15:27:01 [http-nio-8080-exec-1] DEBUG org.hibernate.SQL - 
    select
        up1_0.id,
        up1_0.age,
        up1_0.fitness_goal,
        up1_0.user_id,
        up1_0.weight_kg 
    from
        user_profiles up1_0 
    where
        up1_0.user_id=?
2026-06-06 15:27:01 [http-nio-8080-exec-1] DEBUG org.hibernate.SQL - 
    select
        up1_0.id,
        up1_0.age,
        up1_0.fitness_goal,
        up1_0.user_id,
        up1_0.weight_kg 
    from
        user_profiles up1_0 
    where
        up1_0.user_id=?
2026-06-06 15:27:01 [http-nio-8080-exec-1] DEBUG org.hibernate.SQL - 
    select
        c1_0.id,
        c1_0.name,
        c1_0.specialization 
    from
        coaches c1_0 
    where
        c1_0.id=?
2026-06-06 15:27:01 [http-nio-8080-exec-1] DEBUG org.hibernate.SQL - 
    select
        up1_0.id,
        up1_0.age,
        up1_0.fitness_goal,
        up1_0.user_id,
        up1_0.weight_kg 
    from
        user_profiles up1_0 
    where
        up1_0.user_id=?
2026-06-06 15:27:01 [http-nio-8080-exec-1] DEBUG org.hibernate.SQL - 
    select
        up1_0.id,
        up1_0.age,
        up1_0.fitness_goal,
        up1_0.user_id,
        up1_0.weight_kg 
    from
        user_profiles up1_0 
    where
        up1_0.user_id=?
2026-06-06 15:27:01 [http-nio-8080-exec-1] DEBUG org.hibernate.SQL - 
    select
        up1_0.id,
        up1_0.age,
        up1_0.fitness_goal,
        up1_0.user_id,
        up1_0.weight_kg 
    from
        user_profiles up1_0 
    where
        up1_0.user_id=?
2026-06-06 15:27:01 [http-nio-8080-exec-1] DEBUG org.hibernate.SQL - 
    select
        c1_0.id,
        c1_0.name,
        c1_0.specialization 
    from
        coaches c1_0 
    where
        c1_0.id=?
2026-06-06 15:27:01 [http-nio-8080-exec-1] DEBUG org.hibernate.SQL - 
    select
        up1_0.id,
        up1_0.age,
        up1_0.fitness_goal,
        up1_0.user_id,
        up1_0.weight_kg 
    from
        user_profiles up1_0 
    where
        up1_0.user_id=?
2026-06-06 15:27:01 [http-nio-8080-exec-1] DEBUG org.hibernate.SQL - 
    select
        up1_0.id,
        up1_0.age,
        up1_0.fitness_goal,
        up1_0.user_id,
        up1_0.weight_kg 
    from
        user_profiles up1_0 
    where
        up1_0.user_id=?
2026-06-06 15:27:01 [http-nio-8080-exec-1] DEBUG org.hibernate.SQL - 
    select
        up1_0.id,
        up1_0.age,
        up1_0.fitness_goal,
        up1_0.user_id,
        up1_0.weight_kg 
    from
        user_profiles up1_0 
    where
        up1_0.user_id=?
2026-06-06 15:27:01 [http-nio-8080-exec-1] DEBUG org.hibernate.SQL - 
    select
        up1_0.id,
        up1_0.age,
        up1_0.fitness_goal,
        up1_0.user_id,
        up1_0.weight_kg 
    from
        user_profiles up1_0 
    where
        up1_0.user_id=?
2026-06-06 15:27:06 [http-nio-8080-exec-5] DEBUG org.hibernate.SQL - 
    select
        u1_0.id,
        u1_0.coach_id,
        u1_0.email,
        u1_0.nutrition_plan_id,
        u1_0.password,
        u1_0.role,
        u1_0.username,
        u1_0.workout_group_id 
    from
        users u1_0
2026-06-06 15:27:06 [http-nio-8080-exec-5] DEBUG org.hibernate.SQL - 
    select
        up1_0.id,
        up1_0.age,
        up1_0.fitness_goal,
        up1_0.user_id,
        up1_0.weight_kg 
    from
        user_profiles up1_0 
    where
        up1_0.user_id=?
2026-06-06 15:27:06 [http-nio-8080-exec-5] DEBUG org.hibernate.SQL - 
    select
        up1_0.id,
        up1_0.age,
        up1_0.fitness_goal,
        up1_0.user_id,
        up1_0.weight_kg 
    from
        user_profiles up1_0 
    where
        up1_0.user_id=?
2026-06-06 15:27:06 [http-nio-8080-exec-5] DEBUG org.hibernate.SQL - 
    select
        c1_0.id,
        c1_0.name,
        c1_0.specialization 
    from
        coaches c1_0 
    where
        c1_0.id=?
2026-06-06 15:27:06 [http-nio-8080-exec-5] DEBUG org.hibernate.SQL - 
    select
        up1_0.id,
        up1_0.age,
        up1_0.fitness_goal,
        up1_0.user_id,
        up1_0.weight_kg 
    from
        user_profiles up1_0 
    where
        up1_0.user_id=?
2026-06-06 15:27:06 [http-nio-8080-exec-5] DEBUG org.hibernate.SQL - 
    select
        up1_0.id,
        up1_0.age,
        up1_0.fitness_goal,
        up1_0.user_id,
        up1_0.weight_kg 
    from
        user_profiles up1_0 
    where
        up1_0.user_id=?
2026-06-06 15:27:06 [http-nio-8080-exec-5] DEBUG org.hibernate.SQL - 
    select
        up1_0.id,
        up1_0.age,
        up1_0.fitness_goal,
        up1_0.user_id,
        up1_0.weight_kg 
    from
        user_profiles up1_0 
    where
        up1_0.user_id=?
2026-06-06 15:27:06 [http-nio-8080-exec-5] DEBUG org.hibernate.SQL - 
    select
        up1_0.id,
        up1_0.age,
        up1_0.fitness_goal,
        up1_0.user_id,
        up1_0.weight_kg 
    from
        user_profiles up1_0 
    where
        up1_0.user_id=?
2026-06-06 15:27:06 [http-nio-8080-exec-5] DEBUG org.hibernate.SQL - 
    select
        c1_0.id,
        c1_0.name,
        c1_0.specialization 
    from
        coaches c1_0 
    where
        c1_0.id=?
2026-06-06 15:27:06 [http-nio-8080-exec-5] DEBUG org.hibernate.SQL - 
    select
        up1_0.id,
        up1_0.age,
        up1_0.fitness_goal,
        up1_0.user_id,
        up1_0.weight_kg 
    from
        user_profiles up1_0 
    where
        up1_0.user_id=?
2026-06-06 15:27:06 [http-nio-8080-exec-5] DEBUG org.hibernate.SQL - 
    select
        up1_0.id,
        up1_0.age,
        up1_0.fitness_goal,
        up1_0.user_id,
        up1_0.weight_kg 
    from
        user_profiles up1_0 
    where
        up1_0.user_id=?
2026-06-06 15:27:06 [http-nio-8080-exec-5] DEBUG org.hibernate.SQL - 
    select
        up1_0.id,
        up1_0.age,
        up1_0.fitness_goal,
        up1_0.user_id,
        up1_0.weight_kg 
    from
        user_profiles up1_0 
    where
        up1_0.user_id=?
2026-06-06 15:27:06 [http-nio-8080-exec-5] DEBUG org.hibernate.SQL - 
    select
        c1_0.id,
        c1_0.name,
        c1_0.specialization 
    from
        coaches c1_0 
    where
        c1_0.id=?
2026-06-06 15:27:06 [http-nio-8080-exec-5] DEBUG org.hibernate.SQL - 
    select
        up1_0.id,
        up1_0.age,
        up1_0.fitness_goal,
        up1_0.user_id,
        up1_0.weight_kg 
    from
        user_profiles up1_0 
    where
        up1_0.user_id=?
2026-06-06 15:27:06 [http-nio-8080-exec-5] DEBUG org.hibernate.SQL - 
    select
        up1_0.id,
        up1_0.age,
        up1_0.fitness_goal,
        up1_0.user_id,
        up1_0.weight_kg 
    from
        user_profiles up1_0 
    where
        up1_0.user_id=?
2026-06-06 15:27:06 [http-nio-8080-exec-5] DEBUG org.hibernate.SQL - 
    select
        up1_0.id,
        up1_0.age,
        up1_0.fitness_goal,
        up1_0.user_id,
        up1_0.weight_kg 
    from
        user_profiles up1_0 
    where
        up1_0.user_id=?
2026-06-06 15:27:06 [http-nio-8080-exec-5] DEBUG org.hibernate.SQL - 
    select
        up1_0.id,
        up1_0.age,
        up1_0.fitness_goal,
        up1_0.user_id,
        up1_0.weight_kg 
    from
        user_profiles up1_0 
    where
        up1_0.user_id=?
2026-06-06 15:27:06 [http-nio-8080-exec-6] DEBUG org.hibernate.SQL - 
    select
        u1_0.id,
        u1_0.coach_id,
        u1_0.email,
        u1_0.nutrition_plan_id,
        u1_0.password,
        u1_0.role,
        u1_0.username,
        u1_0.workout_group_id 
    from
        users u1_0 
    order by
        u1_0.username 
    offset
        ? rows 
    fetch
        first ? rows only
2026-06-06 15:27:06 [http-nio-8080-exec-6] DEBUG org.hibernate.SQL - 
    select
        up1_0.id,
        up1_0.age,
        up1_0.fitness_goal,
        up1_0.user_id,
        up1_0.weight_kg 
    from
        user_profiles up1_0 
    where
        up1_0.user_id=?
2026-06-06 15:27:06 [http-nio-8080-exec-6] DEBUG org.hibernate.SQL - 
    select
        up1_0.id,
        up1_0.age,
        up1_0.fitness_goal,
        up1_0.user_id,
        up1_0.weight_kg 
    from
        user_profiles up1_0 
    where
        up1_0.user_id=?
2026-06-06 15:27:06 [http-nio-8080-exec-6] DEBUG org.hibernate.SQL - 
    select
        up1_0.id,
        up1_0.age,
        up1_0.fitness_goal,
        up1_0.user_id,
        up1_0.weight_kg 
    from
        user_profiles up1_0 
    where
        up1_0.user_id=?
2026-06-06 15:27:06 [http-nio-8080-exec-6] DEBUG org.hibernate.SQL - 
    select
        c1_0.id,
        c1_0.name,
        c1_0.specialization 
    from
        coaches c1_0 
    where
        c1_0.id=?
2026-06-06 15:27:06 [http-nio-8080-exec-6] DEBUG org.hibernate.SQL - 
    select
        up1_0.id,
        up1_0.age,
        up1_0.fitness_goal,
        up1_0.user_id,
        up1_0.weight_kg 
    from
        user_profiles up1_0 
    where
        up1_0.user_id=?
2026-06-06 15:27:06 [http-nio-8080-exec-6] DEBUG org.hibernate.SQL - 
    select
        c1_0.id,
        c1_0.name,
        c1_0.specialization 
    from
        coaches c1_0 
    where
        c1_0.id=?
2026-06-06 15:27:06 [http-nio-8080-exec-6] DEBUG org.hibernate.SQL - 
    select
        up1_0.id,
        up1_0.age,
        up1_0.fitness_goal,
        up1_0.user_id,
        up1_0.weight_kg 
    from
        user_profiles up1_0 
    where
        up1_0.user_id=?
2026-06-06 15:27:06 [http-nio-8080-exec-6] DEBUG org.hibernate.SQL - 
    select
        count(u1_0.id) 
    from
        users u1_0
2026-06-06 15:27:06 [http-nio-8080-exec-6] DEBUG org.hibernate.SQL - 
    select
        c1_0.id,
        c1_0.name,
        c1_0.specialization 
    from
        coaches c1_0
2026-06-06 15:27:08 [http-nio-8080-exec-8] DEBUG org.hibernate.SQL - 
    select
        up1_0.id,
        up1_0.age,
        up1_0.fitness_goal,
        up1_0.user_id,
        up1_0.weight_kg 
    from
        user_profiles up1_0 
    order by
        up1_0.id 
    offset
        ? rows 
    fetch
        first ? rows only
2026-06-06 15:27:08 [http-nio-8080-exec-8] DEBUG org.hibernate.SQL - 
    select
        u1_0.id,
        c1_0.id,
        c1_0.name,
        c1_0.specialization,
        u1_0.email,
        np1_0.id,
        np1_0.calories,
        np1_0.description,
        np1_0.name,
        u1_0.password,
        p1_0.id,
        p1_0.age,
        p1_0.fitness_goal,
        p1_0.user_id,
        p1_0.weight_kg,
        u1_0.role,
        u1_0.username,
        wg1_0.id,
        wg1_0.category,
        wg1_0.description,
        wg1_0.name 
    from
        users u1_0 
    left join
        coaches c1_0 
            on c1_0.id=u1_0.coach_id 
    left join
        nutrition_plans np1_0 
            on np1_0.id=u1_0.nutrition_plan_id 
    left join
        user_profiles p1_0 
            on u1_0.id=p1_0.user_id 
    left join
        workout_groups wg1_0 
            on wg1_0.id=u1_0.workout_group_id 
    where
        u1_0.id=?
2026-06-06 15:27:09 [http-nio-8080-exec-10] DEBUG org.hibernate.SQL - 
    select
        c1_0.id,
        c1_0.name,
        c1_0.specialization 
    from
        coaches c1_0 
    order by
        c1_0.name 
    offset
        ? rows 
    fetch
        first ? rows only
2026-06-06 15:27:09 [http-nio-8080-exec-10] DEBUG org.hibernate.SQL - 
    select
        count(c1_0.id) 
    from
        coaches c1_0
2026-06-06 15:27:10 [http-nio-8080-exec-1] DEBUG org.hibernate.SQL - 
    select
        wg1_0.id,
        wg1_0.category,
        wg1_0.description,
        wg1_0.name 
    from
        workout_groups wg1_0 
    order by
        wg1_0.name 
    offset
        ? rows 
    fetch
        first ? rows only
2026-06-06 15:27:10 [http-nio-8080-exec-2] DEBUG org.hibernate.SQL - 
    select
        e1_0.id,
        e1_0.description,
        e1_0.duration,
        e1_0.muscle_group,
        e1_0.name,
        e1_0.reps,
        e1_0.sets 
    from
        exercises e1_0
2026-06-06 15:27:11 [http-nio-8080-exec-3] DEBUG org.hibernate.SQL - 
    select
        e1_0.id,
        e1_0.description,
        e1_0.duration,
        e1_0.muscle_group,
        e1_0.name,
        e1_0.reps,
        e1_0.sets 
    from
        exercises e1_0
2026-06-06 15:27:11 [http-nio-8080-exec-4] DEBUG org.hibernate.SQL - 
    select
        np1_0.id,
        np1_0.calories,
        np1_0.description,
        np1_0.name 
    from
        nutrition_plans np1_0 
    order by
        np1_0.name 
    offset
        ? rows 
    fetch
        first ? rows only
2026-06-06 15:27:19 [http-nio-8080-exec-5] DEBUG org.hibernate.SQL - 
    select
        u1_0.id,
        u1_0.coach_id,
        u1_0.email,
        u1_0.nutrition_plan_id,
        u1_0.password,
        u1_0.role,
        u1_0.username,
        u1_0.workout_group_id 
    from
        users u1_0 
    order by
        u1_0.username 
    offset
        ? rows 
    fetch
        first ? rows only
2026-06-06 15:27:19 [http-nio-8080-exec-5] DEBUG org.hibernate.SQL - 
    select
        up1_0.id,
        up1_0.age,
        up1_0.fitness_goal,
        up1_0.user_id,
        up1_0.weight_kg 
    from
        user_profiles up1_0 
    where
        up1_0.user_id=?
2026-06-06 15:27:19 [http-nio-8080-exec-5] DEBUG org.hibernate.SQL - 
    select
        up1_0.id,
        up1_0.age,
        up1_0.fitness_goal,
        up1_0.user_id,
        up1_0.weight_kg 
    from
        user_profiles up1_0 
    where
        up1_0.user_id=?
2026-06-06 15:27:19 [http-nio-8080-exec-5] DEBUG org.hibernate.SQL - 
    select
        up1_0.id,
        up1_0.age,
        up1_0.fitness_goal,
        up1_0.user_id,
        up1_0.weight_kg 
    from
        user_profiles up1_0 
    where
        up1_0.user_id=?
2026-06-06 15:27:19 [http-nio-8080-exec-5] DEBUG org.hibernate.SQL - 
    select
        c1_0.id,
        c1_0.name,
        c1_0.specialization 
    from
        coaches c1_0 
    where
        c1_0.id=?
2026-06-06 15:27:19 [http-nio-8080-exec-5] DEBUG org.hibernate.SQL - 
    select
        up1_0.id,
        up1_0.age,
        up1_0.fitness_goal,
        up1_0.user_id,
        up1_0.weight_kg 
    from
        user_profiles up1_0 
    where
        up1_0.user_id=?
2026-06-06 15:27:19 [http-nio-8080-exec-5] DEBUG org.hibernate.SQL - 
    select
        c1_0.id,
        c1_0.name,
        c1_0.specialization 
    from
        coaches c1_0 
    where
        c1_0.id=?
2026-06-06 15:27:19 [http-nio-8080-exec-5] DEBUG org.hibernate.SQL - 
    select
        up1_0.id,
        up1_0.age,
        up1_0.fitness_goal,
        up1_0.user_id,
        up1_0.weight_kg 
    from
        user_profiles up1_0 
    where
        up1_0.user_id=?
2026-06-06 15:27:19 [http-nio-8080-exec-5] DEBUG org.hibernate.SQL - 
    select
        count(u1_0.id) 
    from
        users u1_0
2026-06-06 15:27:19 [http-nio-8080-exec-5] DEBUG org.hibernate.SQL - 
    select
        c1_0.id,
        c1_0.name,
        c1_0.specialization 
    from
        coaches c1_0
2026-06-06 15:55:13 [SpringApplicationShutdownHook] INFO  o.s.b.w.e.tomcat.GracefulShutdown - Commencing graceful shutdown. Waiting for active requests to complete
2026-06-06 15:55:13 [tomcat-shutdown] INFO  o.s.b.w.e.tomcat.GracefulShutdown - Graceful shutdown complete
2026-06-06 15:55:13 [SpringApplicationShutdownHook] INFO  o.s.o.j.LocalContainerEntityManagerFactoryBean - Closing JPA EntityManagerFactory for persistence unit 'default'
2026-06-06 15:55:13 [SpringApplicationShutdownHook] INFO  com.zaxxer.hikari.HikariDataSource - HikariPool-1 - Shutdown initiated...
2026-06-06 15:55:13 [SpringApplicationShutdownHook] INFO  com.zaxxer.hikari.HikariDataSource - HikariPool-1 - Shutdown completed.
2026-06-06 15:55:19 [main] INFO  com.fitness.opp.OppApplication - Starting OppApplication using Java 21.0.10 with PID 10992 (C:\Users\Dunduc George\Desktop\fitness\opp\target\classes started by Dunduc George in C:\Users\Dunduc George\Desktop\fitness)
2026-06-06 15:55:19 [main] DEBUG com.fitness.opp.OppApplication - Running with Spring Boot v3.4.1, Spring v6.2.1
2026-06-06 15:55:19 [main] INFO  com.fitness.opp.OppApplication - The following 1 profile is active: "dev"
2026-06-06 15:55:20 [main] INFO  o.s.d.r.c.RepositoryConfigurationDelegate - Bootstrapping Spring Data JPA repositories in DEFAULT mode.
2026-06-06 15:55:20 [main] INFO  o.s.d.r.c.RepositoryConfigurationDelegate - Finished Spring Data repository scanning in 119 ms. Found 6 JPA repository interfaces.
2026-06-06 15:55:21 [main] INFO  o.s.b.w.e.tomcat.TomcatWebServer - Tomcat initialized with port 8080 (http)
2026-06-06 15:55:21 [main] INFO  o.a.catalina.core.StandardService - Starting service [Tomcat]
2026-06-06 15:55:21 [main] INFO  o.a.catalina.core.StandardEngine - Starting Servlet engine: [Apache Tomcat/10.1.34]
2026-06-06 15:55:21 [main] INFO  o.a.c.c.C.[Tomcat].[localhost].[/] - Initializing Spring embedded WebApplicationContext
2026-06-06 15:55:21 [main] INFO  o.s.b.w.s.c.ServletWebServerApplicationContext - Root WebApplicationContext: initialization completed in 1971 ms
2026-06-06 15:55:21 [main] INFO  o.h.jpa.internal.util.LogHelper - HHH000204: Processing PersistenceUnitInfo [name: default]
2026-06-06 15:55:22 [main] INFO  org.hibernate.Version - HHH000412: Hibernate ORM core version 6.6.4.Final
2026-06-06 15:55:22 [main] INFO  o.h.c.i.RegionFactoryInitiator - HHH000026: Second-level cache disabled
2026-06-06 15:55:22 [main] INFO  o.s.o.j.p.SpringPersistenceUnitInfo - No LoadTimeWeaver setup: ignoring JPA class transformer
2026-06-06 15:55:22 [main] INFO  com.zaxxer.hikari.HikariDataSource - HikariPool-1 - Starting...
2026-06-06 15:55:23 [main] INFO  com.zaxxer.hikari.pool.HikariPool - HikariPool-1 - Added connection oracle.jdbc.driver.T4CConnection@349f3ff7
2026-06-06 15:55:23 [main] INFO  com.zaxxer.hikari.HikariDataSource - HikariPool-1 - Start completed.
2026-06-06 15:55:23 [main] WARN  org.hibernate.orm.deprecation - HHH90000025: OracleDialect does not need to be specified explicitly using 'hibernate.dialect' (remove the property setting and it will be selected by default)
2026-06-06 15:55:23 [main] INFO  o.hibernate.orm.connections.pooling - HHH10001005: Database info:
	Database JDBC URL [Connecting through datasource 'HikariDataSource (HikariPool-1)']
	Database driver: undefined/unknown
	Database version: 21.3
	Autocommit mode: undefined/unknown
	Isolation level: undefined/unknown
	Minimum pool size: undefined/unknown
	Maximum pool size: undefined/unknown
2026-06-06 15:55:25 [main] INFO  o.h.e.t.j.p.i.JtaPlatformInitiator - HHH000489: No JTA platform available (set 'hibernate.transaction.jta.platform' to enable JTA platform integration)
2026-06-06 15:55:25 [main] INFO  o.s.o.j.LocalContainerEntityManagerFactoryBean - Initialized JPA EntityManagerFactory for persistence unit 'default'
2026-06-06 15:55:26 [main] WARN  o.s.b.a.o.j.JpaBaseConfiguration$JpaWebConfiguration - spring.jpa.open-in-view is enabled by default. Therefore, database queries may be performed during view rendering. Explicitly configure spring.jpa.open-in-view to disable this warning
2026-06-06 15:55:26 [main] INFO  o.s.s.c.a.a.c.InitializeAuthenticationProviderBeanManagerConfigurer$InitializeAuthenticationProviderManagerConfigurer - Global AuthenticationManager configured with AuthenticationProvider bean with name authenticationProvider
2026-06-06 15:55:26 [main] WARN  o.s.s.c.a.a.c.InitializeUserDetailsBeanManagerConfigurer$InitializeUserDetailsManagerConfigurer - Global AuthenticationManager configured with an AuthenticationProvider bean. UserDetailsService beans will not be used by Spring Security for automatically configuring username/password login. Consider removing the AuthenticationProvider bean. Alternatively, consider using the UserDetailsService in a manually instantiated DaoAuthenticationProvider. If the current configuration is intentional, to turn off this warning, increase the logging level of 'org.springframework.security.config.annotation.authentication.configuration.InitializeUserDetailsBeanManagerConfigurer' to ERROR
2026-06-06 15:55:26 [main] INFO  o.s.b.w.e.tomcat.TomcatWebServer - Tomcat started on port 8080 (http) with context path '/'
2026-06-06 15:55:26 [main] INFO  com.fitness.opp.OppApplication - Started OppApplication in 7.839 seconds (process running for 8.382)
2026-06-06 15:55:26 [main] DEBUG org.hibernate.SQL - 
    select
        u1_0.id,
        u1_0.coach_id,
        u1_0.email,
        u1_0.nutrition_plan_id,
        u1_0.password,
        u1_0.role,
        u1_0.username,
        u1_0.workout_group_id 
    from
        users u1_0 
    where
        u1_0.username=?
2026-06-06 15:55:27 [main] DEBUG org.hibernate.SQL - 
    select
        up1_0.id,
        up1_0.age,
        up1_0.fitness_goal,
        up1_0.user_id,
        up1_0.weight_kg 
    from
        user_profiles up1_0 
    where
        up1_0.user_id=?
2026-06-06 15:55:27 [main] DEBUG org.hibernate.SQL - 
    select
        u1_0.id,
        c1_0.id,
        c1_0.name,
        c1_0.specialization,
        u1_0.email,
        np1_0.id,
        np1_0.calories,
        np1_0.description,
        np1_0.name,
        u1_0.password,
        p1_0.id,
        p1_0.age,
        p1_0.fitness_goal,
        p1_0.user_id,
        p1_0.weight_kg,
        u1_0.role,
        u1_0.username,
        wg1_0.id,
        wg1_0.category,
        wg1_0.description,
        wg1_0.name 
    from
        users u1_0 
    left join
        coaches c1_0 
            on c1_0.id=u1_0.coach_id 
    left join
        nutrition_plans np1_0 
            on np1_0.id=u1_0.nutrition_plan_id 
    left join
        user_profiles p1_0 
            on u1_0.id=p1_0.user_id 
    left join
        workout_groups wg1_0 
            on wg1_0.id=u1_0.workout_group_id 
    where
        u1_0.id=?
2026-06-06 15:55:27 [main] DEBUG org.hibernate.SQL - 
    delete 
    from
        users 
    where
        id=?
2026-06-06 15:55:27 [main] DEBUG org.hibernate.SQL - 
    insert 
    into
        users
        (coach_id, email, nutrition_plan_id, password, role, username, workout_group_id, id) 
    values
        (?, ?, ?, ?, ?, ?, ?, default)
2026-06-06 16:11:40 [SpringApplicationShutdownHook] INFO  o.s.b.w.e.tomcat.GracefulShutdown - Commencing graceful shutdown. Waiting for active requests to complete
2026-06-06 16:11:40 [tomcat-shutdown] INFO  o.s.b.w.e.tomcat.GracefulShutdown - Graceful shutdown complete
2026-06-06 16:11:40 [SpringApplicationShutdownHook] INFO  o.s.o.j.LocalContainerEntityManagerFactoryBean - Closing JPA EntityManagerFactory for persistence unit 'default'
2026-06-06 16:11:40 [SpringApplicationShutdownHook] INFO  com.zaxxer.hikari.HikariDataSource - HikariPool-1 - Shutdown initiated...
2026-06-06 16:11:40 [SpringApplicationShutdownHook] INFO  com.zaxxer.hikari.HikariDataSource - HikariPool-1 - Shutdown completed.
2026-06-06 16:15:00 [main] INFO  com.fitness.opp.OppApplication - Starting OppApplication using Java 21.0.10 with PID 5532 (C:\Users\Dunduc George\Desktop\fitness\opp\target\classes started by Dunduc George in C:\Users\Dunduc George\Desktop\fitness)
2026-06-06 16:15:00 [main] DEBUG com.fitness.opp.OppApplication - Running with Spring Boot v3.4.1, Spring v6.2.1
2026-06-06 16:15:00 [main] INFO  com.fitness.opp.OppApplication - The following 1 profile is active: "dev"
2026-06-06 16:15:01 [main] INFO  o.s.d.r.c.RepositoryConfigurationDelegate - Bootstrapping Spring Data JPA repositories in DEFAULT mode.
2026-06-06 16:15:01 [main] INFO  o.s.d.r.c.RepositoryConfigurationDelegate - Finished Spring Data repository scanning in 93 ms. Found 6 JPA repository interfaces.
2026-06-06 16:15:02 [main] INFO  o.s.b.w.e.tomcat.TomcatWebServer - Tomcat initialized with port 8080 (http)
2026-06-06 16:15:02 [main] INFO  o.a.catalina.core.StandardService - Starting service [Tomcat]
2026-06-06 16:15:02 [main] INFO  o.a.catalina.core.StandardEngine - Starting Servlet engine: [Apache Tomcat/10.1.34]
2026-06-06 16:15:02 [main] INFO  o.a.c.c.C.[Tomcat].[localhost].[/] - Initializing Spring embedded WebApplicationContext
2026-06-06 16:15:02 [main] INFO  o.s.b.w.s.c.ServletWebServerApplicationContext - Root WebApplicationContext: initialization completed in 1688 ms
2026-06-06 16:15:02 [main] INFO  o.h.jpa.internal.util.LogHelper - HHH000204: Processing PersistenceUnitInfo [name: default]
2026-06-06 16:15:02 [main] INFO  org.hibernate.Version - HHH000412: Hibernate ORM core version 6.6.4.Final
2026-06-06 16:15:02 [main] INFO  o.h.c.i.RegionFactoryInitiator - HHH000026: Second-level cache disabled
2026-06-06 16:15:03 [main] INFO  o.s.o.j.p.SpringPersistenceUnitInfo - No LoadTimeWeaver setup: ignoring JPA class transformer
2026-06-06 16:15:03 [main] INFO  com.zaxxer.hikari.HikariDataSource - HikariPool-1 - Starting...
2026-06-06 16:15:03 [main] INFO  com.zaxxer.hikari.pool.HikariPool - HikariPool-1 - Added connection oracle.jdbc.driver.T4CConnection@61ad30f6
2026-06-06 16:15:03 [main] INFO  com.zaxxer.hikari.HikariDataSource - HikariPool-1 - Start completed.
2026-06-06 16:15:03 [main] WARN  org.hibernate.orm.deprecation - HHH90000025: OracleDialect does not need to be specified explicitly using 'hibernate.dialect' (remove the property setting and it will be selected by default)
2026-06-06 16:15:03 [main] INFO  o.hibernate.orm.connections.pooling - HHH10001005: Database info:
	Database JDBC URL [Connecting through datasource 'HikariDataSource (HikariPool-1)']
	Database driver: undefined/unknown
	Database version: 21.3
	Autocommit mode: undefined/unknown
	Isolation level: undefined/unknown
	Minimum pool size: undefined/unknown
	Maximum pool size: undefined/unknown
2026-06-06 16:15:05 [main] INFO  o.h.e.t.j.p.i.JtaPlatformInitiator - HHH000489: No JTA platform available (set 'hibernate.transaction.jta.platform' to enable JTA platform integration)
2026-06-06 16:15:05 [main] INFO  o.s.o.j.LocalContainerEntityManagerFactoryBean - Initialized JPA EntityManagerFactory for persistence unit 'default'
2026-06-06 16:15:06 [main] WARN  o.s.b.a.o.j.JpaBaseConfiguration$JpaWebConfiguration - spring.jpa.open-in-view is enabled by default. Therefore, database queries may be performed during view rendering. Explicitly configure spring.jpa.open-in-view to disable this warning
2026-06-06 16:15:06 [main] INFO  o.s.s.c.a.a.c.InitializeAuthenticationProviderBeanManagerConfigurer$InitializeAuthenticationProviderManagerConfigurer - Global AuthenticationManager configured with AuthenticationProvider bean with name authenticationProvider
2026-06-06 16:15:06 [main] WARN  o.s.s.c.a.a.c.InitializeUserDetailsBeanManagerConfigurer$InitializeUserDetailsManagerConfigurer - Global AuthenticationManager configured with an AuthenticationProvider bean. UserDetailsService beans will not be used by Spring Security for automatically configuring username/password login. Consider removing the AuthenticationProvider bean. Alternatively, consider using the UserDetailsService in a manually instantiated DaoAuthenticationProvider. If the current configuration is intentional, to turn off this warning, increase the logging level of 'org.springframework.security.config.annotation.authentication.configuration.InitializeUserDetailsBeanManagerConfigurer' to ERROR
2026-06-06 16:15:06 [main] INFO  o.s.b.w.e.tomcat.TomcatWebServer - Tomcat started on port 8080 (http) with context path '/'
2026-06-06 16:15:06 [main] INFO  com.fitness.opp.OppApplication - Started OppApplication in 7.191 seconds (process running for 7.694)
2026-06-06 16:15:07 [main] DEBUG org.hibernate.SQL - 
    select
        u1_0.id,
        u1_0.coach_id,
        u1_0.email,
        u1_0.nutrition_plan_id,
        u1_0.password,
        u1_0.role,
        u1_0.username,
        u1_0.workout_group_id 
    from
        users u1_0 
    where
        u1_0.username=?
2026-06-06 16:15:07 [main] DEBUG org.hibernate.SQL - 
    select
        up1_0.id,
        up1_0.age,
        up1_0.fitness_goal,
        up1_0.user_id,
        up1_0.weight_kg 
    from
        user_profiles up1_0 
    where
        up1_0.user_id=?
2026-06-06 16:15:07 [main] DEBUG org.hibernate.SQL - 
    select
        u1_0.id,
        c1_0.id,
        c1_0.name,
        c1_0.specialization,
        u1_0.email,
        np1_0.id,
        np1_0.calories,
        np1_0.description,
        np1_0.name,
        u1_0.password,
        p1_0.id,
        p1_0.age,
        p1_0.fitness_goal,
        p1_0.user_id,
        p1_0.weight_kg,
        u1_0.role,
        u1_0.username,
        wg1_0.id,
        wg1_0.category,
        wg1_0.description,
        wg1_0.name 
    from
        users u1_0 
    left join
        coaches c1_0 
            on c1_0.id=u1_0.coach_id 
    left join
        nutrition_plans np1_0 
            on np1_0.id=u1_0.nutrition_plan_id 
    left join
        user_profiles p1_0 
            on u1_0.id=p1_0.user_id 
    left join
        workout_groups wg1_0 
            on wg1_0.id=u1_0.workout_group_id 
    where
        u1_0.id=?
2026-06-06 16:15:07 [main] DEBUG org.hibernate.SQL - 
    delete 
    from
        users 
    where
        id=?
2026-06-06 16:15:07 [main] DEBUG org.hibernate.SQL - 
    insert 
    into
        users
        (coach_id, email, nutrition_plan_id, password, role, username, workout_group_id, id) 
    values
        (?, ?, ?, ?, ?, ?, ?, default)
2026-06-06 16:15:38 [http-nio-8080-exec-1] INFO  o.a.c.c.C.[Tomcat].[localhost].[/] - Initializing Spring DispatcherServlet 'dispatcherServlet'
2026-06-06 16:15:38 [http-nio-8080-exec-1] INFO  o.s.web.servlet.DispatcherServlet - Initializing Servlet 'dispatcherServlet'
2026-06-06 16:15:38 [http-nio-8080-exec-1] INFO  o.s.web.servlet.DispatcherServlet - Completed initialization in 1 ms
2026-06-06 16:17:14 [http-nio-8080-exec-5] DEBUG org.hibernate.SQL - 
    select
        u1_0.id,
        u1_0.coach_id,
        u1_0.email,
        u1_0.nutrition_plan_id,
        u1_0.password,
        u1_0.role,
        u1_0.username,
        u1_0.workout_group_id 
    from
        users u1_0
2026-06-06 16:17:14 [http-nio-8080-exec-5] DEBUG org.hibernate.SQL - 
    select
        up1_0.id,
        up1_0.age,
        up1_0.fitness_goal,
        up1_0.user_id,
        up1_0.weight_kg 
    from
        user_profiles up1_0 
    where
        up1_0.user_id=?
2026-06-06 16:17:14 [http-nio-8080-exec-5] DEBUG org.hibernate.SQL - 
    select
        up1_0.id,
        up1_0.age,
        up1_0.fitness_goal,
        up1_0.user_id,
        up1_0.weight_kg 
    from
        user_profiles up1_0 
    where
        up1_0.user_id=?
2026-06-06 16:17:14 [http-nio-8080-exec-5] DEBUG org.hibernate.SQL - 
    select
        c1_0.id,
        c1_0.name,
        c1_0.specialization 
    from
        coaches c1_0 
    where
        c1_0.id=?
2026-06-06 16:17:14 [http-nio-8080-exec-5] DEBUG org.hibernate.SQL - 
    select
        up1_0.id,
        up1_0.age,
        up1_0.fitness_goal,
        up1_0.user_id,
        up1_0.weight_kg 
    from
        user_profiles up1_0 
    where
        up1_0.user_id=?
2026-06-06 16:17:14 [http-nio-8080-exec-5] DEBUG org.hibernate.SQL - 
    select
        up1_0.id,
        up1_0.age,
        up1_0.fitness_goal,
        up1_0.user_id,
        up1_0.weight_kg 
    from
        user_profiles up1_0 
    where
        up1_0.user_id=?
2026-06-06 16:17:14 [http-nio-8080-exec-5] DEBUG org.hibernate.SQL - 
    select
        up1_0.id,
        up1_0.age,
        up1_0.fitness_goal,
        up1_0.user_id,
        up1_0.weight_kg 
    from
        user_profiles up1_0 
    where
        up1_0.user_id=?
2026-06-06 16:17:14 [http-nio-8080-exec-5] DEBUG org.hibernate.SQL - 
    select
        up1_0.id,
        up1_0.age,
        up1_0.fitness_goal,
        up1_0.user_id,
        up1_0.weight_kg 
    from
        user_profiles up1_0 
    where
        up1_0.user_id=?
2026-06-06 16:17:14 [http-nio-8080-exec-5] DEBUG org.hibernate.SQL - 
    select
        c1_0.id,
        c1_0.name,
        c1_0.specialization 
    from
        coaches c1_0 
    where
        c1_0.id=?
2026-06-06 16:17:14 [http-nio-8080-exec-5] DEBUG org.hibernate.SQL - 
    select
        up1_0.id,
        up1_0.age,
        up1_0.fitness_goal,
        up1_0.user_id,
        up1_0.weight_kg 
    from
        user_profiles up1_0 
    where
        up1_0.user_id=?
2026-06-06 16:17:14 [http-nio-8080-exec-5] DEBUG org.hibernate.SQL - 
    select
        up1_0.id,
        up1_0.age,
        up1_0.fitness_goal,
        up1_0.user_id,
        up1_0.weight_kg 
    from
        user_profiles up1_0 
    where
        up1_0.user_id=?
2026-06-06 16:17:14 [http-nio-8080-exec-5] DEBUG org.hibernate.SQL - 
    select
        up1_0.id,
        up1_0.age,
        up1_0.fitness_goal,
        up1_0.user_id,
        up1_0.weight_kg 
    from
        user_profiles up1_0 
    where
        up1_0.user_id=?
2026-06-06 16:17:14 [http-nio-8080-exec-5] DEBUG org.hibernate.SQL - 
    select
        c1_0.id,
        c1_0.name,
        c1_0.specialization 
    from
        coaches c1_0 
    where
        c1_0.id=?
2026-06-06 16:17:14 [http-nio-8080-exec-5] DEBUG org.hibernate.SQL - 
    select
        up1_0.id,
        up1_0.age,
        up1_0.fitness_goal,
        up1_0.user_id,
        up1_0.weight_kg 
    from
        user_profiles up1_0 
    where
        up1_0.user_id=?
2026-06-06 16:17:14 [http-nio-8080-exec-5] DEBUG org.hibernate.SQL - 
    select
        up1_0.id,
        up1_0.age,
        up1_0.fitness_goal,
        up1_0.user_id,
        up1_0.weight_kg 
    from
        user_profiles up1_0 
    where
        up1_0.user_id=?
2026-06-06 16:17:14 [http-nio-8080-exec-5] DEBUG org.hibernate.SQL - 
    select
        up1_0.id,
        up1_0.age,
        up1_0.fitness_goal,
        up1_0.user_id,
        up1_0.weight_kg 
    from
        user_profiles up1_0 
    where
        up1_0.user_id=?
2026-06-06 16:17:14 [http-nio-8080-exec-5] DEBUG org.hibernate.SQL - 
    select
        up1_0.id,
        up1_0.age,
        up1_0.fitness_goal,
        up1_0.user_id,
        up1_0.weight_kg 
    from
        user_profiles up1_0 
    where
        up1_0.user_id=?
2026-06-06 16:17:14 [http-nio-8080-exec-5] DEBUG org.hibernate.SQL - 
    select
        u1_0.id,
        u1_0.coach_id,
        u1_0.email,
        u1_0.nutrition_plan_id,
        u1_0.password,
        u1_0.role,
        u1_0.username,
        u1_0.workout_group_id 
    from
        users u1_0
2026-06-06 16:17:14 [http-nio-8080-exec-5] DEBUG org.hibernate.SQL - 
    select
        up1_0.id,
        up1_0.age,
        up1_0.fitness_goal,
        up1_0.user_id,
        up1_0.weight_kg 
    from
        user_profiles up1_0 
    where
        up1_0.user_id=?
2026-06-06 16:17:14 [http-nio-8080-exec-5] DEBUG org.hibernate.SQL - 
    select
        up1_0.id,
        up1_0.age,
        up1_0.fitness_goal,
        up1_0.user_id,
        up1_0.weight_kg 
    from
        user_profiles up1_0 
    where
        up1_0.user_id=?
2026-06-06 16:17:14 [http-nio-8080-exec-5] DEBUG org.hibernate.SQL - 
    select
        c1_0.id,
        c1_0.name,
        c1_0.specialization 
    from
        coaches c1_0 
    where
        c1_0.id=?
2026-06-06 16:17:14 [http-nio-8080-exec-5] DEBUG org.hibernate.SQL - 
    select
        up1_0.id,
        up1_0.age,
        up1_0.fitness_goal,
        up1_0.user_id,
        up1_0.weight_kg 
    from
        user_profiles up1_0 
    where
        up1_0.user_id=?
2026-06-06 16:17:14 [http-nio-8080-exec-5] DEBUG org.hibernate.SQL - 
    select
        up1_0.id,
        up1_0.age,
        up1_0.fitness_goal,
        up1_0.user_id,
        up1_0.weight_kg 
    from
        user_profiles up1_0 
    where
        up1_0.user_id=?
2026-06-06 16:17:14 [http-nio-8080-exec-5] DEBUG org.hibernate.SQL - 
    select
        up1_0.id,
        up1_0.age,
        up1_0.fitness_goal,
        up1_0.user_id,
        up1_0.weight_kg 
    from
        user_profiles up1_0 
    where
        up1_0.user_id=?
2026-06-06 16:17:14 [http-nio-8080-exec-5] DEBUG org.hibernate.SQL - 
    select
        up1_0.id,
        up1_0.age,
        up1_0.fitness_goal,
        up1_0.user_id,
        up1_0.weight_kg 
    from
        user_profiles up1_0 
    where
        up1_0.user_id=?
2026-06-06 16:17:14 [http-nio-8080-exec-5] DEBUG org.hibernate.SQL - 
    select
        c1_0.id,
        c1_0.name,
        c1_0.specialization 
    from
        coaches c1_0 
    where
        c1_0.id=?
2026-06-06 16:17:14 [http-nio-8080-exec-5] DEBUG org.hibernate.SQL - 
    select
        up1_0.id,
        up1_0.age,
        up1_0.fitness_goal,
        up1_0.user_id,
        up1_0.weight_kg 
    from
        user_profiles up1_0 
    where
        up1_0.user_id=?
2026-06-06 16:17:14 [http-nio-8080-exec-5] DEBUG org.hibernate.SQL - 
    select
        up1_0.id,
        up1_0.age,
        up1_0.fitness_goal,
        up1_0.user_id,
        up1_0.weight_kg 
    from
        user_profiles up1_0 
    where
        up1_0.user_id=?
2026-06-06 16:17:14 [http-nio-8080-exec-5] DEBUG org.hibernate.SQL - 
    select
        up1_0.id,
        up1_0.age,
        up1_0.fitness_goal,
        up1_0.user_id,
        up1_0.weight_kg 
    from
        user_profiles up1_0 
    where
        up1_0.user_id=?
2026-06-06 16:17:14 [http-nio-8080-exec-5] DEBUG org.hibernate.SQL - 
    select
        c1_0.id,
        c1_0.name,
        c1_0.specialization 
    from
        coaches c1_0 
    where
        c1_0.id=?
2026-06-06 16:17:14 [http-nio-8080-exec-5] DEBUG org.hibernate.SQL - 
    select
        up1_0.id,
        up1_0.age,
        up1_0.fitness_goal,
        up1_0.user_id,
        up1_0.weight_kg 
    from
        user_profiles up1_0 
    where
        up1_0.user_id=?
2026-06-06 16:17:14 [http-nio-8080-exec-5] DEBUG org.hibernate.SQL - 
    select
        up1_0.id,
        up1_0.age,
        up1_0.fitness_goal,
        up1_0.user_id,
        up1_0.weight_kg 
    from
        user_profiles up1_0 
    where
        up1_0.user_id=?
2026-06-06 16:17:14 [http-nio-8080-exec-5] DEBUG org.hibernate.SQL - 
    select
        up1_0.id,
        up1_0.age,
        up1_0.fitness_goal,
        up1_0.user_id,
        up1_0.weight_kg 
    from
        user_profiles up1_0 
    where
        up1_0.user_id=?
2026-06-06 16:17:14 [http-nio-8080-exec-5] DEBUG org.hibernate.SQL - 
    select
        up1_0.id,
        up1_0.age,
        up1_0.fitness_goal,
        up1_0.user_id,
        up1_0.weight_kg 
    from
        user_profiles up1_0 
    where
        up1_0.user_id=?
2026-06-06 16:17:15 [http-nio-8080-exec-6] DEBUG org.hibernate.SQL - 
    select
        u1_0.id,
        u1_0.coach_id,
        u1_0.email,
        u1_0.nutrition_plan_id,
        u1_0.password,
        u1_0.role,
        u1_0.username,
        u1_0.workout_group_id 
    from
        users u1_0 
    order by
        u1_0.username 
    offset
        ? rows 
    fetch
        first ? rows only
2026-06-06 16:17:15 [http-nio-8080-exec-6] DEBUG org.hibernate.SQL - 
    select
        up1_0.id,
        up1_0.age,
        up1_0.fitness_goal,
        up1_0.user_id,
        up1_0.weight_kg 
    from
        user_profiles up1_0 
    where
        up1_0.user_id=?
2026-06-06 16:17:15 [http-nio-8080-exec-6] DEBUG org.hibernate.SQL - 
    select
        up1_0.id,
        up1_0.age,
        up1_0.fitness_goal,
        up1_0.user_id,
        up1_0.weight_kg 
    from
        user_profiles up1_0 
    where
        up1_0.user_id=?
2026-06-06 16:17:15 [http-nio-8080-exec-6] DEBUG org.hibernate.SQL - 
    select
        up1_0.id,
        up1_0.age,
        up1_0.fitness_goal,
        up1_0.user_id,
        up1_0.weight_kg 
    from
        user_profiles up1_0 
    where
        up1_0.user_id=?
2026-06-06 16:17:15 [http-nio-8080-exec-6] DEBUG org.hibernate.SQL - 
    select
        c1_0.id,
        c1_0.name,
        c1_0.specialization 
    from
        coaches c1_0 
    where
        c1_0.id=?
2026-06-06 16:17:15 [http-nio-8080-exec-6] DEBUG org.hibernate.SQL - 
    select
        up1_0.id,
        up1_0.age,
        up1_0.fitness_goal,
        up1_0.user_id,
        up1_0.weight_kg 
    from
        user_profiles up1_0 
    where
        up1_0.user_id=?
2026-06-06 16:17:15 [http-nio-8080-exec-6] DEBUG org.hibernate.SQL - 
    select
        c1_0.id,
        c1_0.name,
        c1_0.specialization 
    from
        coaches c1_0 
    where
        c1_0.id=?
2026-06-06 16:17:15 [http-nio-8080-exec-6] DEBUG org.hibernate.SQL - 
    select
        up1_0.id,
        up1_0.age,
        up1_0.fitness_goal,
        up1_0.user_id,
        up1_0.weight_kg 
    from
        user_profiles up1_0 
    where
        up1_0.user_id=?
2026-06-06 16:17:15 [http-nio-8080-exec-6] DEBUG org.hibernate.SQL - 
    select
        count(u1_0.id) 
    from
        users u1_0
2026-06-06 16:17:15 [http-nio-8080-exec-6] DEBUG org.hibernate.SQL - 
    select
        c1_0.id,
        c1_0.name,
        c1_0.specialization 
    from
        coaches c1_0
2026-06-06 16:17:17 [http-nio-8080-exec-8] DEBUG org.hibernate.SQL - 
    select
        u1_0.id,
        u1_0.coach_id,
        u1_0.email,
        u1_0.nutrition_plan_id,
        u1_0.password,
        u1_0.role,
        u1_0.username,
        u1_0.workout_group_id 
    from
        users u1_0 
    order by
        u1_0.username 
    offset
        ? rows 
    fetch
        first ? rows only
2026-06-06 16:17:17 [http-nio-8080-exec-8] DEBUG org.hibernate.SQL - 
    select
        up1_0.id,
        up1_0.age,
        up1_0.fitness_goal,
        up1_0.user_id,
        up1_0.weight_kg 
    from
        user_profiles up1_0 
    where
        up1_0.user_id=?
2026-06-06 16:17:17 [http-nio-8080-exec-8] DEBUG org.hibernate.SQL - 
    select
        c1_0.id,
        c1_0.name,
        c1_0.specialization 
    from
        coaches c1_0 
    where
        c1_0.id=?
2026-06-06 16:17:17 [http-nio-8080-exec-8] DEBUG org.hibernate.SQL - 
    select
        up1_0.id,
        up1_0.age,
        up1_0.fitness_goal,
        up1_0.user_id,
        up1_0.weight_kg 
    from
        user_profiles up1_0 
    where
        up1_0.user_id=?
2026-06-06 16:17:17 [http-nio-8080-exec-8] DEBUG org.hibernate.SQL - 
    select
        up1_0.id,
        up1_0.age,
        up1_0.fitness_goal,
        up1_0.user_id,
        up1_0.weight_kg 
    from
        user_profiles up1_0 
    where
        up1_0.user_id=?
2026-06-06 16:17:17 [http-nio-8080-exec-8] DEBUG org.hibernate.SQL - 
    select
        up1_0.id,
        up1_0.age,
        up1_0.fitness_goal,
        up1_0.user_id,
        up1_0.weight_kg 
    from
        user_profiles up1_0 
    where
        up1_0.user_id=?
2026-06-06 16:17:17 [http-nio-8080-exec-8] DEBUG org.hibernate.SQL - 
    select
        up1_0.id,
        up1_0.age,
        up1_0.fitness_goal,
        up1_0.user_id,
        up1_0.weight_kg 
    from
        user_profiles up1_0 
    where
        up1_0.user_id=?
2026-06-06 16:17:17 [http-nio-8080-exec-8] DEBUG org.hibernate.SQL - 
    select
        count(u1_0.id) 
    from
        users u1_0
2026-06-06 16:17:17 [http-nio-8080-exec-8] DEBUG org.hibernate.SQL - 
    select
        c1_0.id,
        c1_0.name,
        c1_0.specialization 
    from
        coaches c1_0
2026-06-06 16:17:18 [http-nio-8080-exec-9] DEBUG org.hibernate.SQL - 
    select
        u1_0.id,
        u1_0.coach_id,
        u1_0.email,
        u1_0.nutrition_plan_id,
        u1_0.password,
        u1_0.role,
        u1_0.username,
        u1_0.workout_group_id 
    from
        users u1_0 
    order by
        u1_0.username 
    offset
        ? rows 
    fetch
        first ? rows only
2026-06-06 16:17:18 [http-nio-8080-exec-9] DEBUG org.hibernate.SQL - 
    select
        up1_0.id,
        up1_0.age,
        up1_0.fitness_goal,
        up1_0.user_id,
        up1_0.weight_kg 
    from
        user_profiles up1_0 
    where
        up1_0.user_id=?
2026-06-06 16:17:18 [http-nio-8080-exec-9] DEBUG org.hibernate.SQL - 
    select
        up1_0.id,
        up1_0.age,
        up1_0.fitness_goal,
        up1_0.user_id,
        up1_0.weight_kg 
    from
        user_profiles up1_0 
    where
        up1_0.user_id=?
2026-06-06 16:17:18 [http-nio-8080-exec-9] DEBUG org.hibernate.SQL - 
    select
        up1_0.id,
        up1_0.age,
        up1_0.fitness_goal,
        up1_0.user_id,
        up1_0.weight_kg 
    from
        user_profiles up1_0 
    where
        up1_0.user_id=?
2026-06-06 16:17:18 [http-nio-8080-exec-9] DEBUG org.hibernate.SQL - 
    select
        c1_0.id,
        c1_0.name,
        c1_0.specialization 
    from
        coaches c1_0
2026-06-06 16:17:19 [http-nio-8080-exec-10] DEBUG org.hibernate.SQL - 
    select
        u1_0.id,
        u1_0.coach_id,
        u1_0.email,
        u1_0.nutrition_plan_id,
        u1_0.password,
        u1_0.role,
        u1_0.username,
        u1_0.workout_group_id 
    from
        users u1_0 
    order by
        u1_0.username 
    offset
        ? rows 
    fetch
        first ? rows only
2026-06-06 16:17:19 [http-nio-8080-exec-10] DEBUG org.hibernate.SQL - 
    select
        up1_0.id,
        up1_0.age,
        up1_0.fitness_goal,
        up1_0.user_id,
        up1_0.weight_kg 
    from
        user_profiles up1_0 
    where
        up1_0.user_id=?
2026-06-06 16:17:19 [http-nio-8080-exec-10] DEBUG org.hibernate.SQL - 
    select
        up1_0.id,
        up1_0.age,
        up1_0.fitness_goal,
        up1_0.user_id,
        up1_0.weight_kg 
    from
        user_profiles up1_0 
    where
        up1_0.user_id=?
2026-06-06 16:17:19 [http-nio-8080-exec-10] DEBUG org.hibernate.SQL - 
    select
        up1_0.id,
        up1_0.age,
        up1_0.fitness_goal,
        up1_0.user_id,
        up1_0.weight_kg 
    from
        user_profiles up1_0 
    where
        up1_0.user_id=?
2026-06-06 16:17:19 [http-nio-8080-exec-10] DEBUG org.hibernate.SQL - 
    select
        c1_0.id,
        c1_0.name,
        c1_0.specialization 
    from
        coaches c1_0 
    where
        c1_0.id=?
2026-06-06 16:17:19 [http-nio-8080-exec-10] DEBUG org.hibernate.SQL - 
    select
        up1_0.id,
        up1_0.age,
        up1_0.fitness_goal,
        up1_0.user_id,
        up1_0.weight_kg 
    from
        user_profiles up1_0 
    where
        up1_0.user_id=?
2026-06-06 16:17:19 [http-nio-8080-exec-10] DEBUG org.hibernate.SQL - 
    select
        c1_0.id,
        c1_0.name,
        c1_0.specialization 
    from
        coaches c1_0 
    where
        c1_0.id=?
2026-06-06 16:17:19 [http-nio-8080-exec-10] DEBUG org.hibernate.SQL - 
    select
        up1_0.id,
        up1_0.age,
        up1_0.fitness_goal,
        up1_0.user_id,
        up1_0.weight_kg 
    from
        user_profiles up1_0 
    where
        up1_0.user_id=?
2026-06-06 16:17:19 [http-nio-8080-exec-10] DEBUG org.hibernate.SQL - 
    select
        count(u1_0.id) 
    from
        users u1_0
2026-06-06 16:17:19 [http-nio-8080-exec-10] DEBUG org.hibernate.SQL - 
    select
        c1_0.id,
        c1_0.name,
        c1_0.specialization 
    from
        coaches c1_0
2026-06-06 16:17:30 [http-nio-8080-exec-2] DEBUG org.hibernate.SQL - 
    select
        u1_0.id,
        c1_0.id,
        c1_0.name,
        c1_0.specialization,
        u1_0.email,
        np1_0.id,
        np1_0.calories,
        np1_0.description,
        np1_0.name,
        u1_0.password,
        p1_0.id,
        p1_0.age,
        p1_0.fitness_goal,
        p1_0.user_id,
        p1_0.weight_kg,
        u1_0.role,
        u1_0.username,
        wg1_0.id,
        wg1_0.category,
        wg1_0.description,
        wg1_0.name 
    from
        users u1_0 
    left join
        coaches c1_0 
            on c1_0.id=u1_0.coach_id 
    left join
        nutrition_plans np1_0 
            on np1_0.id=u1_0.nutrition_plan_id 
    left join
        user_profiles p1_0 
            on u1_0.id=p1_0.user_id 
    left join
        workout_groups wg1_0 
            on wg1_0.id=u1_0.workout_group_id 
    where
        u1_0.id=?
2026-06-06 16:17:30 [http-nio-8080-exec-2] DEBUG org.hibernate.SQL - 
    update
        users 
    set
        coach_id=?,
        email=?,
        nutrition_plan_id=?,
        password=?,
        role=?,
        username=?,
        workout_group_id=? 
    where
        id=?
2026-06-06 16:17:30 [http-nio-8080-exec-4] DEBUG org.hibernate.SQL - 
    select
        u1_0.id,
        u1_0.coach_id,
        u1_0.email,
        u1_0.nutrition_plan_id,
        u1_0.password,
        u1_0.role,
        u1_0.username,
        u1_0.workout_group_id 
    from
        users u1_0 
    order by
        u1_0.username 
    offset
        ? rows 
    fetch
        first ? rows only
2026-06-06 16:17:30 [http-nio-8080-exec-4] DEBUG org.hibernate.SQL - 
    select
        up1_0.id,
        up1_0.age,
        up1_0.fitness_goal,
        up1_0.user_id,
        up1_0.weight_kg 
    from
        user_profiles up1_0 
    where
        up1_0.user_id=?
2026-06-06 16:17:30 [http-nio-8080-exec-4] DEBUG org.hibernate.SQL - 
    select
        up1_0.id,
        up1_0.age,
        up1_0.fitness_goal,
        up1_0.user_id,
        up1_0.weight_kg 
    from
        user_profiles up1_0 
    where
        up1_0.user_id=?
2026-06-06 16:17:30 [http-nio-8080-exec-4] DEBUG org.hibernate.SQL - 
    select
        up1_0.id,
        up1_0.age,
        up1_0.fitness_goal,
        up1_0.user_id,
        up1_0.weight_kg 
    from
        user_profiles up1_0 
    where
        up1_0.user_id=?
2026-06-06 16:17:30 [http-nio-8080-exec-4] DEBUG org.hibernate.SQL - 
    select
        c1_0.id,
        c1_0.name,
        c1_0.specialization 
    from
        coaches c1_0 
    where
        c1_0.id=?
2026-06-06 16:17:30 [http-nio-8080-exec-4] DEBUG org.hibernate.SQL - 
    select
        up1_0.id,
        up1_0.age,
        up1_0.fitness_goal,
        up1_0.user_id,
        up1_0.weight_kg 
    from
        user_profiles up1_0 
    where
        up1_0.user_id=?
2026-06-06 16:17:30 [http-nio-8080-exec-4] DEBUG org.hibernate.SQL - 
    select
        c1_0.id,
        c1_0.name,
        c1_0.specialization 
    from
        coaches c1_0 
    where
        c1_0.id=?
2026-06-06 16:17:30 [http-nio-8080-exec-4] DEBUG org.hibernate.SQL - 
    select
        up1_0.id,
        up1_0.age,
        up1_0.fitness_goal,
        up1_0.user_id,
        up1_0.weight_kg 
    from
        user_profiles up1_0 
    where
        up1_0.user_id=?
2026-06-06 16:17:30 [http-nio-8080-exec-4] DEBUG org.hibernate.SQL - 
    select
        count(u1_0.id) 
    from
        users u1_0
2026-06-06 16:17:30 [http-nio-8080-exec-4] DEBUG org.hibernate.SQL - 
    select
        c1_0.id,
        c1_0.name,
        c1_0.specialization 
    from
        coaches c1_0
2026-06-06 16:17:37 [http-nio-8080-exec-5] DEBUG org.hibernate.SQL - 
    select
        u1_0.id,
        c1_0.id,
        c1_0.name,
        c1_0.specialization,
        u1_0.email,
        np1_0.id,
        np1_0.calories,
        np1_0.description,
        np1_0.name,
        u1_0.password,
        p1_0.id,
        p1_0.age,
        p1_0.fitness_goal,
        p1_0.user_id,
        p1_0.weight_kg,
        u1_0.role,
        u1_0.username,
        wg1_0.id,
        wg1_0.category,
        wg1_0.description,
        wg1_0.name 
    from
        users u1_0 
    left join
        coaches c1_0 
            on c1_0.id=u1_0.coach_id 
    left join
        nutrition_plans np1_0 
            on np1_0.id=u1_0.nutrition_plan_id 
    left join
        user_profiles p1_0 
            on u1_0.id=p1_0.user_id 
    left join
        workout_groups wg1_0 
            on wg1_0.id=u1_0.workout_group_id 
    where
        u1_0.id=?
2026-06-06 16:17:37 [http-nio-8080-exec-5] DEBUG org.hibernate.SQL - 
    select
        c1_0.id,
        c1_0.name,
        c1_0.specialization 
    from
        coaches c1_0 
    where
        c1_0.id=?
2026-06-06 16:17:37 [http-nio-8080-exec-5] DEBUG org.hibernate.SQL - 
    update
        users 
    set
        coach_id=?,
        email=?,
        nutrition_plan_id=?,
        password=?,
        role=?,
        username=?,
        workout_group_id=? 
    where
        id=?
2026-06-06 16:17:37 [http-nio-8080-exec-6] DEBUG org.hibernate.SQL - 
    select
        u1_0.id,
        u1_0.coach_id,
        u1_0.email,
        u1_0.nutrition_plan_id,
        u1_0.password,
        u1_0.role,
        u1_0.username,
        u1_0.workout_group_id 
    from
        users u1_0 
    order by
        u1_0.username 
    offset
        ? rows 
    fetch
        first ? rows only
2026-06-06 16:17:37 [http-nio-8080-exec-6] DEBUG org.hibernate.SQL - 
    select
        c1_0.id,
        c1_0.name,
        c1_0.specialization 
    from
        coaches c1_0 
    where
        c1_0.id=?
2026-06-06 16:17:37 [http-nio-8080-exec-6] DEBUG org.hibernate.SQL - 
    select
        up1_0.id,
        up1_0.age,
        up1_0.fitness_goal,
        up1_0.user_id,
        up1_0.weight_kg 
    from
        user_profiles up1_0 
    where
        up1_0.user_id=?
2026-06-06 16:17:37 [http-nio-8080-exec-6] DEBUG org.hibernate.SQL - 
    select
        up1_0.id,
        up1_0.age,
        up1_0.fitness_goal,
        up1_0.user_id,
        up1_0.weight_kg 
    from
        user_profiles up1_0 
    where
        up1_0.user_id=?
2026-06-06 16:17:37 [http-nio-8080-exec-6] DEBUG org.hibernate.SQL - 
    select
        up1_0.id,
        up1_0.age,
        up1_0.fitness_goal,
        up1_0.user_id,
        up1_0.weight_kg 
    from
        user_profiles up1_0 
    where
        up1_0.user_id=?
2026-06-06 16:17:37 [http-nio-8080-exec-6] DEBUG org.hibernate.SQL - 
    select
        c1_0.id,
        c1_0.name,
        c1_0.specialization 
    from
        coaches c1_0 
    where
        c1_0.id=?
2026-06-06 16:17:37 [http-nio-8080-exec-6] DEBUG org.hibernate.SQL - 
    select
        up1_0.id,
        up1_0.age,
        up1_0.fitness_goal,
        up1_0.user_id,
        up1_0.weight_kg 
    from
        user_profiles up1_0 
    where
        up1_0.user_id=?
2026-06-06 16:17:37 [http-nio-8080-exec-6] DEBUG org.hibernate.SQL - 
    select
        c1_0.id,
        c1_0.name,
        c1_0.specialization 
    from
        coaches c1_0 
    where
        c1_0.id=?
2026-06-06 16:17:37 [http-nio-8080-exec-6] DEBUG org.hibernate.SQL - 
    select
        up1_0.id,
        up1_0.age,
        up1_0.fitness_goal,
        up1_0.user_id,
        up1_0.weight_kg 
    from
        user_profiles up1_0 
    where
        up1_0.user_id=?
2026-06-06 16:17:37 [http-nio-8080-exec-6] DEBUG org.hibernate.SQL - 
    select
        count(u1_0.id) 
    from
        users u1_0
2026-06-06 16:17:37 [http-nio-8080-exec-6] DEBUG org.hibernate.SQL - 
    select
        c1_0.id,
        c1_0.name,
        c1_0.specialization 
    from
        coaches c1_0
2026-06-06 16:17:47 [http-nio-8080-exec-8] DEBUG org.hibernate.SQL - 
    select
        u1_0.id,
        c1_0.id,
        c1_0.name,
        c1_0.specialization,
        u1_0.email,
        np1_0.id,
        np1_0.calories,
        np1_0.description,
        np1_0.name,
        u1_0.password,
        p1_0.id,
        p1_0.age,
        p1_0.fitness_goal,
        p1_0.user_id,
        p1_0.weight_kg,
        u1_0.role,
        u1_0.username,
        wg1_0.id,
        wg1_0.category,
        wg1_0.description,
        wg1_0.name 
    from
        users u1_0 
    left join
        coaches c1_0 
            on c1_0.id=u1_0.coach_id 
    left join
        nutrition_plans np1_0 
            on np1_0.id=u1_0.nutrition_plan_id 
    left join
        user_profiles p1_0 
            on u1_0.id=p1_0.user_id 
    left join
        workout_groups wg1_0 
            on wg1_0.id=u1_0.workout_group_id 
    where
        u1_0.id=?
2026-06-06 16:17:47 [http-nio-8080-exec-8] DEBUG org.hibernate.SQL - 
    delete 
    from
        users 
    where
        id=?
2026-06-06 16:17:47 [http-nio-8080-exec-9] DEBUG org.hibernate.SQL - 
    select
        u1_0.id,
        u1_0.coach_id,
        u1_0.email,
        u1_0.nutrition_plan_id,
        u1_0.password,
        u1_0.role,
        u1_0.username,
        u1_0.workout_group_id 
    from
        users u1_0 
    order by
        u1_0.username 
    offset
        ? rows 
    fetch
        first ? rows only
2026-06-06 16:17:47 [http-nio-8080-exec-9] DEBUG org.hibernate.SQL - 
    select
        c1_0.id,
        c1_0.name,
        c1_0.specialization 
    from
        coaches c1_0 
    where
        c1_0.id=?
2026-06-06 16:17:47 [http-nio-8080-exec-9] DEBUG org.hibernate.SQL - 
    select
        up1_0.id,
        up1_0.age,
        up1_0.fitness_goal,
        up1_0.user_id,
        up1_0.weight_kg 
    from
        user_profiles up1_0 
    where
        up1_0.user_id=?
2026-06-06 16:17:47 [http-nio-8080-exec-9] DEBUG org.hibernate.SQL - 
    select
        up1_0.id,
        up1_0.age,
        up1_0.fitness_goal,
        up1_0.user_id,
        up1_0.weight_kg 
    from
        user_profiles up1_0 
    where
        up1_0.user_id=?
2026-06-06 16:17:47 [http-nio-8080-exec-9] DEBUG org.hibernate.SQL - 
    select
        c1_0.id,
        c1_0.name,
        c1_0.specialization 
    from
        coaches c1_0 
    where
        c1_0.id=?
2026-06-06 16:17:47 [http-nio-8080-exec-9] DEBUG org.hibernate.SQL - 
    select
        up1_0.id,
        up1_0.age,
        up1_0.fitness_goal,
        up1_0.user_id,
        up1_0.weight_kg 
    from
        user_profiles up1_0 
    where
        up1_0.user_id=?
2026-06-06 16:17:47 [http-nio-8080-exec-9] DEBUG org.hibernate.SQL - 
    select
        c1_0.id,
        c1_0.name,
        c1_0.specialization 
    from
        coaches c1_0 
    where
        c1_0.id=?
2026-06-06 16:17:47 [http-nio-8080-exec-9] DEBUG org.hibernate.SQL - 
    select
        up1_0.id,
        up1_0.age,
        up1_0.fitness_goal,
        up1_0.user_id,
        up1_0.weight_kg 
    from
        user_profiles up1_0 
    where
        up1_0.user_id=?
2026-06-06 16:17:47 [http-nio-8080-exec-9] DEBUG org.hibernate.SQL - 
    select
        up1_0.id,
        up1_0.age,
        up1_0.fitness_goal,
        up1_0.user_id,
        up1_0.weight_kg 
    from
        user_profiles up1_0 
    where
        up1_0.user_id=?
2026-06-06 16:17:47 [http-nio-8080-exec-9] DEBUG org.hibernate.SQL - 
    select
        count(u1_0.id) 
    from
        users u1_0
2026-06-06 16:17:47 [http-nio-8080-exec-9] DEBUG org.hibernate.SQL - 
    select
        c1_0.id,
        c1_0.name,
        c1_0.specialization 
    from
        coaches c1_0
2026-06-06 16:17:52 [http-nio-8080-exec-1] DEBUG org.hibernate.SQL - 
    select
        up1_0.id,
        up1_0.age,
        up1_0.fitness_goal,
        up1_0.user_id,
        up1_0.weight_kg 
    from
        user_profiles up1_0 
    order by
        up1_0.id 
    offset
        ? rows 
    fetch
        first ? rows only
2026-06-06 16:17:52 [http-nio-8080-exec-1] DEBUG org.hibernate.SQL - 
    select
        u1_0.id,
        c1_0.id,
        c1_0.name,
        c1_0.specialization,
        u1_0.email,
        np1_0.id,
        np1_0.calories,
        np1_0.description,
        np1_0.name,
        u1_0.password,
        p1_0.id,
        p1_0.age,
        p1_0.fitness_goal,
        p1_0.user_id,
        p1_0.weight_kg,
        u1_0.role,
        u1_0.username,
        wg1_0.id,
        wg1_0.category,
        wg1_0.description,
        wg1_0.name 
    from
        users u1_0 
    left join
        coaches c1_0 
            on c1_0.id=u1_0.coach_id 
    left join
        nutrition_plans np1_0 
            on np1_0.id=u1_0.nutrition_plan_id 
    left join
        user_profiles p1_0 
            on u1_0.id=p1_0.user_id 
    left join
        workout_groups wg1_0 
            on wg1_0.id=u1_0.workout_group_id 
    where
        u1_0.id=?
2026-06-06 16:17:54 [http-nio-8080-exec-4] DEBUG org.hibernate.SQL - 
    select
        c1_0.id,
        c1_0.name,
        c1_0.specialization 
    from
        coaches c1_0 
    order by
        c1_0.name 
    offset
        ? rows 
    fetch
        first ? rows only
2026-06-06 16:17:54 [http-nio-8080-exec-4] DEBUG org.hibernate.SQL - 
    select
        count(c1_0.id) 
    from
        coaches c1_0
2026-06-06 16:17:55 [http-nio-8080-exec-5] DEBUG org.hibernate.SQL - 
    select
        wg1_0.id,
        wg1_0.category,
        wg1_0.description,
        wg1_0.name 
    from
        workout_groups wg1_0 
    order by
        wg1_0.name 
    offset
        ? rows 
    fetch
        first ? rows only
2026-06-06 16:17:56 [http-nio-8080-exec-6] DEBUG org.hibernate.SQL - 
    select
        e1_0.id,
        e1_0.description,
        e1_0.duration,
        e1_0.muscle_group,
        e1_0.name,
        e1_0.reps,
        e1_0.sets 
    from
        exercises e1_0
2026-06-06 16:17:57 [http-nio-8080-exec-7] DEBUG org.hibernate.SQL - 
    select
        np1_0.id,
        np1_0.calories,
        np1_0.description,
        np1_0.name 
    from
        nutrition_plans np1_0 
    order by
        np1_0.name 
    offset
        ? rows 
    fetch
        first ? rows only
2026-06-06 16:17:59 [http-nio-8080-exec-8] DEBUG org.hibernate.SQL - 
    select
        np1_0.id,
        np1_0.calories,
        np1_0.description,
        np1_0.name 
    from
        nutrition_plans np1_0 
    where
        np1_0.id=?
2026-06-06 16:18:04 [http-nio-8080-exec-10] DEBUG org.hibernate.SQL - 
    select
        np1_0.id,
        np1_0.calories,
        np1_0.description,
        np1_0.name,
        u1_0.nutrition_plan_id,
        u1_0.id,
        c1_0.id,
        c1_0.name,
        c1_0.specialization,
        u1_0.email,
        u1_0.password,
        p1_0.id,
        p1_0.age,
        p1_0.fitness_goal,
        p1_0.user_id,
        p1_0.weight_kg,
        u1_0.role,
        u1_0.username,
        wg1_0.id,
        wg1_0.category,
        wg1_0.description,
        wg1_0.name 
    from
        nutrition_plans np1_0 
    left join
        users u1_0 
            on np1_0.id=u1_0.nutrition_plan_id 
    left join
        coaches c1_0 
            on c1_0.id=u1_0.coach_id 
    left join
        user_profiles p1_0 
            on u1_0.id=p1_0.user_id 
    left join
        workout_groups wg1_0 
            on wg1_0.id=u1_0.workout_group_id 
    where
        np1_0.id=?
2026-06-06 16:18:04 [http-nio-8080-exec-10] DEBUG org.hibernate.SQL - 
    update
        nutrition_plans 
    set
        calories=?,
        description=?,
        name=? 
    where
        id=?
2026-06-06 16:18:04 [http-nio-8080-exec-1] DEBUG org.hibernate.SQL - 
    select
        np1_0.id,
        np1_0.calories,
        np1_0.description,
        np1_0.name 
    from
        nutrition_plans np1_0 
    order by
        np1_0.name 
    offset
        ? rows 
    fetch
        first ? rows only
2026-06-06 16:18:14 [http-nio-8080-exec-7] DEBUG org.hibernate.SQL - 
    select
        u1_0.id,
        u1_0.coach_id,
        u1_0.email,
        u1_0.nutrition_plan_id,
        u1_0.password,
        u1_0.role,
        u1_0.username,
        u1_0.workout_group_id 
    from
        users u1_0
2026-06-06 16:18:14 [http-nio-8080-exec-7] DEBUG org.hibernate.SQL - 
    select
        c1_0.id,
        c1_0.name,
        c1_0.specialization 
    from
        coaches c1_0 
    where
        c1_0.id=?
2026-06-06 16:18:14 [http-nio-8080-exec-7] DEBUG org.hibernate.SQL - 
    select
        up1_0.id,
        up1_0.age,
        up1_0.fitness_goal,
        up1_0.user_id,
        up1_0.weight_kg 
    from
        user_profiles up1_0 
    where
        up1_0.user_id=?
2026-06-06 16:18:14 [http-nio-8080-exec-7] DEBUG org.hibernate.SQL - 
    select
        up1_0.id,
        up1_0.age,
        up1_0.fitness_goal,
        up1_0.user_id,
        up1_0.weight_kg 
    from
        user_profiles up1_0 
    where
        up1_0.user_id=?
2026-06-06 16:18:14 [http-nio-8080-exec-7] DEBUG org.hibernate.SQL - 
    select
        up1_0.id,
        up1_0.age,
        up1_0.fitness_goal,
        up1_0.user_id,
        up1_0.weight_kg 
    from
        user_profiles up1_0 
    where
        up1_0.user_id=?
2026-06-06 16:18:14 [http-nio-8080-exec-7] DEBUG org.hibernate.SQL - 
    select
        up1_0.id,
        up1_0.age,
        up1_0.fitness_goal,
        up1_0.user_id,
        up1_0.weight_kg 
    from
        user_profiles up1_0 
    where
        up1_0.user_id=?
2026-06-06 16:18:14 [http-nio-8080-exec-7] DEBUG org.hibernate.SQL - 
    select
        up1_0.id,
        up1_0.age,
        up1_0.fitness_goal,
        up1_0.user_id,
        up1_0.weight_kg 
    from
        user_profiles up1_0 
    where
        up1_0.user_id=?
2026-06-06 16:18:14 [http-nio-8080-exec-7] DEBUG org.hibernate.SQL - 
    select
        up1_0.id,
        up1_0.age,
        up1_0.fitness_goal,
        up1_0.user_id,
        up1_0.weight_kg 
    from
        user_profiles up1_0 
    where
        up1_0.user_id=?
2026-06-06 16:18:14 [http-nio-8080-exec-7] DEBUG org.hibernate.SQL - 
    select
        c1_0.id,
        c1_0.name,
        c1_0.specialization 
    from
        coaches c1_0 
    where
        c1_0.id=?
2026-06-06 16:18:14 [http-nio-8080-exec-7] DEBUG org.hibernate.SQL - 
    select
        up1_0.id,
        up1_0.age,
        up1_0.fitness_goal,
        up1_0.user_id,
        up1_0.weight_kg 
    from
        user_profiles up1_0 
    where
        up1_0.user_id=?
2026-06-06 16:18:14 [http-nio-8080-exec-7] DEBUG org.hibernate.SQL - 
    select
        up1_0.id,
        up1_0.age,
        up1_0.fitness_goal,
        up1_0.user_id,
        up1_0.weight_kg 
    from
        user_profiles up1_0 
    where
        up1_0.user_id=?
2026-06-06 16:18:14 [http-nio-8080-exec-7] DEBUG org.hibernate.SQL - 
    select
        c1_0.id,
        c1_0.name,
        c1_0.specialization 
    from
        coaches c1_0 
    where
        c1_0.id=?
2026-06-06 16:18:14 [http-nio-8080-exec-7] DEBUG org.hibernate.SQL - 
    select
        up1_0.id,
        up1_0.age,
        up1_0.fitness_goal,
        up1_0.user_id,
        up1_0.weight_kg 
    from
        user_profiles up1_0 
    where
        up1_0.user_id=?
2026-06-06 16:18:14 [http-nio-8080-exec-7] DEBUG org.hibernate.SQL - 
    select
        up1_0.id,
        up1_0.age,
        up1_0.fitness_goal,
        up1_0.user_id,
        up1_0.weight_kg 
    from
        user_profiles up1_0 
    where
        up1_0.user_id=?
2026-06-06 16:18:14 [http-nio-8080-exec-7] DEBUG org.hibernate.SQL - 
    select
        up1_0.id,
        up1_0.age,
        up1_0.fitness_goal,
        up1_0.user_id,
        up1_0.weight_kg 
    from
        user_profiles up1_0 
    where
        up1_0.user_id=?
2026-06-06 16:18:14 [http-nio-8080-exec-7] DEBUG org.hibernate.SQL - 
    select
        up1_0.id,
        up1_0.age,
        up1_0.fitness_goal,
        up1_0.user_id,
        up1_0.weight_kg 
    from
        user_profiles up1_0 
    where
        up1_0.user_id=?
2026-06-06 16:18:14 [http-nio-8080-exec-7] DEBUG org.hibernate.SQL - 
    select
        u1_0.id,
        u1_0.coach_id,
        u1_0.email,
        u1_0.nutrition_plan_id,
        u1_0.password,
        u1_0.role,
        u1_0.username,
        u1_0.workout_group_id 
    from
        users u1_0
2026-06-06 16:18:14 [http-nio-8080-exec-7] DEBUG org.hibernate.SQL - 
    select
        c1_0.id,
        c1_0.name,
        c1_0.specialization 
    from
        coaches c1_0 
    where
        c1_0.id=?
2026-06-06 16:18:14 [http-nio-8080-exec-7] DEBUG org.hibernate.SQL - 
    select
        up1_0.id,
        up1_0.age,
        up1_0.fitness_goal,
        up1_0.user_id,
        up1_0.weight_kg 
    from
        user_profiles up1_0 
    where
        up1_0.user_id=?
2026-06-06 16:18:14 [http-nio-8080-exec-7] DEBUG org.hibernate.SQL - 
    select
        up1_0.id,
        up1_0.age,
        up1_0.fitness_goal,
        up1_0.user_id,
        up1_0.weight_kg 
    from
        user_profiles up1_0 
    where
        up1_0.user_id=?
2026-06-06 16:18:14 [http-nio-8080-exec-7] DEBUG org.hibernate.SQL - 
    select
        up1_0.id,
        up1_0.age,
        up1_0.fitness_goal,
        up1_0.user_id,
        up1_0.weight_kg 
    from
        user_profiles up1_0 
    where
        up1_0.user_id=?
2026-06-06 16:18:14 [http-nio-8080-exec-7] DEBUG org.hibernate.SQL - 
    select
        up1_0.id,
        up1_0.age,
        up1_0.fitness_goal,
        up1_0.user_id,
        up1_0.weight_kg 
    from
        user_profiles up1_0 
    where
        up1_0.user_id=?
2026-06-06 16:18:14 [http-nio-8080-exec-7] DEBUG org.hibernate.SQL - 
    select
        up1_0.id,
        up1_0.age,
        up1_0.fitness_goal,
        up1_0.user_id,
        up1_0.weight_kg 
    from
        user_profiles up1_0 
    where
        up1_0.user_id=?
2026-06-06 16:18:14 [http-nio-8080-exec-7] DEBUG org.hibernate.SQL - 
    select
        up1_0.id,
        up1_0.age,
        up1_0.fitness_goal,
        up1_0.user_id,
        up1_0.weight_kg 
    from
        user_profiles up1_0 
    where
        up1_0.user_id=?
2026-06-06 16:18:14 [http-nio-8080-exec-7] DEBUG org.hibernate.SQL - 
    select
        c1_0.id,
        c1_0.name,
        c1_0.specialization 
    from
        coaches c1_0 
    where
        c1_0.id=?
2026-06-06 16:18:14 [http-nio-8080-exec-7] DEBUG org.hibernate.SQL - 
    select
        up1_0.id,
        up1_0.age,
        up1_0.fitness_goal,
        up1_0.user_id,
        up1_0.weight_kg 
    from
        user_profiles up1_0 
    where
        up1_0.user_id=?
2026-06-06 16:18:14 [http-nio-8080-exec-7] DEBUG org.hibernate.SQL - 
    select
        up1_0.id,
        up1_0.age,
        up1_0.fitness_goal,
        up1_0.user_id,
        up1_0.weight_kg 
    from
        user_profiles up1_0 
    where
        up1_0.user_id=?
2026-06-06 16:18:14 [http-nio-8080-exec-7] DEBUG org.hibernate.SQL - 
    select
        c1_0.id,
        c1_0.name,
        c1_0.specialization 
    from
        coaches c1_0 
    where
        c1_0.id=?
2026-06-06 16:18:14 [http-nio-8080-exec-7] DEBUG org.hibernate.SQL - 
    select
        up1_0.id,
        up1_0.age,
        up1_0.fitness_goal,
        up1_0.user_id,
        up1_0.weight_kg 
    from
        user_profiles up1_0 
    where
        up1_0.user_id=?
2026-06-06 16:18:14 [http-nio-8080-exec-7] DEBUG org.hibernate.SQL - 
    select
        up1_0.id,
        up1_0.age,
        up1_0.fitness_goal,
        up1_0.user_id,
        up1_0.weight_kg 
    from
        user_profiles up1_0 
    where
        up1_0.user_id=?
2026-06-06 16:18:14 [http-nio-8080-exec-7] DEBUG org.hibernate.SQL - 
    select
        up1_0.id,
        up1_0.age,
        up1_0.fitness_goal,
        up1_0.user_id,
        up1_0.weight_kg 
    from
        user_profiles up1_0 
    where
        up1_0.user_id=?
2026-06-06 16:18:14 [http-nio-8080-exec-7] DEBUG org.hibernate.SQL - 
    select
        up1_0.id,
        up1_0.age,
        up1_0.fitness_goal,
        up1_0.user_id,
        up1_0.weight_kg 
    from
        user_profiles up1_0 
    where
        up1_0.user_id=?
2026-06-06 16:18:14 [http-nio-8080-exec-8] DEBUG org.hibernate.SQL - 
    select
        u1_0.id,
        u1_0.coach_id,
        u1_0.email,
        u1_0.nutrition_plan_id,
        u1_0.password,
        u1_0.role,
        u1_0.username,
        u1_0.workout_group_id 
    from
        users u1_0 
    order by
        u1_0.username 
    offset
        ? rows 
    fetch
        first ? rows only
2026-06-06 16:18:14 [http-nio-8080-exec-8] DEBUG org.hibernate.SQL - 
    select
        c1_0.id,
        c1_0.name,
        c1_0.specialization 
    from
        coaches c1_0 
    where
        c1_0.id=?
2026-06-06 16:18:14 [http-nio-8080-exec-8] DEBUG org.hibernate.SQL - 
    select
        up1_0.id,
        up1_0.age,
        up1_0.fitness_goal,
        up1_0.user_id,
        up1_0.weight_kg 
    from
        user_profiles up1_0 
    where
        up1_0.user_id=?
2026-06-06 16:18:14 [http-nio-8080-exec-8] DEBUG org.hibernate.SQL - 
    select
        up1_0.id,
        up1_0.age,
        up1_0.fitness_goal,
        up1_0.user_id,
        up1_0.weight_kg 
    from
        user_profiles up1_0 
    where
        up1_0.user_id=?
2026-06-06 16:18:14 [http-nio-8080-exec-8] DEBUG org.hibernate.SQL - 
    select
        c1_0.id,
        c1_0.name,
        c1_0.specialization 
    from
        coaches c1_0 
    where
        c1_0.id=?
2026-06-06 16:18:14 [http-nio-8080-exec-8] DEBUG org.hibernate.SQL - 
    select
        up1_0.id,
        up1_0.age,
        up1_0.fitness_goal,
        up1_0.user_id,
        up1_0.weight_kg 
    from
        user_profiles up1_0 
    where
        up1_0.user_id=?
2026-06-06 16:18:14 [http-nio-8080-exec-8] DEBUG org.hibernate.SQL - 
    select
        c1_0.id,
        c1_0.name,
        c1_0.specialization 
    from
        coaches c1_0 
    where
        c1_0.id=?
2026-06-06 16:18:14 [http-nio-8080-exec-8] DEBUG org.hibernate.SQL - 
    select
        up1_0.id,
        up1_0.age,
        up1_0.fitness_goal,
        up1_0.user_id,
        up1_0.weight_kg 
    from
        user_profiles up1_0 
    where
        up1_0.user_id=?
2026-06-06 16:18:14 [http-nio-8080-exec-8] DEBUG org.hibernate.SQL - 
    select
        up1_0.id,
        up1_0.age,
        up1_0.fitness_goal,
        up1_0.user_id,
        up1_0.weight_kg 
    from
        user_profiles up1_0 
    where
        up1_0.user_id=?
2026-06-06 16:18:14 [http-nio-8080-exec-8] DEBUG org.hibernate.SQL - 
    select
        count(u1_0.id) 
    from
        users u1_0
2026-06-06 16:18:14 [http-nio-8080-exec-8] DEBUG org.hibernate.SQL - 
    select
        c1_0.id,
        c1_0.name,
        c1_0.specialization 
    from
        coaches c1_0
2026-06-06 16:18:31 [http-nio-8080-exec-10] DEBUG org.hibernate.SQL - 
    select
        c1_0.id,
        c1_0.name,
        c1_0.specialization 
    from
        coaches c1_0 
    where
        c1_0.id=?
2026-06-06 16:18:31 [http-nio-8080-exec-10] DEBUG org.hibernate.SQL - 
    insert 
    into
        users
        (coach_id, email, nutrition_plan_id, password, role, username, workout_group_id, id) 
    values
        (?, ?, ?, ?, ?, ?, ?, default)
2026-06-06 16:18:31 [http-nio-8080-exec-1] DEBUG org.hibernate.SQL - 
    select
        u1_0.id,
        u1_0.coach_id,
        u1_0.email,
        u1_0.nutrition_plan_id,
        u1_0.password,
        u1_0.role,
        u1_0.username,
        u1_0.workout_group_id 
    from
        users u1_0 
    order by
        u1_0.username 
    offset
        ? rows 
    fetch
        first ? rows only
2026-06-06 16:18:31 [http-nio-8080-exec-1] DEBUG org.hibernate.SQL - 
    select
        c1_0.id,
        c1_0.name,
        c1_0.specialization 
    from
        coaches c1_0 
    where
        c1_0.id=?
2026-06-06 16:18:31 [http-nio-8080-exec-1] DEBUG org.hibernate.SQL - 
    select
        up1_0.id,
        up1_0.age,
        up1_0.fitness_goal,
        up1_0.user_id,
        up1_0.weight_kg 
    from
        user_profiles up1_0 
    where
        up1_0.user_id=?
2026-06-06 16:18:31 [http-nio-8080-exec-1] DEBUG org.hibernate.SQL - 
    select
        up1_0.id,
        up1_0.age,
        up1_0.fitness_goal,
        up1_0.user_id,
        up1_0.weight_kg 
    from
        user_profiles up1_0 
    where
        up1_0.user_id=?
2026-06-06 16:18:31 [http-nio-8080-exec-1] DEBUG org.hibernate.SQL - 
    select
        c1_0.id,
        c1_0.name,
        c1_0.specialization 
    from
        coaches c1_0 
    where
        c1_0.id=?
2026-06-06 16:18:31 [http-nio-8080-exec-1] DEBUG org.hibernate.SQL - 
    select
        up1_0.id,
        up1_0.age,
        up1_0.fitness_goal,
        up1_0.user_id,
        up1_0.weight_kg 
    from
        user_profiles up1_0 
    where
        up1_0.user_id=?
2026-06-06 16:18:31 [http-nio-8080-exec-1] DEBUG org.hibernate.SQL - 
    select
        c1_0.id,
        c1_0.name,
        c1_0.specialization 
    from
        coaches c1_0 
    where
        c1_0.id=?
2026-06-06 16:18:31 [http-nio-8080-exec-1] DEBUG org.hibernate.SQL - 
    select
        up1_0.id,
        up1_0.age,
        up1_0.fitness_goal,
        up1_0.user_id,
        up1_0.weight_kg 
    from
        user_profiles up1_0 
    where
        up1_0.user_id=?
2026-06-06 16:18:31 [http-nio-8080-exec-1] DEBUG org.hibernate.SQL - 
    select
        up1_0.id,
        up1_0.age,
        up1_0.fitness_goal,
        up1_0.user_id,
        up1_0.weight_kg 
    from
        user_profiles up1_0 
    where
        up1_0.user_id=?
2026-06-06 16:18:31 [http-nio-8080-exec-1] DEBUG org.hibernate.SQL - 
    select
        count(u1_0.id) 
    from
        users u1_0
2026-06-06 16:18:31 [http-nio-8080-exec-1] DEBUG org.hibernate.SQL - 
    select
        c1_0.id,
        c1_0.name,
        c1_0.specialization 
    from
        coaches c1_0
2026-06-06 16:18:34 [http-nio-8080-exec-4] DEBUG org.hibernate.SQL - 
    select
        u1_0.id,
        u1_0.coach_id,
        u1_0.email,
        u1_0.nutrition_plan_id,
        u1_0.password,
        u1_0.role,
        u1_0.username,
        u1_0.workout_group_id 
    from
        users u1_0 
    order by
        u1_0.username 
    offset
        ? rows 
    fetch
        first ? rows only
2026-06-06 16:18:34 [http-nio-8080-exec-4] DEBUG org.hibernate.SQL - 
    select
        c1_0.id,
        c1_0.name,
        c1_0.specialization 
    from
        coaches c1_0 
    where
        c1_0.id=?
2026-06-06 16:18:34 [http-nio-8080-exec-4] DEBUG org.hibernate.SQL - 
    select
        up1_0.id,
        up1_0.age,
        up1_0.fitness_goal,
        up1_0.user_id,
        up1_0.weight_kg 
    from
        user_profiles up1_0 
    where
        up1_0.user_id=?
2026-06-06 16:18:34 [http-nio-8080-exec-4] DEBUG org.hibernate.SQL - 
    select
        up1_0.id,
        up1_0.age,
        up1_0.fitness_goal,
        up1_0.user_id,
        up1_0.weight_kg 
    from
        user_profiles up1_0 
    where
        up1_0.user_id=?
2026-06-06 16:18:34 [http-nio-8080-exec-4] DEBUG org.hibernate.SQL - 
    select
        up1_0.id,
        up1_0.age,
        up1_0.fitness_goal,
        up1_0.user_id,
        up1_0.weight_kg 
    from
        user_profiles up1_0 
    where
        up1_0.user_id=?
2026-06-06 16:18:34 [http-nio-8080-exec-4] DEBUG org.hibernate.SQL - 
    select
        c1_0.id,
        c1_0.name,
        c1_0.specialization 
    from
        coaches c1_0
2026-06-06 16:18:38 [http-nio-8080-exec-3] DEBUG org.hibernate.SQL - 
    select
        u1_0.id,
        u1_0.coach_id,
        u1_0.email,
        u1_0.nutrition_plan_id,
        u1_0.password,
        u1_0.role,
        u1_0.username,
        u1_0.workout_group_id 
    from
        users u1_0 
    order by
        u1_0.username 
    offset
        ? rows 
    fetch
        first ? rows only
2026-06-06 16:18:38 [http-nio-8080-exec-3] DEBUG org.hibernate.SQL - 
    select
        c1_0.id,
        c1_0.name,
        c1_0.specialization 
    from
        coaches c1_0 
    where
        c1_0.id=?
2026-06-06 16:18:38 [http-nio-8080-exec-3] DEBUG org.hibernate.SQL - 
    select
        up1_0.id,
        up1_0.age,
        up1_0.fitness_goal,
        up1_0.user_id,
        up1_0.weight_kg 
    from
        user_profiles up1_0 
    where
        up1_0.user_id=?
2026-06-06 16:18:38 [http-nio-8080-exec-3] DEBUG org.hibernate.SQL - 
    select
        up1_0.id,
        up1_0.age,
        up1_0.fitness_goal,
        up1_0.user_id,
        up1_0.weight_kg 
    from
        user_profiles up1_0 
    where
        up1_0.user_id=?
2026-06-06 16:18:38 [http-nio-8080-exec-3] DEBUG org.hibernate.SQL - 
    select
        c1_0.id,
        c1_0.name,
        c1_0.specialization 
    from
        coaches c1_0 
    where
        c1_0.id=?
2026-06-06 16:18:38 [http-nio-8080-exec-3] DEBUG org.hibernate.SQL - 
    select
        up1_0.id,
        up1_0.age,
        up1_0.fitness_goal,
        up1_0.user_id,
        up1_0.weight_kg 
    from
        user_profiles up1_0 
    where
        up1_0.user_id=?
2026-06-06 16:18:38 [http-nio-8080-exec-3] DEBUG org.hibernate.SQL - 
    select
        c1_0.id,
        c1_0.name,
        c1_0.specialization 
    from
        coaches c1_0 
    where
        c1_0.id=?
2026-06-06 16:18:38 [http-nio-8080-exec-3] DEBUG org.hibernate.SQL - 
    select
        up1_0.id,
        up1_0.age,
        up1_0.fitness_goal,
        up1_0.user_id,
        up1_0.weight_kg 
    from
        user_profiles up1_0 
    where
        up1_0.user_id=?
2026-06-06 16:18:38 [http-nio-8080-exec-3] DEBUG org.hibernate.SQL - 
    select
        up1_0.id,
        up1_0.age,
        up1_0.fitness_goal,
        up1_0.user_id,
        up1_0.weight_kg 
    from
        user_profiles up1_0 
    where
        up1_0.user_id=?
2026-06-06 16:18:38 [http-nio-8080-exec-3] DEBUG org.hibernate.SQL - 
    select
        count(u1_0.id) 
    from
        users u1_0
2026-06-06 16:18:38 [http-nio-8080-exec-3] DEBUG org.hibernate.SQL - 
    select
        c1_0.id,
        c1_0.name,
        c1_0.specialization 
    from
        coaches c1_0
2026-06-06 16:22:31 [http-nio-8080-exec-1] DEBUG org.hibernate.SQL - 
    select
        u1_0.id,
        u1_0.coach_id,
        u1_0.email,
        u1_0.nutrition_plan_id,
        u1_0.password,
        u1_0.role,
        u1_0.username,
        u1_0.workout_group_id 
    from
        users u1_0
2026-06-06 16:22:31 [http-nio-8080-exec-1] DEBUG org.hibernate.SQL - 
    select
        c1_0.id,
        c1_0.name,
        c1_0.specialization 
    from
        coaches c1_0 
    where
        c1_0.id=?
2026-06-06 16:22:31 [http-nio-8080-exec-1] DEBUG org.hibernate.SQL - 
    select
        up1_0.id,
        up1_0.age,
        up1_0.fitness_goal,
        up1_0.user_id,
        up1_0.weight_kg 
    from
        user_profiles up1_0 
    where
        up1_0.user_id=?
2026-06-06 16:22:31 [http-nio-8080-exec-1] DEBUG org.hibernate.SQL - 
    select
        up1_0.id,
        up1_0.age,
        up1_0.fitness_goal,
        up1_0.user_id,
        up1_0.weight_kg 
    from
        user_profiles up1_0 
    where
        up1_0.user_id=?
2026-06-06 16:22:31 [http-nio-8080-exec-1] DEBUG org.hibernate.SQL - 
    select
        up1_0.id,
        up1_0.age,
        up1_0.fitness_goal,
        up1_0.user_id,
        up1_0.weight_kg 
    from
        user_profiles up1_0 
    where
        up1_0.user_id=?
2026-06-06 16:22:31 [http-nio-8080-exec-1] DEBUG org.hibernate.SQL - 
    select
        up1_0.id,
        up1_0.age,
        up1_0.fitness_goal,
        up1_0.user_id,
        up1_0.weight_kg 
    from
        user_profiles up1_0 
    where
        up1_0.user_id=?
2026-06-06 16:22:31 [http-nio-8080-exec-1] DEBUG org.hibernate.SQL - 
    select
        up1_0.id,
        up1_0.age,
        up1_0.fitness_goal,
        up1_0.user_id,
        up1_0.weight_kg 
    from
        user_profiles up1_0 
    where
        up1_0.user_id=?
2026-06-06 16:22:31 [http-nio-8080-exec-1] DEBUG org.hibernate.SQL - 
    select
        up1_0.id,
        up1_0.age,
        up1_0.fitness_goal,
        up1_0.user_id,
        up1_0.weight_kg 
    from
        user_profiles up1_0 
    where
        up1_0.user_id=?
2026-06-06 16:22:31 [http-nio-8080-exec-1] DEBUG org.hibernate.SQL - 
    select
        c1_0.id,
        c1_0.name,
        c1_0.specialization 
    from
        coaches c1_0 
    where
        c1_0.id=?
2026-06-06 16:22:31 [http-nio-8080-exec-1] DEBUG org.hibernate.SQL - 
    select
        up1_0.id,
        up1_0.age,
        up1_0.fitness_goal,
        up1_0.user_id,
        up1_0.weight_kg 
    from
        user_profiles up1_0 
    where
        up1_0.user_id=?
2026-06-06 16:22:31 [http-nio-8080-exec-1] DEBUG org.hibernate.SQL - 
    select
        up1_0.id,
        up1_0.age,
        up1_0.fitness_goal,
        up1_0.user_id,
        up1_0.weight_kg 
    from
        user_profiles up1_0 
    where
        up1_0.user_id=?
2026-06-06 16:22:31 [http-nio-8080-exec-1] DEBUG org.hibernate.SQL - 
    select
        c1_0.id,
        c1_0.name,
        c1_0.specialization 
    from
        coaches c1_0 
    where
        c1_0.id=?
2026-06-06 16:22:31 [http-nio-8080-exec-1] DEBUG org.hibernate.SQL - 
    select
        up1_0.id,
        up1_0.age,
        up1_0.fitness_goal,
        up1_0.user_id,
        up1_0.weight_kg 
    from
        user_profiles up1_0 
    where
        up1_0.user_id=?
2026-06-06 16:22:31 [http-nio-8080-exec-1] DEBUG org.hibernate.SQL - 
    select
        up1_0.id,
        up1_0.age,
        up1_0.fitness_goal,
        up1_0.user_id,
        up1_0.weight_kg 
    from
        user_profiles up1_0 
    where
        up1_0.user_id=?
2026-06-06 16:22:31 [http-nio-8080-exec-1] DEBUG org.hibernate.SQL - 
    select
        up1_0.id,
        up1_0.age,
        up1_0.fitness_goal,
        up1_0.user_id,
        up1_0.weight_kg 
    from
        user_profiles up1_0 
    where
        up1_0.user_id=?
2026-06-06 16:22:31 [http-nio-8080-exec-1] DEBUG org.hibernate.SQL - 
    select
        up1_0.id,
        up1_0.age,
        up1_0.fitness_goal,
        up1_0.user_id,
        up1_0.weight_kg 
    from
        user_profiles up1_0 
    where
        up1_0.user_id=?
2026-06-06 16:22:31 [http-nio-8080-exec-1] DEBUG org.hibernate.SQL - 
    select
        c1_0.id,
        c1_0.name,
        c1_0.specialization 
    from
        coaches c1_0 
    where
        c1_0.id=?
2026-06-06 16:22:31 [http-nio-8080-exec-1] DEBUG org.hibernate.SQL - 
    select
        up1_0.id,
        up1_0.age,
        up1_0.fitness_goal,
        up1_0.user_id,
        up1_0.weight_kg 
    from
        user_profiles up1_0 
    where
        up1_0.user_id=?
2026-06-06 16:22:31 [http-nio-8080-exec-2] DEBUG org.hibernate.SQL - 
    select
        u1_0.id,
        u1_0.coach_id,
        u1_0.email,
        u1_0.nutrition_plan_id,
        u1_0.password,
        u1_0.role,
        u1_0.username,
        u1_0.workout_group_id 
    from
        users u1_0 
    order by
        u1_0.username 
    offset
        ? rows 
    fetch
        first ? rows only
2026-06-06 16:22:31 [http-nio-8080-exec-2] DEBUG org.hibernate.SQL - 
    select
        c1_0.id,
        c1_0.name,
        c1_0.specialization 
    from
        coaches c1_0 
    where
        c1_0.id=?
2026-06-06 16:22:31 [http-nio-8080-exec-2] DEBUG org.hibernate.SQL - 
    select
        up1_0.id,
        up1_0.age,
        up1_0.fitness_goal,
        up1_0.user_id,
        up1_0.weight_kg 
    from
        user_profiles up1_0 
    where
        up1_0.user_id=?
2026-06-06 16:22:31 [http-nio-8080-exec-2] DEBUG org.hibernate.SQL - 
    select
        up1_0.id,
        up1_0.age,
        up1_0.fitness_goal,
        up1_0.user_id,
        up1_0.weight_kg 
    from
        user_profiles up1_0 
    where
        up1_0.user_id=?
2026-06-06 16:22:31 [http-nio-8080-exec-2] DEBUG org.hibernate.SQL - 
    select
        c1_0.id,
        c1_0.name,
        c1_0.specialization 
    from
        coaches c1_0 
    where
        c1_0.id=?
2026-06-06 16:22:31 [http-nio-8080-exec-2] DEBUG org.hibernate.SQL - 
    select
        up1_0.id,
        up1_0.age,
        up1_0.fitness_goal,
        up1_0.user_id,
        up1_0.weight_kg 
    from
        user_profiles up1_0 
    where
        up1_0.user_id=?
2026-06-06 16:22:31 [http-nio-8080-exec-2] DEBUG org.hibernate.SQL - 
    select
        c1_0.id,
        c1_0.name,
        c1_0.specialization 
    from
        coaches c1_0 
    where
        c1_0.id=?
2026-06-06 16:22:31 [http-nio-8080-exec-2] DEBUG org.hibernate.SQL - 
    select
        up1_0.id,
        up1_0.age,
        up1_0.fitness_goal,
        up1_0.user_id,
        up1_0.weight_kg 
    from
        user_profiles up1_0 
    where
        up1_0.user_id=?
2026-06-06 16:22:31 [http-nio-8080-exec-2] DEBUG org.hibernate.SQL - 
    select
        up1_0.id,
        up1_0.age,
        up1_0.fitness_goal,
        up1_0.user_id,
        up1_0.weight_kg 
    from
        user_profiles up1_0 
    where
        up1_0.user_id=?
2026-06-06 16:22:31 [http-nio-8080-exec-2] DEBUG org.hibernate.SQL - 
    select
        count(u1_0.id) 
    from
        users u1_0
2026-06-06 16:22:31 [http-nio-8080-exec-2] DEBUG org.hibernate.SQL - 
    select
        c1_0.id,
        c1_0.name,
        c1_0.specialization 
    from
        coaches c1_0
2026-06-06 16:22:51 [http-nio-8080-exec-3] DEBUG org.hibernate.SQL - 
    select
        up1_0.id,
        up1_0.age,
        up1_0.fitness_goal,
        up1_0.user_id,
        up1_0.weight_kg 
    from
        user_profiles up1_0 
    order by
        up1_0.id 
    offset
        ? rows 
    fetch
        first ? rows only
2026-06-06 16:22:51 [http-nio-8080-exec-3] DEBUG org.hibernate.SQL - 
    select
        u1_0.id,
        c1_0.id,
        c1_0.name,
        c1_0.specialization,
        u1_0.email,
        np1_0.id,
        np1_0.calories,
        np1_0.description,
        np1_0.name,
        u1_0.password,
        p1_0.id,
        p1_0.age,
        p1_0.fitness_goal,
        p1_0.user_id,
        p1_0.weight_kg,
        u1_0.role,
        u1_0.username,
        wg1_0.id,
        wg1_0.category,
        wg1_0.description,
        wg1_0.name 
    from
        users u1_0 
    left join
        coaches c1_0 
            on c1_0.id=u1_0.coach_id 
    left join
        nutrition_plans np1_0 
            on np1_0.id=u1_0.nutrition_plan_id 
    left join
        user_profiles p1_0 
            on u1_0.id=p1_0.user_id 
    left join
        workout_groups wg1_0 
            on wg1_0.id=u1_0.workout_group_id 
    where
        u1_0.id=?
2026-06-06 16:22:53 [http-nio-8080-exec-6] DEBUG org.hibernate.SQL - 
    select
        c1_0.id,
        c1_0.name,
        c1_0.specialization 
    from
        coaches c1_0 
    order by
        c1_0.name 
    offset
        ? rows 
    fetch
        first ? rows only
2026-06-06 16:22:53 [http-nio-8080-exec-6] DEBUG org.hibernate.SQL - 
    select
        count(c1_0.id) 
    from
        coaches c1_0
2026-06-06 16:22:57 [http-nio-8080-exec-8] DEBUG org.hibernate.SQL - 
    select
        c1_0.id,
        c1_0.name,
        c1_0.specialization 
    from
        coaches c1_0 
    where
        c1_0.id=?
2026-06-06 16:23:01 [http-nio-8080-exec-10] DEBUG org.hibernate.SQL - 
    select
        c1_0.id,
        c1_0.name,
        c1_0.specialization 
    from
        coaches c1_0 
    where
        c1_0.id=?
2026-06-06 16:23:01 [http-nio-8080-exec-10] DEBUG org.hibernate.SQL - 
    update
        coaches 
    set
        name=?,
        specialization=? 
    where
        id=?
2026-06-06 16:23:01 [http-nio-8080-exec-1] DEBUG org.hibernate.SQL - 
    select
        c1_0.id,
        c1_0.name,
        c1_0.specialization 
    from
        coaches c1_0 
    order by
        c1_0.name 
    offset
        ? rows 
    fetch
        first ? rows only
2026-06-06 16:23:01 [http-nio-8080-exec-1] DEBUG org.hibernate.SQL - 
    select
        count(c1_0.id) 
    from
        coaches c1_0
2026-06-06 16:23:08 [http-nio-8080-exec-2] DEBUG org.hibernate.SQL - 
    select
        c1_0.id,
        c1_0.name,
        c1_0.specialization 
    from
        coaches c1_0 
    where
        c1_0.id=?
2026-06-06 16:23:12 [http-nio-8080-exec-3] DEBUG org.hibernate.SQL - 
    select
        c1_0.id,
        c1_0.name,
        c1_0.specialization 
    from
        coaches c1_0 
    where
        c1_0.id=?
2026-06-06 16:23:12 [http-nio-8080-exec-3] DEBUG org.hibernate.SQL - 
    update
        coaches 
    set
        name=?,
        specialization=? 
    where
        id=?
2026-06-06 16:23:12 [http-nio-8080-exec-5] DEBUG org.hibernate.SQL - 
    select
        c1_0.id,
        c1_0.name,
        c1_0.specialization 
    from
        coaches c1_0 
    order by
        c1_0.name 
    offset
        ? rows 
    fetch
        first ? rows only
2026-06-06 16:23:12 [http-nio-8080-exec-5] DEBUG org.hibernate.SQL - 
    select
        count(c1_0.id) 
    from
        coaches c1_0
2026-06-06 16:27:35 [SpringApplicationShutdownHook] INFO  o.s.b.w.e.tomcat.GracefulShutdown - Commencing graceful shutdown. Waiting for active requests to complete
2026-06-06 16:27:35 [tomcat-shutdown] INFO  o.s.b.w.e.tomcat.GracefulShutdown - Graceful shutdown complete
2026-06-06 16:27:35 [SpringApplicationShutdownHook] INFO  o.s.o.j.LocalContainerEntityManagerFactoryBean - Closing JPA EntityManagerFactory for persistence unit 'default'
2026-06-06 16:27:35 [SpringApplicationShutdownHook] INFO  com.zaxxer.hikari.HikariDataSource - HikariPool-1 - Shutdown initiated...
2026-06-06 16:27:35 [SpringApplicationShutdownHook] INFO  com.zaxxer.hikari.HikariDataSource - HikariPool-1 - Shutdown completed.
2026-06-06 16:27:59 [main] INFO  com.fitness.opp.OppApplication - Starting OppApplication using Java 21.0.10 with PID 8980 (C:\Users\Dunduc George\Desktop\fitness\opp\target\classes started by Dunduc George in C:\Users\Dunduc George\Desktop\fitness)
2026-06-06 16:27:59 [main] DEBUG com.fitness.opp.OppApplication - Running with Spring Boot v3.4.1, Spring v6.2.1
2026-06-06 16:27:59 [main] INFO  com.fitness.opp.OppApplication - The following 1 profile is active: "dev"
2026-06-06 16:28:00 [main] INFO  o.s.d.r.c.RepositoryConfigurationDelegate - Bootstrapping Spring Data JPA repositories in DEFAULT mode.
2026-06-06 16:28:00 [main] INFO  o.s.d.r.c.RepositoryConfigurationDelegate - Finished Spring Data repository scanning in 77 ms. Found 6 JPA repository interfaces.
2026-06-06 16:28:01 [main] INFO  o.s.b.w.e.tomcat.TomcatWebServer - Tomcat initialized with port 8080 (http)
2026-06-06 16:28:01 [main] INFO  o.a.catalina.core.StandardService - Starting service [Tomcat]
2026-06-06 16:28:01 [main] INFO  o.a.catalina.core.StandardEngine - Starting Servlet engine: [Apache Tomcat/10.1.34]
2026-06-06 16:28:01 [main] INFO  o.a.c.c.C.[Tomcat].[localhost].[/] - Initializing Spring embedded WebApplicationContext
2026-06-06 16:28:01 [main] INFO  o.s.b.w.s.c.ServletWebServerApplicationContext - Root WebApplicationContext: initialization completed in 1614 ms
2026-06-06 16:28:01 [main] INFO  o.h.jpa.internal.util.LogHelper - HHH000204: Processing PersistenceUnitInfo [name: default]
2026-06-06 16:28:01 [main] INFO  org.hibernate.Version - HHH000412: Hibernate ORM core version 6.6.4.Final
2026-06-06 16:28:01 [main] INFO  o.h.c.i.RegionFactoryInitiator - HHH000026: Second-level cache disabled
2026-06-06 16:28:02 [main] INFO  o.s.o.j.p.SpringPersistenceUnitInfo - No LoadTimeWeaver setup: ignoring JPA class transformer
2026-06-06 16:28:02 [main] INFO  com.zaxxer.hikari.HikariDataSource - HikariPool-1 - Starting...
2026-06-06 16:28:02 [main] INFO  com.zaxxer.hikari.pool.HikariPool - HikariPool-1 - Added connection oracle.jdbc.driver.T4CConnection@31e7afde
2026-06-06 16:28:02 [main] INFO  com.zaxxer.hikari.HikariDataSource - HikariPool-1 - Start completed.
2026-06-06 16:28:02 [main] WARN  org.hibernate.orm.deprecation - HHH90000025: OracleDialect does not need to be specified explicitly using 'hibernate.dialect' (remove the property setting and it will be selected by default)
2026-06-06 16:28:02 [main] INFO  o.hibernate.orm.connections.pooling - HHH10001005: Database info:
	Database JDBC URL [Connecting through datasource 'HikariDataSource (HikariPool-1)']
	Database driver: undefined/unknown
	Database version: 21.3
	Autocommit mode: undefined/unknown
	Isolation level: undefined/unknown
	Minimum pool size: undefined/unknown
	Maximum pool size: undefined/unknown
2026-06-06 16:28:04 [main] INFO  o.h.e.t.j.p.i.JtaPlatformInitiator - HHH000489: No JTA platform available (set 'hibernate.transaction.jta.platform' to enable JTA platform integration)
2026-06-06 16:28:04 [main] INFO  o.s.o.j.LocalContainerEntityManagerFactoryBean - Initialized JPA EntityManagerFactory for persistence unit 'default'
2026-06-06 16:28:05 [main] WARN  o.s.b.a.o.j.JpaBaseConfiguration$JpaWebConfiguration - spring.jpa.open-in-view is enabled by default. Therefore, database queries may be performed during view rendering. Explicitly configure spring.jpa.open-in-view to disable this warning
2026-06-06 16:28:05 [main] INFO  o.s.s.c.a.a.c.InitializeAuthenticationProviderBeanManagerConfigurer$InitializeAuthenticationProviderManagerConfigurer - Global AuthenticationManager configured with AuthenticationProvider bean with name authenticationProvider
2026-06-06 16:28:05 [main] WARN  o.s.s.c.a.a.c.InitializeUserDetailsBeanManagerConfigurer$InitializeUserDetailsManagerConfigurer - Global AuthenticationManager configured with an AuthenticationProvider bean. UserDetailsService beans will not be used by Spring Security for automatically configuring username/password login. Consider removing the AuthenticationProvider bean. Alternatively, consider using the UserDetailsService in a manually instantiated DaoAuthenticationProvider. If the current configuration is intentional, to turn off this warning, increase the logging level of 'org.springframework.security.config.annotation.authentication.configuration.InitializeUserDetailsBeanManagerConfigurer' to ERROR
2026-06-06 16:28:05 [main] INFO  o.s.b.w.e.tomcat.TomcatWebServer - Tomcat started on port 8080 (http) with context path '/'
2026-06-06 16:28:05 [main] INFO  com.fitness.opp.OppApplication - Started OppApplication in 6.638 seconds (process running for 7.12)
2026-06-06 16:28:05 [main] DEBUG org.hibernate.SQL - 
    select
        u1_0.id,
        u1_0.coach_id,
        u1_0.email,
        u1_0.nutrition_plan_id,
        u1_0.password,
        u1_0.role,
        u1_0.username,
        u1_0.workout_group_id 
    from
        users u1_0 
    where
        u1_0.username=?
2026-06-06 16:28:06 [main] DEBUG org.hibernate.SQL - 
    select
        up1_0.id,
        up1_0.age,
        up1_0.fitness_goal,
        up1_0.user_id,
        up1_0.weight_kg 
    from
        user_profiles up1_0 
    where
        up1_0.user_id=?
2026-06-06 16:28:06 [main] DEBUG org.hibernate.SQL - 
    select
        u1_0.id,
        c1_0.id,
        c1_0.name,
        c1_0.specialization,
        u1_0.email,
        np1_0.id,
        np1_0.calories,
        np1_0.description,
        np1_0.name,
        u1_0.password,
        p1_0.id,
        p1_0.age,
        p1_0.fitness_goal,
        p1_0.user_id,
        p1_0.weight_kg,
        u1_0.role,
        u1_0.username,
        wg1_0.id,
        wg1_0.category,
        wg1_0.description,
        wg1_0.name 
    from
        users u1_0 
    left join
        coaches c1_0 
            on c1_0.id=u1_0.coach_id 
    left join
        nutrition_plans np1_0 
            on np1_0.id=u1_0.nutrition_plan_id 
    left join
        user_profiles p1_0 
            on u1_0.id=p1_0.user_id 
    left join
        workout_groups wg1_0 
            on wg1_0.id=u1_0.workout_group_id 
    where
        u1_0.id=?
2026-06-06 16:28:06 [main] DEBUG org.hibernate.SQL - 
    delete 
    from
        users 
    where
        id=?
2026-06-06 16:28:06 [main] DEBUG org.hibernate.SQL - 
    insert 
    into
        users
        (coach_id, email, nutrition_plan_id, password, role, username, workout_group_id, id) 
    values
        (?, ?, ?, ?, ?, ?, ?, default)
2026-06-06 16:41:03 [SpringApplicationShutdownHook] INFO  o.s.b.w.e.tomcat.GracefulShutdown - Commencing graceful shutdown. Waiting for active requests to complete
2026-06-06 16:41:03 [tomcat-shutdown] INFO  o.s.b.w.e.tomcat.GracefulShutdown - Graceful shutdown complete
2026-06-06 16:41:03 [SpringApplicationShutdownHook] INFO  o.s.o.j.LocalContainerEntityManagerFactoryBean - Closing JPA EntityManagerFactory for persistence unit 'default'
2026-06-06 16:41:03 [SpringApplicationShutdownHook] INFO  com.zaxxer.hikari.HikariDataSource - HikariPool-1 - Shutdown initiated...
2026-06-06 16:41:03 [SpringApplicationShutdownHook] INFO  com.zaxxer.hikari.HikariDataSource - HikariPool-1 - Shutdown completed.
2026-06-06 16:41:58 [main] INFO  com.fitness.opp.OppApplication - Starting OppApplication using Java 21.0.10 with PID 12028 (C:\Users\Dunduc George\Desktop\fitness\opp\target\classes started by Dunduc George in C:\Users\Dunduc George\Desktop\fitness)
2026-06-06 16:41:58 [main] DEBUG com.fitness.opp.OppApplication - Running with Spring Boot v3.4.1, Spring v6.2.1
2026-06-06 16:41:58 [main] INFO  com.fitness.opp.OppApplication - The following 1 profile is active: "dev"
2026-06-06 16:41:58 [main] INFO  o.s.d.r.c.RepositoryConfigurationDelegate - Bootstrapping Spring Data JPA repositories in DEFAULT mode.
2026-06-06 16:41:59 [main] INFO  o.s.d.r.c.RepositoryConfigurationDelegate - Finished Spring Data repository scanning in 76 ms. Found 6 JPA repository interfaces.
2026-06-06 16:41:59 [main] INFO  o.s.b.w.e.tomcat.TomcatWebServer - Tomcat initialized with port 8080 (http)
2026-06-06 16:41:59 [main] INFO  o.a.catalina.core.StandardService - Starting service [Tomcat]
2026-06-06 16:41:59 [main] INFO  o.a.catalina.core.StandardEngine - Starting Servlet engine: [Apache Tomcat/10.1.34]
2026-06-06 16:41:59 [main] INFO  o.a.c.c.C.[Tomcat].[localhost].[/] - Initializing Spring embedded WebApplicationContext
2026-06-06 16:41:59 [main] INFO  o.s.b.w.s.c.ServletWebServerApplicationContext - Root WebApplicationContext: initialization completed in 1542 ms
2026-06-06 16:42:00 [main] INFO  o.h.jpa.internal.util.LogHelper - HHH000204: Processing PersistenceUnitInfo [name: default]
2026-06-06 16:42:00 [main] INFO  org.hibernate.Version - HHH000412: Hibernate ORM core version 6.6.4.Final
2026-06-06 16:42:00 [main] INFO  o.h.c.i.RegionFactoryInitiator - HHH000026: Second-level cache disabled
2026-06-06 16:42:00 [main] INFO  o.s.o.j.p.SpringPersistenceUnitInfo - No LoadTimeWeaver setup: ignoring JPA class transformer
2026-06-06 16:42:00 [main] INFO  com.zaxxer.hikari.HikariDataSource - HikariPool-1 - Starting...
2026-06-06 16:42:01 [main] INFO  com.zaxxer.hikari.pool.HikariPool - HikariPool-1 - Added connection oracle.jdbc.driver.T4CConnection@177ddd24
2026-06-06 16:42:01 [main] INFO  com.zaxxer.hikari.HikariDataSource - HikariPool-1 - Start completed.
2026-06-06 16:42:01 [main] WARN  org.hibernate.orm.deprecation - HHH90000025: OracleDialect does not need to be specified explicitly using 'hibernate.dialect' (remove the property setting and it will be selected by default)
2026-06-06 16:42:01 [main] INFO  o.hibernate.orm.connections.pooling - HHH10001005: Database info:
	Database JDBC URL [Connecting through datasource 'HikariDataSource (HikariPool-1)']
	Database driver: undefined/unknown
	Database version: 21.3
	Autocommit mode: undefined/unknown
	Isolation level: undefined/unknown
	Minimum pool size: undefined/unknown
	Maximum pool size: undefined/unknown
2026-06-06 16:42:02 [main] INFO  o.h.e.t.j.p.i.JtaPlatformInitiator - HHH000489: No JTA platform available (set 'hibernate.transaction.jta.platform' to enable JTA platform integration)
2026-06-06 16:42:03 [main] INFO  o.s.o.j.LocalContainerEntityManagerFactoryBean - Initialized JPA EntityManagerFactory for persistence unit 'default'
2026-06-06 16:42:03 [main] WARN  o.s.b.a.o.j.JpaBaseConfiguration$JpaWebConfiguration - spring.jpa.open-in-view is enabled by default. Therefore, database queries may be performed during view rendering. Explicitly configure spring.jpa.open-in-view to disable this warning
2026-06-06 16:42:03 [main] INFO  o.s.s.c.a.a.c.InitializeAuthenticationProviderBeanManagerConfigurer$InitializeAuthenticationProviderManagerConfigurer - Global AuthenticationManager configured with AuthenticationProvider bean with name authenticationProvider
2026-06-06 16:42:03 [main] WARN  o.s.s.c.a.a.c.InitializeUserDetailsBeanManagerConfigurer$InitializeUserDetailsManagerConfigurer - Global AuthenticationManager configured with an AuthenticationProvider bean. UserDetailsService beans will not be used by Spring Security for automatically configuring username/password login. Consider removing the AuthenticationProvider bean. Alternatively, consider using the UserDetailsService in a manually instantiated DaoAuthenticationProvider. If the current configuration is intentional, to turn off this warning, increase the logging level of 'org.springframework.security.config.annotation.authentication.configuration.InitializeUserDetailsBeanManagerConfigurer' to ERROR
2026-06-06 16:42:04 [main] INFO  o.s.b.w.e.tomcat.TomcatWebServer - Tomcat started on port 8080 (http) with context path '/'
2026-06-06 16:42:04 [main] INFO  com.fitness.opp.OppApplication - Started OppApplication in 6.851 seconds (process running for 7.324)
2026-06-06 16:42:04 [main] DEBUG org.hibernate.SQL - 
    select
        u1_0.id,
        u1_0.coach_id,
        u1_0.email,
        u1_0.nutrition_plan_id,
        u1_0.password,
        u1_0.role,
        u1_0.username,
        u1_0.workout_group_id 
    from
        users u1_0 
    where
        u1_0.username=?
2026-06-06 16:42:04 [main] DEBUG org.hibernate.SQL - 
    select
        up1_0.id,
        up1_0.age,
        up1_0.fitness_goal,
        up1_0.user_id,
        up1_0.weight_kg 
    from
        user_profiles up1_0 
    where
        up1_0.user_id=?
2026-06-06 16:42:04 [main] DEBUG org.hibernate.SQL - 
    select
        u1_0.id,
        c1_0.id,
        c1_0.name,
        c1_0.specialization,
        u1_0.email,
        np1_0.id,
        np1_0.calories,
        np1_0.description,
        np1_0.name,
        u1_0.password,
        p1_0.id,
        p1_0.age,
        p1_0.fitness_goal,
        p1_0.user_id,
        p1_0.weight_kg,
        u1_0.role,
        u1_0.username,
        wg1_0.id,
        wg1_0.category,
        wg1_0.description,
        wg1_0.name 
    from
        users u1_0 
    left join
        coaches c1_0 
            on c1_0.id=u1_0.coach_id 
    left join
        nutrition_plans np1_0 
            on np1_0.id=u1_0.nutrition_plan_id 
    left join
        user_profiles p1_0 
            on u1_0.id=p1_0.user_id 
    left join
        workout_groups wg1_0 
            on wg1_0.id=u1_0.workout_group_id 
    where
        u1_0.id=?
2026-06-06 16:42:04 [main] DEBUG org.hibernate.SQL - 
    delete 
    from
        users 
    where
        id=?
2026-06-06 16:42:04 [main] DEBUG org.hibernate.SQL - 
    insert 
    into
        users
        (coach_id, email, nutrition_plan_id, password, role, username, workout_group_id, id) 
    values
        (?, ?, ?, ?, ?, ?, ?, default)
2026-06-06 16:42:20 [http-nio-8080-exec-1] INFO  o.a.c.c.C.[Tomcat].[localhost].[/] - Initializing Spring DispatcherServlet 'dispatcherServlet'
2026-06-06 16:42:20 [http-nio-8080-exec-1] INFO  o.s.web.servlet.DispatcherServlet - Initializing Servlet 'dispatcherServlet'
2026-06-06 16:42:20 [http-nio-8080-exec-1] INFO  o.s.web.servlet.DispatcherServlet - Completed initialization in 2 ms
2026-06-06 16:42:25 [http-nio-8080-exec-4] DEBUG org.hibernate.SQL - 
    select
        u1_0.id,
        u1_0.coach_id,
        u1_0.email,
        u1_0.nutrition_plan_id,
        u1_0.password,
        u1_0.role,
        u1_0.username,
        u1_0.workout_group_id 
    from
        users u1_0
2026-06-06 16:42:25 [http-nio-8080-exec-4] DEBUG org.hibernate.SQL - 
    select
        c1_0.id,
        c1_0.name,
        c1_0.specialization 
    from
        coaches c1_0 
    where
        c1_0.id=?
2026-06-06 16:42:25 [http-nio-8080-exec-4] DEBUG org.hibernate.SQL - 
    select
        up1_0.id,
        up1_0.age,
        up1_0.fitness_goal,
        up1_0.user_id,
        up1_0.weight_kg 
    from
        user_profiles up1_0 
    where
        up1_0.user_id=?
2026-06-06 16:42:25 [http-nio-8080-exec-4] DEBUG org.hibernate.SQL - 
    select
        up1_0.id,
        up1_0.age,
        up1_0.fitness_goal,
        up1_0.user_id,
        up1_0.weight_kg 
    from
        user_profiles up1_0 
    where
        up1_0.user_id=?
2026-06-06 16:42:25 [http-nio-8080-exec-4] DEBUG org.hibernate.SQL - 
    select
        up1_0.id,
        up1_0.age,
        up1_0.fitness_goal,
        up1_0.user_id,
        up1_0.weight_kg 
    from
        user_profiles up1_0 
    where
        up1_0.user_id=?
2026-06-06 16:42:25 [http-nio-8080-exec-4] DEBUG org.hibernate.SQL - 
    select
        up1_0.id,
        up1_0.age,
        up1_0.fitness_goal,
        up1_0.user_id,
        up1_0.weight_kg 
    from
        user_profiles up1_0 
    where
        up1_0.user_id=?
2026-06-06 16:42:25 [http-nio-8080-exec-4] DEBUG org.hibernate.SQL - 
    select
        up1_0.id,
        up1_0.age,
        up1_0.fitness_goal,
        up1_0.user_id,
        up1_0.weight_kg 
    from
        user_profiles up1_0 
    where
        up1_0.user_id=?
2026-06-06 16:42:25 [http-nio-8080-exec-4] DEBUG org.hibernate.SQL - 
    select
        up1_0.id,
        up1_0.age,
        up1_0.fitness_goal,
        up1_0.user_id,
        up1_0.weight_kg 
    from
        user_profiles up1_0 
    where
        up1_0.user_id=?
2026-06-06 16:42:25 [http-nio-8080-exec-4] DEBUG org.hibernate.SQL - 
    select
        c1_0.id,
        c1_0.name,
        c1_0.specialization 
    from
        coaches c1_0 
    where
        c1_0.id=?
2026-06-06 16:42:25 [http-nio-8080-exec-4] DEBUG org.hibernate.SQL - 
    select
        up1_0.id,
        up1_0.age,
        up1_0.fitness_goal,
        up1_0.user_id,
        up1_0.weight_kg 
    from
        user_profiles up1_0 
    where
        up1_0.user_id=?
2026-06-06 16:42:25 [http-nio-8080-exec-4] DEBUG org.hibernate.SQL - 
    select
        up1_0.id,
        up1_0.age,
        up1_0.fitness_goal,
        up1_0.user_id,
        up1_0.weight_kg 
    from
        user_profiles up1_0 
    where
        up1_0.user_id=?
2026-06-06 16:42:25 [http-nio-8080-exec-4] DEBUG org.hibernate.SQL - 
    select
        c1_0.id,
        c1_0.name,
        c1_0.specialization 
    from
        coaches c1_0 
    where
        c1_0.id=?
2026-06-06 16:42:25 [http-nio-8080-exec-4] DEBUG org.hibernate.SQL - 
    select
        up1_0.id,
        up1_0.age,
        up1_0.fitness_goal,
        up1_0.user_id,
        up1_0.weight_kg 
    from
        user_profiles up1_0 
    where
        up1_0.user_id=?
2026-06-06 16:42:25 [http-nio-8080-exec-4] DEBUG org.hibernate.SQL - 
    select
        up1_0.id,
        up1_0.age,
        up1_0.fitness_goal,
        up1_0.user_id,
        up1_0.weight_kg 
    from
        user_profiles up1_0 
    where
        up1_0.user_id=?
2026-06-06 16:42:25 [http-nio-8080-exec-4] DEBUG org.hibernate.SQL - 
    select
        up1_0.id,
        up1_0.age,
        up1_0.fitness_goal,
        up1_0.user_id,
        up1_0.weight_kg 
    from
        user_profiles up1_0 
    where
        up1_0.user_id=?
2026-06-06 16:42:25 [http-nio-8080-exec-4] DEBUG org.hibernate.SQL - 
    select
        up1_0.id,
        up1_0.age,
        up1_0.fitness_goal,
        up1_0.user_id,
        up1_0.weight_kg 
    from
        user_profiles up1_0 
    where
        up1_0.user_id=?
2026-06-06 16:42:25 [http-nio-8080-exec-4] DEBUG org.hibernate.SQL - 
    select
        c1_0.id,
        c1_0.name,
        c1_0.specialization 
    from
        coaches c1_0 
    where
        c1_0.id=?
2026-06-06 16:42:25 [http-nio-8080-exec-4] DEBUG org.hibernate.SQL - 
    select
        up1_0.id,
        up1_0.age,
        up1_0.fitness_goal,
        up1_0.user_id,
        up1_0.weight_kg 
    from
        user_profiles up1_0 
    where
        up1_0.user_id=?
2026-06-06 16:42:25 [http-nio-8080-exec-5] DEBUG org.hibernate.SQL - 
    select
        u1_0.id,
        u1_0.coach_id,
        u1_0.email,
        u1_0.nutrition_plan_id,
        u1_0.password,
        u1_0.role,
        u1_0.username,
        u1_0.workout_group_id 
    from
        users u1_0 
    order by
        u1_0.username 
    offset
        ? rows 
    fetch
        first ? rows only
2026-06-06 16:42:25 [http-nio-8080-exec-5] DEBUG org.hibernate.SQL - 
    select
        c1_0.id,
        c1_0.name,
        c1_0.specialization 
    from
        coaches c1_0 
    where
        c1_0.id=?
2026-06-06 16:42:25 [http-nio-8080-exec-5] DEBUG org.hibernate.SQL - 
    select
        up1_0.id,
        up1_0.age,
        up1_0.fitness_goal,
        up1_0.user_id,
        up1_0.weight_kg 
    from
        user_profiles up1_0 
    where
        up1_0.user_id=?
2026-06-06 16:42:25 [http-nio-8080-exec-5] DEBUG org.hibernate.SQL - 
    select
        up1_0.id,
        up1_0.age,
        up1_0.fitness_goal,
        up1_0.user_id,
        up1_0.weight_kg 
    from
        user_profiles up1_0 
    where
        up1_0.user_id=?
2026-06-06 16:42:25 [http-nio-8080-exec-5] DEBUG org.hibernate.SQL - 
    select
        c1_0.id,
        c1_0.name,
        c1_0.specialization 
    from
        coaches c1_0 
    where
        c1_0.id=?
2026-06-06 16:42:25 [http-nio-8080-exec-5] DEBUG org.hibernate.SQL - 
    select
        up1_0.id,
        up1_0.age,
        up1_0.fitness_goal,
        up1_0.user_id,
        up1_0.weight_kg 
    from
        user_profiles up1_0 
    where
        up1_0.user_id=?
2026-06-06 16:42:25 [http-nio-8080-exec-5] DEBUG org.hibernate.SQL - 
    select
        c1_0.id,
        c1_0.name,
        c1_0.specialization 
    from
        coaches c1_0 
    where
        c1_0.id=?
2026-06-06 16:42:25 [http-nio-8080-exec-5] DEBUG org.hibernate.SQL - 
    select
        up1_0.id,
        up1_0.age,
        up1_0.fitness_goal,
        up1_0.user_id,
        up1_0.weight_kg 
    from
        user_profiles up1_0 
    where
        up1_0.user_id=?
2026-06-06 16:42:25 [http-nio-8080-exec-5] DEBUG org.hibernate.SQL - 
    select
        up1_0.id,
        up1_0.age,
        up1_0.fitness_goal,
        up1_0.user_id,
        up1_0.weight_kg 
    from
        user_profiles up1_0 
    where
        up1_0.user_id=?
2026-06-06 16:42:25 [http-nio-8080-exec-5] DEBUG org.hibernate.SQL - 
    select
        count(u1_0.id) 
    from
        users u1_0
2026-06-06 16:42:25 [http-nio-8080-exec-5] DEBUG org.hibernate.SQL - 
    select
        c1_0.id,
        c1_0.name,
        c1_0.specialization 
    from
        coaches c1_0
2026-06-06 16:42:27 [http-nio-8080-exec-7] DEBUG org.hibernate.SQL - 
    select
        up1_0.id,
        up1_0.age,
        up1_0.fitness_goal,
        up1_0.user_id,
        up1_0.weight_kg 
    from
        user_profiles up1_0 
    order by
        up1_0.id 
    offset
        ? rows 
    fetch
        first ? rows only
2026-06-06 16:42:27 [http-nio-8080-exec-7] DEBUG org.hibernate.SQL - 
    select
        u1_0.id,
        c1_0.id,
        c1_0.name,
        c1_0.specialization,
        u1_0.email,
        np1_0.id,
        np1_0.calories,
        np1_0.description,
        np1_0.name,
        u1_0.password,
        p1_0.id,
        p1_0.age,
        p1_0.fitness_goal,
        p1_0.user_id,
        p1_0.weight_kg,
        u1_0.role,
        u1_0.username,
        wg1_0.id,
        wg1_0.category,
        wg1_0.description,
        wg1_0.name 
    from
        users u1_0 
    left join
        coaches c1_0 
            on c1_0.id=u1_0.coach_id 
    left join
        nutrition_plans np1_0 
            on np1_0.id=u1_0.nutrition_plan_id 
    left join
        user_profiles p1_0 
            on u1_0.id=p1_0.user_id 
    left join
        workout_groups wg1_0 
            on wg1_0.id=u1_0.workout_group_id 
    where
        u1_0.id=?
2026-06-06 16:42:28 [http-nio-8080-exec-9] DEBUG org.hibernate.SQL - 
    select
        c1_0.id,
        c1_0.name,
        c1_0.specialization 
    from
        coaches c1_0 
    order by
        c1_0.name 
    offset
        ? rows 
    fetch
        first ? rows only
2026-06-06 16:42:28 [http-nio-8080-exec-9] DEBUG org.hibernate.SQL - 
    select
        count(c1_0.id) 
    from
        coaches c1_0
2026-06-06 16:42:28 [http-nio-8080-exec-10] DEBUG org.hibernate.SQL - 
    select
        wg1_0.id,
        wg1_0.category,
        wg1_0.description,
        wg1_0.name 
    from
        workout_groups wg1_0 
    order by
        wg1_0.name 
    offset
        ? rows 
    fetch
        first ? rows only
2026-06-06 16:42:28 [http-nio-8080-exec-1] DEBUG org.hibernate.SQL - 
    select
        e1_0.id,
        e1_0.description,
        e1_0.duration,
        e1_0.muscle_group,
        e1_0.name,
        e1_0.reps,
        e1_0.sets 
    from
        exercises e1_0
2026-06-06 16:42:29 [http-nio-8080-exec-2] DEBUG org.hibernate.SQL - 
    select
        np1_0.id,
        np1_0.calories,
        np1_0.description,
        np1_0.name 
    from
        nutrition_plans np1_0 
    order by
        np1_0.name 
    offset
        ? rows 
    fetch
        first ? rows only
2026-06-06 16:42:29 [http-nio-8080-exec-3] DEBUG org.hibernate.SQL - 
    select
        u1_0.id,
        u1_0.coach_id,
        u1_0.email,
        u1_0.nutrition_plan_id,
        u1_0.password,
        u1_0.role,
        u1_0.username,
        u1_0.workout_group_id 
    from
        users u1_0 
    order by
        u1_0.username 
    offset
        ? rows 
    fetch
        first ? rows only
2026-06-06 16:42:29 [http-nio-8080-exec-3] DEBUG org.hibernate.SQL - 
    select
        c1_0.id,
        c1_0.name,
        c1_0.specialization 
    from
        coaches c1_0 
    where
        c1_0.id=?
2026-06-06 16:42:29 [http-nio-8080-exec-3] DEBUG org.hibernate.SQL - 
    select
        up1_0.id,
        up1_0.age,
        up1_0.fitness_goal,
        up1_0.user_id,
        up1_0.weight_kg 
    from
        user_profiles up1_0 
    where
        up1_0.user_id=?
2026-06-06 16:42:29 [http-nio-8080-exec-3] DEBUG org.hibernate.SQL - 
    select
        up1_0.id,
        up1_0.age,
        up1_0.fitness_goal,
        up1_0.user_id,
        up1_0.weight_kg 
    from
        user_profiles up1_0 
    where
        up1_0.user_id=?
2026-06-06 16:42:29 [http-nio-8080-exec-3] DEBUG org.hibernate.SQL - 
    select
        c1_0.id,
        c1_0.name,
        c1_0.specialization 
    from
        coaches c1_0 
    where
        c1_0.id=?
2026-06-06 16:42:29 [http-nio-8080-exec-3] DEBUG org.hibernate.SQL - 
    select
        up1_0.id,
        up1_0.age,
        up1_0.fitness_goal,
        up1_0.user_id,
        up1_0.weight_kg 
    from
        user_profiles up1_0 
    where
        up1_0.user_id=?
2026-06-06 16:42:29 [http-nio-8080-exec-3] DEBUG org.hibernate.SQL - 
    select
        c1_0.id,
        c1_0.name,
        c1_0.specialization 
    from
        coaches c1_0 
    where
        c1_0.id=?
2026-06-06 16:42:29 [http-nio-8080-exec-3] DEBUG org.hibernate.SQL - 
    select
        up1_0.id,
        up1_0.age,
        up1_0.fitness_goal,
        up1_0.user_id,
        up1_0.weight_kg 
    from
        user_profiles up1_0 
    where
        up1_0.user_id=?
2026-06-06 16:42:29 [http-nio-8080-exec-3] DEBUG org.hibernate.SQL - 
    select
        up1_0.id,
        up1_0.age,
        up1_0.fitness_goal,
        up1_0.user_id,
        up1_0.weight_kg 
    from
        user_profiles up1_0 
    where
        up1_0.user_id=?
2026-06-06 16:42:29 [http-nio-8080-exec-3] DEBUG org.hibernate.SQL - 
    select
        count(u1_0.id) 
    from
        users u1_0
2026-06-06 16:42:29 [http-nio-8080-exec-3] DEBUG org.hibernate.SQL - 
    select
        c1_0.id,
        c1_0.name,
        c1_0.specialization 
    from
        coaches c1_0
2026-06-06 16:51:06 [SpringApplicationShutdownHook] INFO  o.s.b.w.e.tomcat.GracefulShutdown - Commencing graceful shutdown. Waiting for active requests to complete
2026-06-06 16:51:06 [tomcat-shutdown] INFO  o.s.b.w.e.tomcat.GracefulShutdown - Graceful shutdown complete
2026-06-06 16:51:06 [SpringApplicationShutdownHook] INFO  o.s.o.j.LocalContainerEntityManagerFactoryBean - Closing JPA EntityManagerFactory for persistence unit 'default'
2026-06-06 16:51:06 [SpringApplicationShutdownHook] INFO  com.zaxxer.hikari.HikariDataSource - HikariPool-1 - Shutdown initiated...
2026-06-06 16:51:06 [SpringApplicationShutdownHook] INFO  com.zaxxer.hikari.HikariDataSource - HikariPool-1 - Shutdown completed.
2026-06-06 16:51:09 [main] INFO  com.fitness.opp.OppApplication - Starting OppApplication using Java 21.0.10 with PID 5792 (C:\Users\Dunduc George\Desktop\fitness\opp\target\classes started by Dunduc George in C:\Users\Dunduc George\Desktop\fitness)
2026-06-06 16:51:09 [main] DEBUG com.fitness.opp.OppApplication - Running with Spring Boot v3.4.1, Spring v6.2.1
2026-06-06 16:51:09 [main] INFO  com.fitness.opp.OppApplication - The following 1 profile is active: "dev"
2026-06-06 16:51:10 [main] INFO  o.s.d.r.c.RepositoryConfigurationDelegate - Bootstrapping Spring Data JPA repositories in DEFAULT mode.
2026-06-06 16:51:10 [main] INFO  o.s.d.r.c.RepositoryConfigurationDelegate - Finished Spring Data repository scanning in 81 ms. Found 6 JPA repository interfaces.
2026-06-06 16:51:11 [main] INFO  o.s.b.w.e.tomcat.TomcatWebServer - Tomcat initialized with port 8080 (http)
2026-06-06 16:51:11 [main] INFO  o.a.catalina.core.StandardService - Starting service [Tomcat]
2026-06-06 16:51:11 [main] INFO  o.a.catalina.core.StandardEngine - Starting Servlet engine: [Apache Tomcat/10.1.34]
2026-06-06 16:51:11 [main] INFO  o.a.c.c.C.[Tomcat].[localhost].[/] - Initializing Spring embedded WebApplicationContext
2026-06-06 16:51:11 [main] INFO  o.s.b.w.s.c.ServletWebServerApplicationContext - Root WebApplicationContext: initialization completed in 1738 ms
2026-06-06 16:51:11 [main] INFO  o.h.jpa.internal.util.LogHelper - HHH000204: Processing PersistenceUnitInfo [name: default]
2026-06-06 16:51:11 [main] INFO  org.hibernate.Version - HHH000412: Hibernate ORM core version 6.6.4.Final
2026-06-06 16:51:11 [main] INFO  o.h.c.i.RegionFactoryInitiator - HHH000026: Second-level cache disabled
2026-06-06 16:51:12 [main] INFO  o.s.o.j.p.SpringPersistenceUnitInfo - No LoadTimeWeaver setup: ignoring JPA class transformer
2026-06-06 16:51:12 [main] INFO  com.zaxxer.hikari.HikariDataSource - HikariPool-1 - Starting...
2026-06-06 16:51:12 [main] INFO  com.zaxxer.hikari.pool.HikariPool - HikariPool-1 - Added connection oracle.jdbc.driver.T4CConnection@52856ff9
2026-06-06 16:51:12 [main] INFO  com.zaxxer.hikari.HikariDataSource - HikariPool-1 - Start completed.
2026-06-06 16:51:12 [main] WARN  org.hibernate.orm.deprecation - HHH90000025: OracleDialect does not need to be specified explicitly using 'hibernate.dialect' (remove the property setting and it will be selected by default)
2026-06-06 16:51:12 [main] INFO  o.hibernate.orm.connections.pooling - HHH10001005: Database info:
	Database JDBC URL [Connecting through datasource 'HikariDataSource (HikariPool-1)']
	Database driver: undefined/unknown
	Database version: 21.3
	Autocommit mode: undefined/unknown
	Isolation level: undefined/unknown
	Minimum pool size: undefined/unknown
	Maximum pool size: undefined/unknown
2026-06-06 16:51:14 [main] INFO  o.h.e.t.j.p.i.JtaPlatformInitiator - HHH000489: No JTA platform available (set 'hibernate.transaction.jta.platform' to enable JTA platform integration)
2026-06-06 16:51:14 [main] INFO  o.s.o.j.LocalContainerEntityManagerFactoryBean - Initialized JPA EntityManagerFactory for persistence unit 'default'
2026-06-06 16:51:15 [main] WARN  o.s.b.a.o.j.JpaBaseConfiguration$JpaWebConfiguration - spring.jpa.open-in-view is enabled by default. Therefore, database queries may be performed during view rendering. Explicitly configure spring.jpa.open-in-view to disable this warning
2026-06-06 16:51:15 [main] INFO  o.s.s.c.a.a.c.InitializeAuthenticationProviderBeanManagerConfigurer$InitializeAuthenticationProviderManagerConfigurer - Global AuthenticationManager configured with AuthenticationProvider bean with name authenticationProvider
2026-06-06 16:51:15 [main] WARN  o.s.s.c.a.a.c.InitializeUserDetailsBeanManagerConfigurer$InitializeUserDetailsManagerConfigurer - Global AuthenticationManager configured with an AuthenticationProvider bean. UserDetailsService beans will not be used by Spring Security for automatically configuring username/password login. Consider removing the AuthenticationProvider bean. Alternatively, consider using the UserDetailsService in a manually instantiated DaoAuthenticationProvider. If the current configuration is intentional, to turn off this warning, increase the logging level of 'org.springframework.security.config.annotation.authentication.configuration.InitializeUserDetailsBeanManagerConfigurer' to ERROR
2026-06-06 16:51:15 [main] INFO  o.s.b.w.e.tomcat.TomcatWebServer - Tomcat started on port 8080 (http) with context path '/'
2026-06-06 16:51:15 [main] INFO  com.fitness.opp.OppApplication - Started OppApplication in 7.049 seconds (process running for 7.63)
2026-06-06 16:51:15 [main] DEBUG org.hibernate.SQL - 
    select
        u1_0.id,
        u1_0.coach_id,
        u1_0.email,
        u1_0.nutrition_plan_id,
        u1_0.password,
        u1_0.role,
        u1_0.username,
        u1_0.workout_group_id 
    from
        users u1_0 
    where
        u1_0.username=?
2026-06-06 16:51:16 [main] DEBUG org.hibernate.SQL - 
    select
        up1_0.id,
        up1_0.age,
        up1_0.fitness_goal,
        up1_0.user_id,
        up1_0.weight_kg 
    from
        user_profiles up1_0 
    where
        up1_0.user_id=?
2026-06-06 16:51:16 [main] DEBUG org.hibernate.SQL - 
    select
        u1_0.id,
        c1_0.id,
        c1_0.name,
        c1_0.specialization,
        u1_0.email,
        np1_0.id,
        np1_0.calories,
        np1_0.description,
        np1_0.name,
        u1_0.password,
        p1_0.id,
        p1_0.age,
        p1_0.fitness_goal,
        p1_0.user_id,
        p1_0.weight_kg,
        u1_0.role,
        u1_0.username,
        wg1_0.id,
        wg1_0.category,
        wg1_0.description,
        wg1_0.name 
    from
        users u1_0 
    left join
        coaches c1_0 
            on c1_0.id=u1_0.coach_id 
    left join
        nutrition_plans np1_0 
            on np1_0.id=u1_0.nutrition_plan_id 
    left join
        user_profiles p1_0 
            on u1_0.id=p1_0.user_id 
    left join
        workout_groups wg1_0 
            on wg1_0.id=u1_0.workout_group_id 
    where
        u1_0.id=?
2026-06-06 16:51:16 [main] DEBUG org.hibernate.SQL - 
    delete 
    from
        users 
    where
        id=?
2026-06-06 16:51:16 [main] DEBUG org.hibernate.SQL - 
    insert 
    into
        users
        (coach_id, email, nutrition_plan_id, password, role, username, workout_group_id, id) 
    values
        (?, ?, ?, ?, ?, ?, ?, default)
2026-06-06 16:51:23 [http-nio-8080-exec-1] INFO  o.a.c.c.C.[Tomcat].[localhost].[/] - Initializing Spring DispatcherServlet 'dispatcherServlet'
2026-06-06 16:51:23 [http-nio-8080-exec-1] INFO  o.s.web.servlet.DispatcherServlet - Initializing Servlet 'dispatcherServlet'
2026-06-06 16:51:23 [http-nio-8080-exec-1] INFO  o.s.web.servlet.DispatcherServlet - Completed initialization in 1 ms
2026-06-06 16:51:26 [http-nio-8080-exec-4] DEBUG org.hibernate.SQL - 
    select
        u1_0.id,
        u1_0.coach_id,
        u1_0.email,
        u1_0.nutrition_plan_id,
        u1_0.password,
        u1_0.role,
        u1_0.username,
        u1_0.workout_group_id 
    from
        users u1_0
2026-06-06 16:51:26 [http-nio-8080-exec-4] DEBUG org.hibernate.SQL - 
    select
        c1_0.id,
        c1_0.name,
        c1_0.specialization 
    from
        coaches c1_0 
    where
        c1_0.id=?
2026-06-06 16:51:26 [http-nio-8080-exec-4] DEBUG org.hibernate.SQL - 
    select
        up1_0.id,
        up1_0.age,
        up1_0.fitness_goal,
        up1_0.user_id,
        up1_0.weight_kg 
    from
        user_profiles up1_0 
    where
        up1_0.user_id=?
2026-06-06 16:51:26 [http-nio-8080-exec-4] DEBUG org.hibernate.SQL - 
    select
        up1_0.id,
        up1_0.age,
        up1_0.fitness_goal,
        up1_0.user_id,
        up1_0.weight_kg 
    from
        user_profiles up1_0 
    where
        up1_0.user_id=?
2026-06-06 16:51:26 [http-nio-8080-exec-4] DEBUG org.hibernate.SQL - 
    select
        up1_0.id,
        up1_0.age,
        up1_0.fitness_goal,
        up1_0.user_id,
        up1_0.weight_kg 
    from
        user_profiles up1_0 
    where
        up1_0.user_id=?
2026-06-06 16:51:26 [http-nio-8080-exec-4] DEBUG org.hibernate.SQL - 
    select
        up1_0.id,
        up1_0.age,
        up1_0.fitness_goal,
        up1_0.user_id,
        up1_0.weight_kg 
    from
        user_profiles up1_0 
    where
        up1_0.user_id=?
2026-06-06 16:51:26 [http-nio-8080-exec-4] DEBUG org.hibernate.SQL - 
    select
        up1_0.id,
        up1_0.age,
        up1_0.fitness_goal,
        up1_0.user_id,
        up1_0.weight_kg 
    from
        user_profiles up1_0 
    where
        up1_0.user_id=?
2026-06-06 16:51:26 [http-nio-8080-exec-4] DEBUG org.hibernate.SQL - 
    select
        up1_0.id,
        up1_0.age,
        up1_0.fitness_goal,
        up1_0.user_id,
        up1_0.weight_kg 
    from
        user_profiles up1_0 
    where
        up1_0.user_id=?
2026-06-06 16:51:26 [http-nio-8080-exec-4] DEBUG org.hibernate.SQL - 
    select
        c1_0.id,
        c1_0.name,
        c1_0.specialization 
    from
        coaches c1_0 
    where
        c1_0.id=?
2026-06-06 16:51:26 [http-nio-8080-exec-4] DEBUG org.hibernate.SQL - 
    select
        up1_0.id,
        up1_0.age,
        up1_0.fitness_goal,
        up1_0.user_id,
        up1_0.weight_kg 
    from
        user_profiles up1_0 
    where
        up1_0.user_id=?
2026-06-06 16:51:26 [http-nio-8080-exec-4] DEBUG org.hibernate.SQL - 
    select
        up1_0.id,
        up1_0.age,
        up1_0.fitness_goal,
        up1_0.user_id,
        up1_0.weight_kg 
    from
        user_profiles up1_0 
    where
        up1_0.user_id=?
2026-06-06 16:51:26 [http-nio-8080-exec-4] DEBUG org.hibernate.SQL - 
    select
        up1_0.id,
        up1_0.age,
        up1_0.fitness_goal,
        up1_0.user_id,
        up1_0.weight_kg 
    from
        user_profiles up1_0 
    where
        up1_0.user_id=?
2026-06-06 16:51:26 [http-nio-8080-exec-4] DEBUG org.hibernate.SQL - 
    select
        c1_0.id,
        c1_0.name,
        c1_0.specialization 
    from
        coaches c1_0 
    where
        c1_0.id=?
2026-06-06 16:51:26 [http-nio-8080-exec-4] DEBUG org.hibernate.SQL - 
    select
        up1_0.id,
        up1_0.age,
        up1_0.fitness_goal,
        up1_0.user_id,
        up1_0.weight_kg 
    from
        user_profiles up1_0 
    where
        up1_0.user_id=?
2026-06-06 16:51:26 [http-nio-8080-exec-4] DEBUG org.hibernate.SQL - 
    select
        up1_0.id,
        up1_0.age,
        up1_0.fitness_goal,
        up1_0.user_id,
        up1_0.weight_kg 
    from
        user_profiles up1_0 
    where
        up1_0.user_id=?
2026-06-06 16:51:26 [http-nio-8080-exec-4] DEBUG org.hibernate.SQL - 
    select
        up1_0.id,
        up1_0.age,
        up1_0.fitness_goal,
        up1_0.user_id,
        up1_0.weight_kg 
    from
        user_profiles up1_0 
    where
        up1_0.user_id=?
2026-06-06 16:51:26 [http-nio-8080-exec-4] DEBUG org.hibernate.SQL - 
    select
        c1_0.id,
        c1_0.name,
        c1_0.specialization 
    from
        coaches c1_0 
    where
        c1_0.id=?
2026-06-06 16:51:26 [http-nio-8080-exec-4] DEBUG org.hibernate.SQL - 
    select
        up1_0.id,
        up1_0.age,
        up1_0.fitness_goal,
        up1_0.user_id,
        up1_0.weight_kg 
    from
        user_profiles up1_0 
    where
        up1_0.user_id=?
2026-06-06 16:51:26 [http-nio-8080-exec-5] DEBUG org.hibernate.SQL - 
    select
        u1_0.id,
        u1_0.coach_id,
        u1_0.email,
        u1_0.nutrition_plan_id,
        u1_0.password,
        u1_0.role,
        u1_0.username,
        u1_0.workout_group_id 
    from
        users u1_0 
    order by
        u1_0.username 
    offset
        ? rows 
    fetch
        first ? rows only
2026-06-06 16:51:26 [http-nio-8080-exec-5] DEBUG org.hibernate.SQL - 
    select
        c1_0.id,
        c1_0.name,
        c1_0.specialization 
    from
        coaches c1_0 
    where
        c1_0.id=?
2026-06-06 16:51:26 [http-nio-8080-exec-5] DEBUG org.hibernate.SQL - 
    select
        up1_0.id,
        up1_0.age,
        up1_0.fitness_goal,
        up1_0.user_id,
        up1_0.weight_kg 
    from
        user_profiles up1_0 
    where
        up1_0.user_id=?
2026-06-06 16:51:26 [http-nio-8080-exec-5] DEBUG org.hibernate.SQL - 
    select
        up1_0.id,
        up1_0.age,
        up1_0.fitness_goal,
        up1_0.user_id,
        up1_0.weight_kg 
    from
        user_profiles up1_0 
    where
        up1_0.user_id=?
2026-06-06 16:51:26 [http-nio-8080-exec-5] DEBUG org.hibernate.SQL - 
    select
        c1_0.id,
        c1_0.name,
        c1_0.specialization 
    from
        coaches c1_0 
    where
        c1_0.id=?
2026-06-06 16:51:26 [http-nio-8080-exec-5] DEBUG org.hibernate.SQL - 
    select
        up1_0.id,
        up1_0.age,
        up1_0.fitness_goal,
        up1_0.user_id,
        up1_0.weight_kg 
    from
        user_profiles up1_0 
    where
        up1_0.user_id=?
2026-06-06 16:51:26 [http-nio-8080-exec-5] DEBUG org.hibernate.SQL - 
    select
        c1_0.id,
        c1_0.name,
        c1_0.specialization 
    from
        coaches c1_0 
    where
        c1_0.id=?
2026-06-06 16:51:26 [http-nio-8080-exec-5] DEBUG org.hibernate.SQL - 
    select
        up1_0.id,
        up1_0.age,
        up1_0.fitness_goal,
        up1_0.user_id,
        up1_0.weight_kg 
    from
        user_profiles up1_0 
    where
        up1_0.user_id=?
2026-06-06 16:51:26 [http-nio-8080-exec-5] DEBUG org.hibernate.SQL - 
    select
        up1_0.id,
        up1_0.age,
        up1_0.fitness_goal,
        up1_0.user_id,
        up1_0.weight_kg 
    from
        user_profiles up1_0 
    where
        up1_0.user_id=?
2026-06-06 16:51:26 [http-nio-8080-exec-5] DEBUG org.hibernate.SQL - 
    select
        count(u1_0.id) 
    from
        users u1_0
2026-06-06 16:51:26 [http-nio-8080-exec-5] DEBUG org.hibernate.SQL - 
    select
        c1_0.id,
        c1_0.name,
        c1_0.specialization 
    from
        coaches c1_0
2026-06-06 16:51:27 [http-nio-8080-exec-6] DEBUG org.hibernate.SQL - 
    select
        up1_0.id,
        up1_0.age,
        up1_0.fitness_goal,
        up1_0.user_id,
        up1_0.weight_kg 
    from
        user_profiles up1_0 
    order by
        up1_0.id 
    offset
        ? rows 
    fetch
        first ? rows only
2026-06-06 16:51:27 [http-nio-8080-exec-6] DEBUG org.hibernate.SQL - 
    select
        u1_0.id,
        c1_0.id,
        c1_0.name,
        c1_0.specialization,
        u1_0.email,
        np1_0.id,
        np1_0.calories,
        np1_0.description,
        np1_0.name,
        u1_0.password,
        p1_0.id,
        p1_0.age,
        p1_0.fitness_goal,
        p1_0.user_id,
        p1_0.weight_kg,
        u1_0.role,
        u1_0.username,
        wg1_0.id,
        wg1_0.category,
        wg1_0.description,
        wg1_0.name 
    from
        users u1_0 
    left join
        coaches c1_0 
            on c1_0.id=u1_0.coach_id 
    left join
        nutrition_plans np1_0 
            on np1_0.id=u1_0.nutrition_plan_id 
    left join
        user_profiles p1_0 
            on u1_0.id=p1_0.user_id 
    left join
        workout_groups wg1_0 
            on wg1_0.id=u1_0.workout_group_id 
    where
        u1_0.id=?
2026-06-06 16:51:28 [http-nio-8080-exec-8] DEBUG org.hibernate.SQL - 
    select
        c1_0.id,
        c1_0.name,
        c1_0.specialization 
    from
        coaches c1_0 
    order by
        c1_0.name 
    offset
        ? rows 
    fetch
        first ? rows only
2026-06-06 16:51:28 [http-nio-8080-exec-8] DEBUG org.hibernate.SQL - 
    select
        count(c1_0.id) 
    from
        coaches c1_0
2026-06-06 16:51:28 [http-nio-8080-exec-9] DEBUG org.hibernate.SQL - 
    select
        wg1_0.id,
        wg1_0.category,
        wg1_0.description,
        wg1_0.name 
    from
        workout_groups wg1_0 
    order by
        wg1_0.name 
    offset
        ? rows 
    fetch
        first ? rows only
2026-06-06 16:51:28 [http-nio-8080-exec-10] DEBUG org.hibernate.SQL - 
    select
        e1_0.id,
        e1_0.description,
        e1_0.duration,
        e1_0.muscle_group,
        e1_0.name,
        e1_0.reps,
        e1_0.sets 
    from
        exercises e1_0
2026-06-06 16:51:29 [http-nio-8080-exec-1] DEBUG org.hibernate.SQL - 
    select
        np1_0.id,
        np1_0.calories,
        np1_0.description,
        np1_0.name 
    from
        nutrition_plans np1_0 
    order by
        np1_0.name 
    offset
        ? rows 
    fetch
        first ? rows only
2026-06-06 16:51:45 [SpringApplicationShutdownHook] INFO  o.s.b.w.e.tomcat.GracefulShutdown - Commencing graceful shutdown. Waiting for active requests to complete
2026-06-06 16:51:45 [tomcat-shutdown] INFO  o.s.b.w.e.tomcat.GracefulShutdown - Graceful shutdown complete
2026-06-06 16:51:45 [SpringApplicationShutdownHook] INFO  o.s.o.j.LocalContainerEntityManagerFactoryBean - Closing JPA EntityManagerFactory for persistence unit 'default'
2026-06-06 16:51:45 [SpringApplicationShutdownHook] INFO  com.zaxxer.hikari.HikariDataSource - HikariPool-1 - Shutdown initiated...
2026-06-06 16:51:45 [SpringApplicationShutdownHook] INFO  com.zaxxer.hikari.HikariDataSource - HikariPool-1 - Shutdown completed.
